k,n,npq,a1,a2,a3,a4,a5,a6,a7,a8,a9plus
22.4000,4,67,29,10,2,7,1,1,1,1,15
23.0000,4,72,32,7,8,4,4,3,2,3,9
23.9000,4,73,30,12,7,5,3,3,3,1,9
22.4000,5,78,30,10,9,2,6,4,1,1,15
23.0000,5,93,33,18,7,11,6,3,2,2,11
23.9000,5,92,44,8,10,4,5,4,2,1,14
22.4000,6,111,52,15,9,7,4,4,3,0,17
23.0000,6,101,33,30,5,3,1,5,1,2,21
23.9000,6,116,39,23,11,13,10,2,2,2,14
22.4000,7,146,66,23,10,16,6,2,4,4,15
23.0000,7,142,66,14,18,10,10,4,4,0,16
23.9000,7,139,51,28,14,9,6,5,4,4,18
22.4000,8,129,48,21,9,10,8,7,2,3,21
23.0000,8,150,59,24,19,3,9,7,2,6,21
23.9000,8,163,66,32,17,8,13,4,3,3,17
22.4000,9,168,71,29,10,11,4,7,3,2,31
23.0000,9,175,69,31,18,7,8,6,6,4,26
23.9000,9,196,87,29,22,8,12,8,4,3,23
22.4000,10,188,76,23,22,12,10,7,5,6,27
23.0000,10,202,90,29,24,11,4,5,3,2,34
23.9000,10,198,86,31,17,14,5,7,4,4,30
22.4000,11,212,91,37,18,13,9,8,5,3,28
23.0000,11,218,90,44,17,14,6,5,8,2,32
23.9000,11,221,90,35,22,8,9,13,3,8,33
22.4000,12,244,109,38,23,20,9,6,5,4,30
23.0000,12,232,88,44,27,12,9,6,8,4,34
23.9000,12,246,99,53,17,19,9,11,4,2,32
22.4000,13,251,101,44,26,11,8,6,8,4,43
23.0000,13,274,123,48,23,11,16,10,4,7,32
23.9000,13,259,91,53,30,13,17,7,6,2,40
22.4000,14,307,142,56,34,11,12,5,3,3,41
23.0000,14,289,124,55,24,21,12,3,9,2,39
23.9000,14,283,103,59,20,21,7,12,7,8,46
22.4000,15,309,135,47,28,19,15,6,6,2,51
23.0000,15,286,119,38,27,15,15,6,2,6,58
23.9000,15,322,125,56,33,29,7,14,9,5,44
22.4000,16,323,144,53,22,15,9,9,10,8,53
23.0000,16,332,137,59,33,15,13,11,10,10,44
23.9000,16,324,135,48,35,11,16,14,6,7,52
22.4000,17,334,150,36,32,31,15,8,10,1,51
23.0000,17,331,139,44,32,17,20,10,6,5,58
23.9000,17,338,143,60,20,17,14,9,10,6,59
22.4000,18,365,161,54,39,20,7,13,8,3,60
23.0000,18,375,150,76,35,23,9,13,3,7,59
23.9000,18,369,151,52,41,23,14,12,5,8,63
22.4000,19,380,159,72,31,16,14,13,10,4,61
23.0000,19,404,171,67,41,25,18,9,4,11,58
23.9000,19,413,172,74,44,24,16,9,5,12,57
22.4000,20,372,150,56,35,19,10,11,11,6,74
23.0000,20,412,175,73,40,25,15,9,16,5,54
23.9000,20,416,161,78,46,23,20,13,3,8,64
22.4000,21,402,174,70,36,17,17,6,7,8,67
23.0000,21,446,202,65,39,20,13,18,11,13,65
23.9000,21,439,182,81,40,21,16,18,12,3,66
22.4000,22,451,187,81,41,26,20,16,10,7,63
23.0000,22,451,187,80,46,26,13,11,9,9,70
23.9000,22,450,168,88,42,24,10,19,17,8,74
22.4000,23,473,195,85,53,29,14,18,8,5,66
23.0000,23,454,182,67,36,29,25,13,6,14,82
23.9000,23,462,185,77,43,18,26,22,6,12,73
22.4000,24,516,224,82,52,29,19,11,19,9,71
23.0000,24,529,236,90,38,31,24,19,16,4,71
23.9000,24,514,216,74,49,32,24,12,9,12,86
22.4000,25,518,214,95,55,22,22,17,8,8,77
23.0000,25,538,219,91,59,37,24,16,17,7,68
23.9000,25,537,220,93,48,35,24,14,12,12,79
22.4000,26,563,251,97,43,32,32,20,9,11,68
23.0000,26,545,224,97,60,41,17,15,12,2,77
23.9000,26,527,237,76,53,15,16,12,10,7,101
22.4000,27,519,227,77,38,31,22,13,18,7,86
23.0000,27,589,257,98,52,35,31,14,10,9,83
23.9000,27,580,236,103,60,32,27,10,13,11,88
22.4000,28,562,229,82,65,34,27,18,12,14,81
23.0000,28,624,287,103,56,32,23,16,13,8,86
23.9000,28,605,246,111,62,39,19,20,19,10,79
22.4000,29,603,248,99,59,37,32,21,7,16,84
23.0000,29,592,250,95,54,31,23,10,13,13,103
23.9000,29,616,243,112,50,40,30,25,14,13,89
22.4000,30,591,247,95,47,36,19,21,13,10,103
23.0000,30,625,264,105,69,38,17,19,19,10,84
23.9000,30,620,271,90,44,32,30,18,17,11,107
22.4000,31,615,234,114,64,30,34,23,13,7,96
23.0000,31,642,244,120,58,50,26,27,10,8,99
23.9000,31,647,266,111,60,41,26,17,13,13,100
22.4000,32,639,274,85,68,39,25,17,16,16,99
23.0000,32,641,261,105,53,41,24,24,10,17,106
23.9000,32,685,291,114,68,39,25,24,19,10,95
22.4000,33,697,289,122,68,44,19,21,21,10,103
23.0000,33,728,324,110,69,45,34,15,13,9,109
23.9000,33,679,276,109,63,44,36,13,19,6,113
22.4000,34,680,254,120,70,49,27,21,18,10,111
23.0000,34,746,328,123,67,39,34,21,17,14,103
23.9000,34,740,317,128,70,42,21,21,13,9,119
22.4000,35,757,313,151,70,48,32,13,21,12,97
23.0000,35,740,310,118,72,46,37,19,20,13,105
23.9000,35,745,298,139,77,46,23,24,8,13,117
22.4000,36,737,296,105,85,47,29,22,15,15,123
23.0000,36,734,305,122,64,54,33,13,14,13,116
23.9000,36,808,344,145,83,54,28,28,17,9,100
22.4000,37,773,332,131,65,55,30,18,14,15,113
23.0000,37,778,304,136,84,47,32,21,21,26,107
23.9000,37,778,308,127,76,55,30,32,22,13,115
22.4000,38,748,290,125,84,41,33,21,17,14,123
23.0000,38,796,336,143,59,41,29,34,14,13,127
23.9000,38,836,357,138,83,54,27,29,26,15,107
22.4000,39,794,329,129,71,37,25,29,20,14,140
23.0000,39,781,300,134,88,43,27,24,20,13,132
23.9000,39,849,346,147,76,56,38,24,18,16,128
22.4000,40,834,354,141,73,51,34,25,24,17,115
23.0000,40,856,361,153,90,39,35,27,19,18,114
23.9000,40,844,339,135,82,51,45,22,24,12,134
22.4000,41,833,343,139,71,49,33,34,9,16,139
23.0000,41,882,378,153,83,47,35,27,23,17,119
23.9000,41,870,351,142,98,53,38,29,14,14,131
22.4000,42,886,387,153,78,51,30,20,18,23,126
23.0000,42,869,368,137,79,50,34,27,16,23,135
23.9000,42,893,367,165,87,47,31,26,16,16,138
22.4000,43,851,336,143,77,43,40,37,29,17,129
23.0000,43,931,391,166,78,54,29,31,22,15,145
23.9000,43,929,377,150,85,69,42,36,19,23,128
22.4000,44,875,340,152,88,56,39,20,29,16,135
23.0000,44,944,422,151,83,47,28,24,26,18,145
23.9000,44,939,380,171,87,56,35,30,23,14,143
22.4000,45,910,354,172,87,58,31,25,22,18,143
23.0000,45,921,381,146,85,57,26,24,25,24,153
23.9000,45,1004,468,153,88,42,33,32,20,22,146
22.4000,46,993,412,194,96,53,31,28,21,16,142
23.0000,46,972,393,176,98,64,39,31,25,18,128
23.9000,46,987,411,172,82,59,43,27,23,22,148
22.4000,47,928,378,140,86,56,33,29,27,10,169
23.0000,47,973,388,179,84,54,34,36,20,23,155
23.9000,47,973,393,176,83,52,46,28,29,11,155
22.4000,48,984,391,182,96,53,39,43,19,17,144
23.0000,48,1049,467,168,92,58,37,31,20,14,162
23.9000,48,1054,443,181,96,55,49,25,25,23,157
22.4000,49,1009,429,157,82,75,42,32,24,12,156
23.0000,49,1020,432,155,81,72,34,37,26,22,161
23.9000,49,1041,442,170,90,65,50,32,21,21,150
22.4000,50,1033,427,190,85,46,56,22,27,23,157
23.0000,50,1066,434,197,94,80,44,35,27,7,148
23.9000,50,1053,444,175,101,51,38,34,25,17,168
22.4000,51,1033,428,171,105,56,39,25,24,23,162
23.0000,51,1084,463,165,114,62,47,34,26,17,156
23.9000,51,1103,460,199,98,64,41,38,29,12,162
22.4000,52,1090,455,180,134,45,44,27,30,11,164
23.0000,52,1099,457,197,100,71,40,37,21,7,169
23.9000,52,1114,471,174,106,75,33,35,21,21,178
22.4000,53,1070,453,172,86,68,46,33,25,13,174
23.0000,53,1102,449,184,103,59,49,35,24,23,176
23.9000,53,1129,461,203,94,66,53,28,34,13,177
22.4000,54,1148,474,212,110,67,49,40,22,23,151
23.0000,54,1108,464,170,113,66,44,40,17,18,176
23.9000,54,1147,466,209,91,69,52,33,29,23,175
22.4000,55,1166,500,197,97,78,45,36,34,21,158
23.0000,55,1162,492,192,110,66,51,32,26,17,176
23.9000,55,1188,476,207,122,71,38,37,30,21,186
22.4000,56,1128,461,177,101,80,42,37,19,23,188
23.0000,56,1236,524,227,107,63,60,46,35,25,149
23.9000,56,1213,506,202,113,62,54,46,30,23,177
22.4000,57,1167,479,185,124,57,51,49,35,10,177
23.0000,57,1194,484,220,97,88,43,34,25,23,180
23.9000,57,1246,530,213,128,68,47,41,26,22,171
22.4000,58,1159,453,195,94,79,52,37,32,25,192
23.0000,58,1208,475,206,127,83,53,31,20,21,192
23.9000,58,1237,512,215,108,66,52,40,31,27,186
22.4000,59,1235,509,196,128,79,45,39,16,34,189
23.0000,59,1284,570,190,115,73,58,37,24,23,194
23.9000,59,1334,592,222,111,77,55,39,26,22,190
22.4000,60,1259,535,215,120,67,44,37,33,20,188
23.0000,60,1264,531,211,114,82,44,42,29,27,184
23.9000,60,1342,581,236,118,78,53,28,29,23,196
22.4000,61,1220,491,194,102,94,65,24,26,26,198
23.0000,61,1274,516,236,112,81,51,42,33,23,180
23.9000,61,1302,543,221,118,69,47,37,26,25,216
22.4000,62,1241,504,191,120,79,44,49,37,19,198
23.0000,62,1325,548,245,117,80,50,41,31,25,188
23.9000,62,1307,518,231,133,85,46,51,26,20,197
22.4000,63,1285,524,229,128,60,57,29,25,29,204
23.0000,63,1280,524,215,122,81,55,24,26,11,222
23.9000,63,1312,548,209,118,80,49,32,34,37,205
22.4000,64,1293,538,216,112,77,44,32,35,21,218
23.0000,64,1381,576,242,136,87,44,45,24,29,198
23.9000,64,1428,606,246,138,88,54,36,23,17,220
22.4000,65,1345,565,223,106,72,71,34,33,36,205
23.0000,65,1389,586,246,119,87,49,40,22,36,204
23.9000,65,1415,573,249,163,85,60,31,30,22,202
22.4000,66,1361,568,238,121,78,42,48,26,17,223
23.0000,66,1401,578,230,128,104,53,41,34,31,202
23.9000,66,1463,602,263,151,80,52,46,37,26,206
22.4000,67,1396,569,243,118,92,54,41,32,26,221
23.0000,67,1414,582,242,124,71,63,56,32,19,225
23.9000,67,1433,609,243,117,80,52,36,29,26,241
22.4000,68,1368,557,213,126,100,47,48,40,22,215
23.0000,68,1428,589,247,142,86,46,45,32,26,215
23.9000,68,1525,672,226,148,97,65,47,23,27,220
22.4000,69,1387,592,216,124,87,49,35,38,26,220
23.0000,69,1454,618,243,122,88,62,52,30,26,213
23.9000,69,1502,624,252,139,98,64,39,37,26,223
22.4000,70,1462,628,236,141,78,61,55,29,22,212
23.0000,70,1444,587,239,135,80,57,52,45,22,227
23.9000,70,1502,582,261,168,93,64,46,39,33,216
22.4000,71,1445,591,257,129,94,58,41,35,25,215
23.0000,71,1524,647,245,140,98,67,37,36,25,229
23.9000,71,1516,632,267,126,76,59,50,31,28,247
22.4000,72,1499,644,242,143,99,52,41,33,31,214
23.0000,72,1512,641,238,151,77,67,41,42,22,233
23.9000,72,1561,639,267,157,101,63,45,42,34,213
22.4000,73,1458,571,251,142,96,74,42,32,26,224
23.0000,73,1515,647,245,127,94,55,45,35,28,239
23.9000,73,1543,613,251,181,87,61,50,32,35,233
22.4000,74,1505,623,243,143,94,67,49,34,17,235
23.0000,74,1557,645,278,134,101,56,47,40,33,223
23.9000,74,1573,650,288,127,91,58,49,46,21,243
22.4000,75,1545,631,268,134,96,71,47,40,28,230
23.0000,75,1579,638,295,150,85,74,43,37,21,236
23.9000,75,1624,693,253,162,102,61,42,43,21,247
22.4000,76,1535,612,282,153,71,54,51,34,26,252
23.0000,76,1597,673,258,154,94,59,38,36,37,248
23.9000,76,1661,729,267,144,81,66,51,38,34,251
22.4000,77,1616,704,251,140,91,65,54,45,30,236
23.0000,77,1637,690,277,158,87,60,50,56,23,236
23.9000,77,1619,660,255,151,99,69,54,55,29,247
22.4000,78,1619,656,266,165,90,79,65,36,25,237
23.0000,78,1607,643,259,142,106,78,48,41,31,259
23.9000,78,1732,731,301,178,78,68,43,37,31,265
22.4000,79,1638,690,294,148,93,62,41,32,30,248
23.0000,79,1674,696,292,153,102,55,44,35,33,264
23.9000,79,1731,767,264,142,110,62,45,34,30,277
22.4000,80,1692,733,273,146,114,52,49,39,25,261
23.0000,80,1703,740,263,151,96,69,52,37,30,265
23.9000,80,1751,745,287,165,88,73,51,39,30,273
22.4000,81,1719,715,299,169,92,69,55,33,25,262
23.0000,81,1792,750,308,194,104,70,64,35,25,242
23.9000,81,1732,710,298,156,106,63,54,41,47,257
22.4000,82,1701,689,293,171,100,71,43,40,25,269
23.0000,82,1767,722,311,151,122,69,49,42,35,266
23.9000,82,1779,720,315,183,108,81,39,32,33,268
22.4000,83,1761,744,303,158,92,67,53,42,30,272
23.0000,83,1780,738,299,161,106,72,54,32,41,277
23.9000,83,1813,732,331,150,112,77,48,42,40,281
22.4000,84,1794,750,296,156,109,72,59,38,35,279
23.0000,84,1808,739,306,183,116,84,46,46,32,256
23.9000,84,1816,745,306,160,120,78,45,50,27,285
22.4000,85,1757,705,324,168,103,63,49,52,28,265
23.0000,85,1727,665,304,181,98,71,53,47,31,277
23.9000,85,1826,758,309,175,101,66,58,48,34,277
22.4000,86,1799,730,307,190,112,71,45,35,30,279
23.0000,86,1835,763,319,173,113,70,58,37,32,270
23.9000,86,1932,825,348,179,95,67,60,30,31,297
22.4000,87,1858,808,272,176,96,78,66,35,41,286
23.0000,87,1863,759,334,193,97,84,45,42,28,281
23.9000,87,1959,853,316,166,123,68,72,36,38,287
22.4000,88,1877,775,320,204,116,80,51,47,28,256
23.0000,88,1861,773,306,170,118,64,65,42,28,295
23.9000,88,1903,791,337,179,110,60,43,44,34,305
22.4000,89,1908,790,356,172,127,59,44,39,26,295
23.0000,89,1898,806,305,173,113,85,51,46,40,279
23.9000,89,1910,797,315,170,105,84,55,50,37,297
22.4000,90,1880,780,313,176,119,75,61,44,35,277
23.0000,90,1874,754,343,177,122,52,48,38,28,312
23.9000,90,1988,850,317,180,127,83,57,49,22,303
22.4000,91,1882,755,322,188,107,78,64,52,18,298
23.0000,91,1917,799,308,165,115,89,61,45,32,303
23.9000,91,1985,798,350,187,129,90,52,46,46,287
22.4000,92,1852,735,335,175,113,70,65,37,23,299
23.0000,92,1931,800,329,181,111,88,57,35,36,294
23.9000,92,1958,802,310,190,118,87,47,44,34,326
22.4000,93,1964,808,345,197,110,83,62,40,32,287
23.0000,93,1969,809,340,183,134,63,67,46,32,295
23.9000,93,2007,845,332,184,116,81,69,37,38,305
22.4000,94,1994,850,316,178,113,82,73,47,42,293
23.0000,94,2025,847,333,186,112,85,63,45,54,300
23.9000,94,2024,852,352,207,103,79,55,39,28,309
22.4000,95,1962,776,324,181,144,103,52,53,40,289
23.0000,95,1979,785,347,180,124,87,67,50,46,293
23.9000,95,2035,850,314,200,119,87,54,47,41,323
22.4000,96,2006,825,346,177,115,89,58,44,46,306
23.0000,96,2086,862,356,220,126,74,56,54,36,302
23.9000,96,2096,833,392,201,131,89,61,50,30,309
22.4000,97,2039,880,332,176,107,89,67,42,30,316
23.0000,97,2045,831,360,194,129,92,58,33,38,310
23.9000,97,2106,857,368,211,131,82,53,45,36,323
22.4000,98,2021,830,326,207,125,84,51,43,41,314
23.0000,98,2125,912,347,183,130,95,64,48,36,310
23.9000,98,2098,881,342,193,114,81,63,50,38,336
22.4000,99,2059,850,357,184,107,95,76,43,45,302
23.0000,99,2128,898,362,205,105,93,63,55,37,310
23.9000,99,2174,920,339,218,142,83,61,46,45,320
22.4000,100,2110,871,371,203,106,103,65,48,38,305
23.0000,100,2140,893,375,187,116,85,57,46,46,335
23.9000,100,2176,902,386,197,129,74,57,51,45,335
22.4000,101,2097,898,320,186,143,82,57,51,38,322
23.0000,101,2110,873,340,189,150,90,71,53,34,310
23.9000,101,2139,881,354,209,123,87,64,42,36,343
22.4000,102,2129,923,358,190,122,62,63,40,38,333
23.0000,102,2209,934,382,201,106,96,71,52,40,327
23.9000,102,2205,902,388,210,126,101,57,49,34,338
22.4000,103,2144,891,344,202,161,84,78,44,29,311
23.0000,103,2154,886,337,195,139,96,73,60,36,332
23.9000,103,2166,883,368,201,130,75,65,47,39,358
22.4000,104,2142,876,352,198,129,85,66,58,40,338
23.0000,104,2175,911,338,216,130,89,57,39,52,343
23.9000,104,2239,929,389,204,125,85,69,35,40,363
22.4000,105,2224,909,418,202,121,89,64,56,50,315
23.0000,105,2242,917,395,204,130,97,71,45,21,362
23.9000,105,2302,964,400,208,143,94,45,51,50,347
22.4000,106,2214,882,397,205,124,109,67,61,46,323
23.0000,106,2312,976,410,217,148,70,64,56,38,333
23.9000,106,2314,962,387,208,138,93,73,48,49,356
22.4000,107,2205,916,363,195,123,82,79,42,43,362
23.0000,107,2283,927,401,213,146,90,80,51,48,327
23.9000,107,2321,942,392,224,141,114,76,50,37,345
22.4000,108,2304,932,388,239,143,108,73,64,35,322
23.0000,108,2274,909,398,209,129,90,69,59,45,366
23.9000,108,2420,984,443,229,168,108,73,52,45,318
22.4000,109,2285,935,393,210,118,108,78,56,39,348
23.0000,109,2365,986,408,222,142,95,75,57,36,344
23.9000,109,2349,973,405,221,129,90,70,62,45,354
22.4000,110,2316,934,401,244,147,96,66,44,39,345
23.0000,110,2325,956,384,213,157,100,74,51,36,354
23.9000,110,2457,1062,402,212,150,101,71,54,53,352
22.4000,111,2345,990,401,223,128,89,73,51,48,342
23.0000,111,2386,1003,403,233,133,105,72,48,28,361
23.9000,111,2468,1058,420,206,157,104,62,50,48,363
22.4000,112,2300,946,377,204,136,89,74,52,39,383
23.0000,112,2378,1027,415,191,109,109,70,43,39,375
23.9000,112,2440,988,462,211,139,99,66,55,44,376
22.4000,113,2364,1002,389,211,142,102,61,54,35,368
23.0000,113,2403,970,437,206,150,95,75,71,37,362
23.9000,113,2458,1024,414,226,155,97,70,61,35,376
22.4000,114,2311,918,372,249,130,110,61,51,33,387
23.0000,114,2375,953,391,226,130,107,89,46,47,386
23.9000,114,2443,1014,387,231,149,94,67,48,41,412
22.4000,115,2398,953,434,243,112,108,68,57,50,373
23.0000,115,2471,999,444,257,140,87,69,61,35,379
23.9000,115,2459,1016,398,225,142,95,87,67,45,384
22.4000,116,2344,931,392,221,141,103,80,74,42,360
23.0000,116,2409,997,419,231,136,94,75,46,48,363
23.9000,116,2577,1083,430,273,155,89,65,59,49,374
22.4000,117,2453,1027,427,228,140,98,59,65,35,374
23.0000,117,2480,1039,428,221,139,108,63,58,44,380
23.9000,117,2511,1042,444,243,119,101,74,64,38,386
22.4000,118,2428,959,419,239,166,97,81,52,45,370
23.0000,118,2545,1097,416,230,148,82,75,75,51,371
23.9000,118,2585,1086,458,230,146,96,57,54,51,407
22.4000,119,2473,1015,441,258,133,82,69,61,35,379
23.0000,119,2568,1079,428,230,158,119,74,60,41,379
23.9000,119,2540,1040,437,227,143,102,81,64,53,393
22.4000,120,2465,989,389,249,161,99,84,61,47,386
23.0000,120,2622,1110,441,235,164,106,79,55,45,387
23.9000,120,2601,1063,459,266,148,94,64,62,56,389
