k,n,logidx,halflogcov,logl1,logl2,skew,incone,logcone,rho,rho2,logq,jhi,mrg,ok,cflen,cfmax,cfidx,cfkind,cfpq,logh11,h22,logsinth,pqnext,cvkind,cvidx,cvt
22.4000,4,24.370373,-1.533395,-1.529968,-1.529676,1.001168,1,-1.470463,1.268737,1.000000,13.246049,3,1.591 e-2,1,68,65,38,0,0,23.503939,32,-0.028582,3,0,38,0
23.0000,4,24.890233,-1.793325,-1.874515,-1.704502,1.973981,0,-1.643750,2.516982,1.973981,13.072762,3,9.099 e-3,1,73,147,39,0,0,24.023799,32,-0.030536,3,0,40,0
23.9000,4,25.410093,-2.053255,-2.051075,-2.047390,1.014852,1,-1.964787,1.412207,1.000000,12.662113,3,1.139 e-3,1,74,877,40,0,0,24.543659,32,-0.032184,1,0,40,0
22.4000,5,23.796853,-1.959229,-2.052150,-1.864631,2.553828,1,-1.989590,1.367246,1.000000,12.594280,2,1.121 e-2,1,79,89,40,0,0,22.965077,64,-0.008387,5,0,40,0
23.0000,5,24.212742,-2.167174,-2.190779,-2.133380,1.332423,1,-2.128220,1.367246,1.000000,12.455651,3,7.628 e-2,1,94,44,44,0,0,23.380965,64,-0.050939,2,0,44,0
23.9000,5,24.767259,-2.444432,-2.603794,-2.284963,4.924168,1,-2.552267,1.293869,1.000000,12.189850,2,1.433 e-2,1,93,69,42,0,0,23.935483,64,-0.000539,13,0,42,0
22.4000,6,24.072281,-1.734429,-1.739176,-1.723903,1.095970,1,-1.683380,1.397624,1.000000,13.021919,3,7.660 e-3,1,112,222,56,0,0,23.494658,32,-0.034684,2,0,56,0
23.0000,6,24.534379,-1.965479,-1.984305,-1.938674,1.314930,0,-1.881292,1.855360,1.314930,12.859133,3,1.913 e-3,1,102,521,49,0,0,23.956756,32,-0.047866,2,0,50,0
23.9000,6,25.112001,-2.254290,-2.270650,-2.227723,1.293770,0,-2.194557,1.578630,1.293770,12.614574,3,1.063 e-2,1,117,147,55,0,0,24.534379,32,-0.061244,2,0,56,0
22.4000,7,25.072937,-1.217525,-1.271460,-1.163336,2.131594,0,-1.130899,2.674940,2.131594,13.684085,3,2.110 e-2,1,147,206,69,0,0,24.577832,32,-0.001772,5,0,70,0
23.0000,7,25.568042,-1.465077,-1.493542,-1.435782,1.498280,0,-1.415329,1.728910,1.498280,12.857640,3,6.659 e-3,1,143,161,69,0,0,25.072937,32,-0.005814,3,0,68,0
23.9000,7,26.162168,-1.762140,-2.011061,-1.513210,32.621160,1,-2.009455,1.011310,1.000000,12.263513,2,3.487 e-4,1,140,2867,60,0,0,25.667063,32,-0.000064,2867,0,60,0
22.4000,8,25.794648,-0.928380,-0.925593,-0.918132,1.061505,1,-0.909881,1.133941,1.000000,13.954686,3,3.443 e-3,1,130,390,74,0,0,25.274788,64,-0.104269,1,0,76,0
23.0000,8,26.227865,-1.144988,-1.172625,-1.111227,1.634247,0,-1.071848,2.239419,1.634662,13.739851,3,6.324 e-3,1,151,157,85,0,0,25.708005,64,-0.049001,6,0,86,0
23.9000,8,26.834369,-1.448240,-1.463926,-1.430244,1.309248,1,-1.441455,1.196933,1.000000,13.401985,2,7.583 e-3,1,164,131,86,0,0,26.314508,64,-0.018487,5,0,86,0
22.4000,9,25.688037,-0.958740,-0.965543,-0.944437,1.209198,1,-0.927309,1.410739,1.000000,13.881039,3,8.335 e-3,1,169,314,82,0,0,25.148922,128,-0.067501,1,0,82,0
23.0000,9,26.150135,-1.189789,-1.201306,-1.178262,1.230470,0,-1.158864,1.465182,1.230470,13.697683,3,7.583 e-3,1,176,251,95,0,0,25.611020,128,-0.000101,5,0,96,0
23.9000,9,26.766266,-1.497855,-1.504671,-1.489308,1.148281,1,-1.470130,1.364608,1.000000,13.357746,3,2.512 e-2,1,197,205,104,0,0,26.227151,128,-0.015578,1,0,104,0
22.4000,10,25.528979,-1.088015,-1.100693,-1.072003,1.332292,1,-1.074882,1.294487,1.000000,13.686317,3,5.296 e-3,1,189,188,92,0,0,24.803986,1408,-0.033328,3,0,92,0
23.0000,10,25.944867,-1.295959,-1.334949,-1.256900,2.182543,1,-1.318122,1.183255,1.000000,13.550017,2,5.491 e-3,1,203,1832,102,0,0,25.219875,1408,-0.000691,10,0,102,0
23.9000,10,26.568700,-1.607875,-1.603473,-1.600516,1.030013,0,-1.563265,1.494929,1.057265,13.256847,3,5.402 e-3,1,199,868,103,0,0,25.843707,1408,-0.117606,3,0,104,0
22.4000,11,25.300482,-1.147550,-1.293500,-1.001597,24.802372,0,-0.984451,29.950191,24.802372,13.907583,3,5.312 e-6,1,213,188254,99,0,0,24.985415,32,-0.000027,53,0,100,0
23.0000,11,25.741576,-1.368096,-1.378322,-1.356513,1.271115,1,-1.353246,1.317627,1.000000,13.507218,3,1.700 e-4,1,219,5882,106,0,0,25.426509,32,-0.014929,2,0,106,0
23.9000,11,26.308696,-1.651657,-1.769768,-1.533544,13.443046,1,-1.766059,1.041643,1.000000,13.123826,2,2.478 e-4,1,222,315,112,0,0,25.993629,32,-0.000006,315,0,112,0
22.4000,12,26.079174,-0.740811,-0.777323,-0.702730,2.447612,0,-0.702350,2.458801,2.447612,14.196567,3,1.131 e-2,1,245,215,135,0,0,25.487231,1216,-0.018835,12,0,136,0
23.0000,12,26.541272,-0.971860,-0.981156,-0.960809,1.276548,1,-0.959531,1.296287,1.000000,13.834694,3,5.793 e-3,1,233,298,124,0,0,25.949329,1216,-0.021064,3,0,124,0
23.9000,12,27.118895,-1.260672,-1.277457,-1.240369,1.560585,0,-1.223842,1.902918,1.560585,13.658852,3,1.084 e-2,1,247,2705,127,0,0,26.526952,1216,-0.042206,2,0,128,0
22.4000,13,25.581596,-1.027677,-1.112021,-0.943325,8.962505,0,-0.938048,9.599018,8.962505,13.758890,3,8.447 e-3,1,252,148,131,0,0,25.208362,128,-0.000090,148,0,130,0
23.0000,13,26.008148,-1.240953,-1.285080,-1.196240,3.173755,1,-1.275237,1.136508,1.000000,13.471077,2,3.887 e-3,1,275,396,136,0,0,25.634915,128,-0.007608,20,0,136,0
23.9000,13,26.594657,-1.534207,-1.560573,-1.507306,1.998647,0,-1.481387,2.799448,2.127063,13.330694,3,6.562 e-4,1,260,1523,131,0,0,26.221424,128,-0.006967,45,0,130,0
22.4000,14,26.646861,-0.477753,-0.549932,-0.405508,7.552930,1,-0.543662,1.091753,1.000000,14.191644,2,7.537 e-3,1,308,279,170,0,0,26.349798,64,-0.000925,78,0,170,0
23.0000,14,27.092455,-0.700551,-0.731503,-0.668813,2.405257,1,-0.707640,1.396664,1.000000,14.161555,2,8.167 e-3,1,290,12251,160,0,0,26.795392,64,-0.010982,4,0,160,0
23.9000,14,27.686582,-0.997614,-0.998392,-0.990820,1.111833,0,-0.982217,1.254134,1.111833,13.920519,3,3.982 e-3,1,284,354,157,0,0,27.389519,64,-0.084223,2,0,158,0
22.4000,15,26.439294,-0.612425,-0.614448,-0.609102,1.083502,1,-0.603760,1.173891,1.000000,14.295952,3,1.002 e-2,1,310,423,160,0,0,26.162035,64,-0.019494,5,0,160,0
23.0000,15,26.855183,-0.820369,-0.978780,-0.661957,115.855517,0,-0.656705,125.353107,115.855517,14.254908,3,3.039 e-3,1,287,328,143,0,0,26.577924,64,-0.000006,328,0,144,0
23.9000,15,27.455910,-1.120733,-1.188820,-1.052559,7.720769,1,-1.175609,1.219167,1.000000,13.720665,2,1.301 e-2,1,323,75,174,0,0,27.178651,64,-0.001303,31,0,174,0
22.4000,16,25.956524,-0.837241,-0.837952,-0.831266,1.112902,0,-0.806638,1.650413,1.167110,14.064033,3,1.870 e-3,1,324,533,163,0,0,25.492963,1664,-0.084231,2,0,164,0
23.0000,16,26.389741,-1.053850,-1.235662,-0.872037,336.297677,0,-0.857447,424.722487,336.297677,13.633935,3,1.437 e-3,1,333,695,165,0,0,25.926180,1664,-0.000000,695,0,164,0
23.9000,16,26.996245,-1.357102,-1.383473,-1.330469,2.335135,0,-1.319929,2.764068,2.335135,13.586851,3,5.243 e-4,1,325,1906,165,0,0,26.532684,1664,-0.004178,5,0,166,0
22.4000,17,25.993588,-0.803862,-0.832788,-0.774444,2.696224,1,-0.813035,1.399063,1.000000,14.054292,2,2.418 e-3,1,335,963,178,0,0,25.667402,256,-0.008378,4,0,178,0
23.0000,17,26.442095,-1.028116,-1.048064,-1.007822,1.982005,1,-1.044356,1.065064,1.000000,13.869305,2,7.167 e-4,1,332,1395,162,0,0,26.115909,256,-0.005876,28,0,162,0
23.9000,17,27.053696,-1.333916,-1.372872,-1.294843,3.767795,0,-1.287500,4.268805,3.767795,13.508312,3,2.506 e-3,1,339,397,179,0,0,26.727509,256,-0.001981,18,0,178,0
22.4000,18,26.421081,-0.615237,-0.651194,-0.579278,3.649106,1,-0.632132,1.409332,1.000000,14.244472,2,7.770 e-4,1,366,1286,192,0,0,26.113016,256,-0.000018,7,0,192,0
23.0000,18,26.844671,-0.827032,-0.836752,-0.817202,1.421772,1,-0.819796,1.356919,1.000000,14.042330,2,6.062 e-3,1,376,222,198,0,0,26.536606,256,-0.001966,2,0,198,0
23.9000,18,27.460802,-1.135097,-1.145965,-1.122642,1.521676,0,-1.107088,2.013336,1.521676,13.792135,3,2.843 e-3,1,370,372,183,0,0,27.152737,256,-0.028559,7,0,184,0
22.4000,19,26.763958,-0.429633,-0.428095,-0.425607,1.048417,0,-0.422900,1.103737,1.048417,14.275611,3,4.527 e-3,1,381,1962,191,0,0,26.159258,97664,-0.105716,2,0,190,0
23.0000,19,27.201735,-0.648522,-0.659301,-0.636327,1.547286,0,-0.616663,2.248195,1.638948,14.253773,3,5.963 e-3,1,405,271,211,0,0,26.597035,97664,-0.026877,10,0,210,0
23.9000,19,27.821919,-0.958614,-1.049206,-0.868019,31.266645,0,-0.866674,32.076150,31.266645,14.054082,3,1.119 e-3,1,414,892,201,0,0,27.217220,97664,-0.000039,892,0,202,0
22.4000,20,26.572022,-0.547372,-0.577061,-0.517150,3.314182,0,-0.505894,4.150961,3.314182,14.404610,3,3.065 e-3,1,373,1993,203,0,0,26.294763,256,-0.010645,20,0,204,0
23.0000,20,26.987910,-0.755316,-0.790663,-0.719697,4.134311,1,-0.776127,1.337377,1.000000,14.092236,2,1.687 e-3,1,413,603,222,0,0,26.710652,256,-0.005442,9,0,222,0
23.9000,20,27.611743,-1.067232,-1.066946,-1.066326,1.012483,1,-1.056054,1.243407,1.000000,13.855022,3,5.311 e-4,1,417,1881,224,0,0,27.334484,256,-0.023837,3,0,224,0
22.4000,21,26.315472,-0.662220,-0.688705,-0.635393,3.063422,0,-0.630984,3.360607,3.063422,14.064433,3,2.643 e-3,1,403,378,213,0,0,26.018409,512,-0.007177,7,0,212,0
23.0000,21,26.744563,-0.876765,-0.891486,-0.861797,1.865414,0,-0.847941,2.495380,1.865414,14.058956,3,4.870 e-3,1,447,379,235,0,0,26.447500,512,-0.005208,3,0,236,0
23.9000,21,27.338689,-1.173828,-1.175456,-1.171300,1.091210,0,-1.161793,1.332328,1.091210,13.689239,3,3.082 e-3,1,440,324,225,0,0,27.041626,512,-0.018923,2,0,224,0
22.4000,22,26.822068,-0.380859,-0.418278,-0.343369,5.196546,0,-0.336950,5.984742,5.196546,14.583479,3,5.828 e-4,1,452,1715,223,0,0,26.633028,64,-0.001581,23,0,224,0
23.0000,22,27.263162,-0.601406,-0.603764,-0.597156,1.156494,0,-0.584496,1.527912,1.156494,14.289610,3,4.991 e-3,1,452,1275,247,0,0,27.074122,64,-0.041642,7,0,246,0
23.9000,22,27.861789,-0.900720,-0.925713,-0.875311,3.030802,1,-0.910167,1.407752,1.000000,13.981222,2,3.366 e-3,1,451,297,244,0,0,27.672749,64,-0.009151,6,0,244,0
22.4000,23,26.716589,-0.453093,-0.456050,-0.447508,1.217096,0,-0.435070,1.620194,1.217096,14.477074,3,1.166 e-3,1,474,2954,235,0,0,26.535768,64,-0.060456,11,0,236,0
23.0000,23,27.138505,-0.664051,-0.687473,-0.640079,2.974476,1,-0.677228,1.265722,1.000000,14.239173,2,8.843 e-4,1,455,1130,240,0,0,26.957684,64,-0.012647,9,0,240,0
23.9000,23,27.741242,-0.965419,-0.981228,-0.949182,2.089766,1,-0.970575,1.277637,1.000000,13.945130,2,1.904 e-3,1,463,524,240,0,0,27.560421,64,-0.009878,6,0,240,0
22.4000,24,26.736633,-0.431982,-0.457145,-0.406748,3.351936,1,-0.456484,1.015987,1.000000,14.301180,2,4.825 e-3,1,517,562,256,0,0,26.534465,128,-0.001716,207,0,256,0
23.0000,24,27.169850,-0.648591,-0.646083,-0.646070,1.000308,1,-0.644725,1.033125,1.000000,14.284217,3,3.653 e-3,1,530,415,278,0,0,26.967682,128,-0.120678,1,0,280,0
23.9000,24,27.776353,-0.951842,-0.957220,-0.944669,1.351531,1,-0.948961,1.219239,1.000000,13.971731,2,5.462 e-3,1,515,229,266,0,0,27.574185,128,-0.043095,4,0,266,0
22.4000,25,26.622001,-0.506753,-0.556858,-0.456620,12.255376,1,-0.546766,1.286987,1.000000,14.372079,2,2.611 e-3,1,519,411,282,0,0,26.400194,256,-0.000678,37,0,282,0
23.0000,25,27.037889,-0.714697,-0.727526,-0.701426,1.920341,0,-0.699321,2.024108,1.920341,14.114534,3,1.831 e-3,1,539,2983,293,0,0,26.816082,256,-0.011050,9,0,292,0
23.9000,25,27.647859,-1.019682,-1.066479,-0.972861,10.385968,0,-0.962168,13.568835,10.385968,13.850346,3,4.893 e-3,1,538,1418,293,0,0,27.426051,256,-0.000563,20,0,292,0
22.4000,26,26.495689,-0.559300,-0.574249,-0.544178,2.185509,1,-0.565898,1.242483,1.000000,14.309980,2,2.256 e-4,1,564,4431,288,0,0,26.282413,256,-0.004524,7,0,288,0
23.0000,26,26.922241,-0.772576,-0.787967,-0.756939,2.240535,1,-0.775433,1.385238,1.000000,14.137807,2,4.026 e-3,1,546,348,284,0,0,26.708965,256,-0.006395,4,0,284,0
23.9000,26,27.535409,-1.079160,-1.085596,-1.072327,1.411996,0,-1.065290,1.695448,1.411996,13.865351,3,6.143 e-4,1,528,1626,281,0,0,27.322133,256,-0.010355,2,0,282,0
22.4000,27,26.525761,-0.534387,-0.558808,-0.509731,3.762503,0,-0.498632,5.077211,3.762503,14.430714,3,6.696 e-4,1,520,1492,263,0,0,26.371728,64,-0.006344,6,0,264,0
23.0000,27,26.962187,-0.752600,-0.757138,-0.746454,1.334372,0,-0.743976,1.426699,1.334372,14.189574,3,1.643 e-3,1,590,607,315,0,0,26.808154,64,-0.043405,3,0,316,0
23.9000,27,27.578318,-1.060665,-1.073915,-1.046691,2.085615,1,-1.064807,1.278804,1.000000,13.819627,2,5.357 e-3,1,581,301,300,0,0,27.424285,64,-0.019567,6,0,300,0
22.4000,28,26.901949,-0.361828,-0.397857,-0.325734,7.534148,1,-0.387020,1.354501,1.000000,14.510242,2,3.519 e-3,1,563,527,302,0,0,26.728662,128,-0.001808,17,0,302,0
23.0000,28,27.322788,-0.572248,-0.607319,-0.537111,7.140824,1,-0.601288,1.183960,1.000000,14.270893,2,5.172 e-3,1,625,605,328,0,0,27.149501,128,-0.001827,35,0,328,0
23.9000,28,27.941670,-0.881688,-0.887298,-0.875249,1.401269,0,-0.864811,1.876919,1.401269,14.030426,3,1.114 e-3,1,606,1594,313,0,0,27.768383,128,-0.023220,5,0,312,0
22.4000,29,26.818964,-0.393838,-0.413291,-0.374377,3.091040,0,-0.367728,3.748456,3.091040,14.560266,3,7.707 e-3,1,604,320,311,0,0,26.627751,256,-0.000237,13,0,312,0
23.0000,29,27.249194,-0.608953,-0.662743,-0.555160,22.644309,0,-0.550082,26.236714,22.644309,14.385232,3,1.643 e-5,1,593,60847,305,0,0,27.057981,256,-0.000095,52,0,306,0
23.9000,29,27.870636,-0.919674,-0.929251,-0.909089,1.794462,0,-0.902755,2.156255,1.794462,13.975611,3,5.017 e-4,1,617,1993,331,0,0,27.679423,256,-0.029247,3,0,330,0
22.4000,30,26.723138,-0.455968,-0.460014,-0.451133,1.305312,1,-0.451091,1.306925,1.000000,14.444571,3,5.482 e-4,1,592,1823,312,0,0,26.561403,128,-0.023667,3,0,312,0
23.0000,30,27.139026,-0.663912,-0.666798,-0.660293,1.215501,0,-0.649864,1.661995,1.215501,14.271392,3,2.926 e-4,1,626,3416,333,0,0,26.977292,128,-0.021967,1,0,334,0
23.9000,30,27.762858,-0.975828,-1.015061,-0.936585,10.530619,0,-0.935434,10.900440,10.530619,13.886758,3,3.902 e-4,1,621,2561,319,0,0,27.601124,128,-0.000301,101,0,318,0
22.4000,31,26.875196,-0.370842,-0.384015,-0.357351,2.285541,0,-0.356751,2.328464,2.285541,14.579999,3,3.060 e-3,1,616,326,319,0,0,26.492164,143488,-0.009852,14,0,320,0
23.0000,31,27.300028,-0.583258,-0.589794,-0.576474,1.511200,0,-0.570819,1.800788,1.511200,14.311300,3,1.174 e-3,1,643,851,333,0,0,26.916996,143488,-0.007682,4,0,332,0
23.9000,31,27.903737,-0.885112,-0.886483,-0.883175,1.107987,0,-0.872344,1.550114,1.107987,14.047096,3,1.328 e-3,1,648,752,331,0,0,27.520705,143488,-0.017555,2,0,332,0
22.4000,32,26.916844,-0.341458,-0.346258,-0.336594,1.362393,1,-0.337302,1.331877,1.000000,14.565348,2,3.091 e-4,1,640,3235,326,0,0,26.743557,256,-0.002056,2,0,326,0
23.0000,32,27.350061,-0.558066,-0.563863,-0.551400,1.490047,0,-0.549812,1.567703,1.490047,14.386667,3,1.151 e-3,1,642,867,355,0,0,27.176774,256,-0.027837,5,0,356,0
23.9000,32,27.956565,-0.861318,-0.863712,-0.857908,1.204081,1,-0.853596,1.382225,1.000000,14.055235,3,1.327 e-3,1,686,2671,374,0,0,27.783278,256,-0.032539,2,0,374,0
22.4000,33,27.174113,-0.225757,-0.231800,-0.219303,1.510477,1,-0.226709,1.182944,1.000000,14.658845,2,2.270 e-3,1,698,440,350,0,0,26.985073,512,-0.013567,7,0,350,0
23.0000,33,27.594202,-0.435802,-0.439135,-0.431967,1.266857,1,-0.438286,1.028416,1.000000,14.392224,2,3.408 e-5,1,729,29339,382,0,0,27.405162,512,-0.016528,42,0,382,0
23.9000,33,28.203331,-0.740366,-0.772544,-0.708183,8.364004,0,-0.701743,10.344382,8.364004,14.107802,3,2.375 e-3,1,680,1348,363,0,0,28.014291,512,-0.000181,17,0,362,0
22.4000,34,27.191985,-0.208580,-0.264597,-0.152563,45.111620,1,-0.254424,1.413235,1.000000,14.665755,2,9.023 e-4,1,681,1107,364,0,0,27.008505,512,-0.000040,90,0,364,0
23.0000,34,27.620105,-0.422641,-0.483892,-0.361389,64.398689,0,-0.358313,71.499258,64.398689,14.395890,3,2.845 e-3,1,747,2273,369,0,0,27.436625,512,-0.000007,164,0,368,0
23.9000,34,28.231705,-0.728441,-0.754991,-0.701856,6.089510,1,-0.750021,1.184079,1.000000,14.137947,2,2.786 e-3,1,741,547,394,0,0,28.048225,512,-0.001185,29,0,394,0
22.4000,35,26.795166,-0.419000,-0.446258,-0.391728,6.743308,1,-0.442548,1.138658,1.000000,14.493537,2,2.773 e-4,1,758,3605,394,0,0,26.636732,256,-0.000441,44,0,394,0
23.0000,35,27.211054,-0.626944,-0.661736,-0.592150,11.421295,1,-0.658549,1.117998,1.000000,14.278156,2,3.992 e-3,1,741,958,386,0,0,27.052621,256,-0.000056,91,0,386,0
23.9000,35,27.824985,-0.933909,-0.962226,-0.905588,7.259492,1,-0.953444,1.359856,1.000000,13.957265,2,3.384 e-4,1,746,2953,390,0,0,27.666551,256,-0.000133,16,0,390,0
22.4000,36,26.791025,-0.413136,-0.423753,-0.402519,2.147715,1,-0.414145,1.413207,1.000000,14.506247,2,2.050 e-3,1,738,360,374,0,0,26.617738,512,-0.000000,3,0,374,0
23.0000,36,27.214615,-0.624931,-0.636434,-0.613186,2.309246,0,-0.605850,3.007250,2.309246,14.300314,3,1.299 e-4,1,735,7695,389,0,0,27.041328,512,-0.008686,8,0,388,0
23.9000,36,27.830746,-0.932996,-0.968098,-0.897894,12.520638,1,-0.958509,1.412322,1.000000,13.964356,2,3.444 e-4,1,809,4650,426,0,0,27.657459,512,-0.000028,24,0,426,0
22.4000,37,26.475476,-0.563385,-0.564917,-0.561778,1.123147,1,-0.556107,1.385375,1.000000,14.371481,3,6.191 e-4,1,774,1614,374,0,0,26.288139,1024,-0.002766,1,0,374,0
23.0000,37,26.906351,-0.778822,-0.791702,-0.765938,2.594198,0,-0.760007,3.230843,2.594198,14.174174,3,9.061 e-4,1,779,1103,401,0,0,26.719014,1024,-0.000155,8,0,402,0
23.9000,37,27.524564,-1.087929,-1.087930,-1.085104,1.110216,1,-1.078876,1.397905,1.000000,13.839175,3,3.235 e-4,1,779,3091,392,0,0,27.337227,1024,-0.104472,1,0,392,0
22.4000,38,26.804883,-0.409773,-0.430104,-0.389423,4.692094,1,-0.424415,1.241334,1.000000,14.510620,2,1.710 e-4,1,749,5845,390,0,0,26.658957,256,-0.000727,16,0,390,0
23.0000,38,27.224419,-0.619541,-0.630229,-0.608841,2.254134,1,-0.622433,1.344819,1.000000,14.290782,2,1.545 e-3,1,797,646,400,0,0,27.078493,256,-0.000479,5,0,400,0
23.9000,38,27.844603,-0.929634,-0.975690,-0.883577,33.124958,1,-0.969916,1.245328,1.000000,13.964988,2,9.735 e-6,1,837,102716,418,0,0,27.698678,256,-0.000011,119,0,418,0
22.4000,39,27.031231,-0.289331,-0.290944,-0.286191,1.203662,1,-0.282754,1.376283,1.000000,14.647234,3,8.299 e-4,1,795,2425,420,0,0,26.889047,256,-0.059622,2,0,420,0
23.0000,39,27.457783,-0.502608,-0.521615,-0.483529,4.416532,1,-0.513330,1.381424,1.000000,14.416298,2,1.733 e-3,1,782,1308,424,0,0,27.315599,256,-0.002768,9,0,424,0
23.9000,39,28.079838,-0.813635,-0.813861,-0.812674,1.047378,1,-0.805055,1.409762,1.000000,14.121454,3,4.390 e-3,1,850,256,440,0,0,27.937654,256,-0.028661,1,0,440,0
22.4000,40,26.880585,-0.375062,-0.385520,-0.364298,2.337041,0,-0.362073,2.554539,2.337041,14.578383,3,3.123 e-4,1,835,3201,435,0,0,26.724627,512,-0.012261,9,0,436,0
23.0000,40,27.296473,-0.583007,-0.590508,-0.575416,1.828832,1,-0.588645,1.077327,1.000000,14.352212,2,1.568 e-3,1,857,637,448,0,0,27.140515,512,-0.003600,22,0,448,0
23.9000,40,27.920306,-0.894923,-0.894658,-0.893514,1.046824,1,-0.888539,1.277329,1.000000,14.020815,3,1.859 e-3,1,845,538,438,0,0,27.764348,512,-0.066955,2,0,438,0
22.4000,41,27.003207,-0.306731,-0.323282,-0.290031,3.908983,1,-0.322235,1.043827,1.000000,14.619953,2,2.089 e-4,1,834,4785,422,0,0,26.740240,48128,-0.006107,86,0,422,0
23.0000,41,27.425857,-0.518056,-0.522284,-0.513794,1.416361,0,-0.501380,2.356266,1.690146,14.428811,3,3.061 e-3,1,883,2385,449,0,0,27.162891,48128,-0.001394,36,0,450,0
23.9000,41,28.034475,-0.822365,-0.821053,-0.820945,1.004471,0,-0.812526,1.418527,1.004471,14.115092,3,4.032 e-4,1,871,2479,445,0,0,27.771508,48128,-0.111971,1,0,444,0
22.4000,42,27.043560,-0.279853,-0.289244,-0.269903,2.253060,0,-0.264840,2.786911,2.253060,14.672971,3,9.351 e-5,1,887,10693,475,0,0,26.878525,1024,-0.023516,4,0,476,0
23.0000,42,27.472651,-0.494399,-0.494554,-0.492859,1.073809,1,-0.486799,1.385023,1.000000,14.434889,3,7.316 e-4,1,870,1366,416,0,0,27.307616,1024,-0.058178,1,0,416,0
23.9000,42,28.083281,-0.799714,-0.818343,-0.780969,4.805191,0,-0.772901,6.743223,4.805191,14.170084,3,7.770 e-4,1,894,3770,477,0,0,27.918246,1024,-0.004882,9,0,478,0
22.4000,43,26.997022,-0.304780,-0.317147,-0.292324,2.907758,0,-0.284378,4.092194,2.907758,14.657028,3,2.174 e-3,1,852,13404,443,0,0,26.900304,64,-0.003834,5,0,444,0
23.0000,43,27.416135,-0.514336,-0.517051,-0.510716,1.313148,0,-0.508130,1.467594,1.313148,14.385134,3,5.417 e-4,1,932,1846,487,0,0,27.319416,64,-0.038940,3,0,486,0
23.9000,43,28.028683,-0.820610,-0.827019,-0.814186,1.736427,0,-0.809235,2.148333,1.736427,14.099994,3,3.414 e-4,1,930,2929,487,0,0,27.931965,64,-0.000699,5,0,486,0
22.4000,44,27.091732,-0.251119,-0.260816,-0.241108,2.380111,1,-0.253753,1.364522,1.000000,14.680476,2,1.508 e-4,1,876,6633,438,0,0,26.787069,663424,-0.013773,4,0,438,0
23.0000,44,27.517072,-0.463789,-0.498437,-0.429136,21.099474,1,-0.490613,1.410907,1.000000,14.439648,2,4.853 e-3,1,945,1672,512,0,0,27.212409,663424,-0.000249,41,0,512,0
23.9000,44,28.131452,-0.770979,-0.778093,-0.763756,1.879176,1,-0.771759,1.321416,1.000000,14.146084,2,2.474 e-3,1,940,5344,478,0,0,27.826789,663424,-0.004796,4,0,478,0
22.4000,45,27.046412,-0.283144,-0.284491,-0.280650,1.188709,1,-0.283255,1.057185,1.000000,14.660358,2,6.719 e-4,1,911,1881,474,0,0,26.923186,256,-0.051629,18,0,474,0
23.0000,45,27.462301,-0.491088,-0.491069,-0.489960,1.051150,1,-0.485037,1.311805,1.000000,14.432992,3,4.469 e-3,1,922,479,482,0,0,27.339074,256,-0.051663,2,0,482,0
23.9000,45,28.078431,-0.799154,-0.800022,-0.796414,1.176311,1,-0.795823,1.207990,1.000000,14.112808,3,1.261 e-3,1,1005,793,516,0,0,27.955205,256,-0.084221,3,0,516,0
22.4000,46,26.917646,-0.341406,-0.368163,-0.314650,11.723505,0,-0.311949,13.274294,11.723505,14.525755,3,4.067 e-4,1,994,6797,535,0,0,26.744004,2944,-0.000002,28,0,534,0
23.0000,46,27.339562,-0.552364,-0.551385,-0.550862,1.024338,1,-0.546977,1.224738,1.000000,14.394814,3,7.858 e-4,1,973,1272,508,0,0,27.165920,2944,-0.114185,1,0,510,0
23.9000,46,27.957367,-0.861267,-0.869711,-0.852780,2.178947,0,-0.851538,2.307083,2.178947,14.092431,3,2.929 e-3,1,988,1248,505,0,0,27.783725,2944,-0.001962,17,0,506,0
22.4000,47,27.145612,-0.221554,-0.223057,-0.219520,1.180889,1,-0.216280,1.375125,1.000000,14.708728,3,8.993 e-4,1,929,1222,496,0,0,26.860618,656512,-0.024937,2,0,496,0
23.0000,47,27.573298,-0.435397,-0.443493,-0.426946,2.176492,1,-0.437803,1.306596,1.000000,14.481672,2,3.156 e-3,1,974,316,490,0,0,27.288305,656512,-0.016711,5,0,490,0
23.9000,47,28.192706,-0.745101,-0.746178,-0.743158,1.152484,0,-0.739040,1.398622,1.152484,14.204893,3,8.104 e-4,1,974,56287,515,0,0,27.907713,656512,-0.040696,2,0,516,0
22.4000,48,27.269250,-0.168540,-0.190956,-0.146103,8.610214,1,-0.184794,1.344178,1.000000,14.738447,2,1.086 e-3,1,985,1172,486,0,0,27.038446,64768,-0.001030,20,0,486,0
23.0000,48,27.688026,-0.377928,-0.381141,-0.374715,1.361295,0,-0.367809,1.896318,1.361295,14.559672,3,1.747 e-4,1,1050,5725,527,0,0,27.457223,64768,-0.000011,1,0,526,0
23.9000,48,28.308970,-0.688400,-0.689521,-0.686768,1.141287,1,-0.682362,1.410075,1.000000,14.250668,3,1.022 e-3,1,1055,977,508,0,0,28.078167,64768,-0.024560,1,0,508,0
22.4000,49,27.145983,-0.224465,-0.238773,-0.210047,4.086092,1,-0.236316,1.127959,1.000000,14.666978,2,1.940 e-3,1,1010,5391,552,0,0,27.018670,512,-0.005373,29,0,552,0
23.0000,49,27.570359,-0.436653,-0.439778,-0.433080,1.388513,1,-0.434063,1.323180,1.000000,14.504575,2,8.556 e-5,1,1021,26974,532,0,0,27.443046,512,-0.021920,3,0,532,0
23.9000,49,28.192777,-0.747862,-0.775482,-0.720240,14.982008,0,-0.719464,15.562111,14.982008,14.160064,3,9.252 e-4,1,1042,1314,559,0,0,28.065464,512,-0.000096,583,0,558,0
22.4000,50,27.149217,-0.231222,-0.234195,-0.228249,1.346209,0,-0.221939,1.845542,1.346209,14.722721,3,2.182 e-3,1,1034,1711,541,0,0,26.965561,9728,-0.000074,2,0,542,0
23.0000,50,27.565105,-0.439167,-0.441848,-0.435399,1.380477,0,-0.429937,1.813964,1.380477,14.489789,3,6.518 e-3,1,1067,4071,567,0,0,27.381450,9728,-0.054328,1,0,566,0
23.9000,50,28.188937,-0.751083,-0.761689,-0.740442,2.893134,1,-0.756988,1.264987,1.000000,14.161850,2,1.983 e-3,1,1054,1928,562,0,0,28.005282,9728,-0.001731,9,0,562,0
22.4000,51,26.902293,-0.349132,-0.349872,-0.347737,1.115001,0,-0.347245,1.143359,1.115001,14.599109,3,8.077 e-4,1,1034,1237,529,0,0,26.793564,256,-0.033363,3,0,530,0
23.0000,51,27.323617,-0.559794,-0.561473,-0.557275,1.238735,1,-0.554938,1.395508,1.000000,14.374805,3,7.573 e-6,1,1085,132056,594,0,0,27.214888,256,-0.042872,2,0,594,0
23.9000,51,27.935218,-0.865594,-0.869130,-0.860999,1.513848,0,-0.854848,2.071732,1.524139,14.071776,3,1.293 e-3,1,1104,836,559,0,0,27.826489,256,-0.054000,8,0,558,0
22.4000,52,26.940179,-0.324842,-0.336078,-0.313444,3.244523,0,-0.309823,3.916856,3.269657,14.633349,3,1.346 e-5,1,1091,74266,555,0,0,26.820211,512,-0.008374,69,0,556,0
23.0000,52,27.366731,-0.538118,-0.538360,-0.537750,1.032220,1,-0.534239,1.239010,1.000000,14.407999,3,1.326 e-3,1,1100,754,566,0,0,27.246763,512,-0.006513,3,0,566,0
23.9000,52,27.979900,-0.844702,-0.856196,-0.833124,3.319301,1,-0.849607,1.408664,1.000000,14.085837,2,5.094 e-4,1,1115,1963,566,0,0,27.859932,512,-0.004411,6,0,566,0
22.4000,53,27.316335,-0.144690,-0.145646,-0.143717,1.107667,1,-0.141169,1.267791,1.000000,14.780297,3,5.786 e-5,1,1071,17282,564,0,0,27.185552,1024,-0.000902,3,0,564,0
23.0000,53,27.734839,-0.353942,-0.353878,-0.351919,1.109409,0,-0.349635,1.252173,1.109409,14.558162,3,2.055 e-3,1,1103,1139,595,0,0,27.604056,1024,-0.110651,1,0,594,0
23.9000,53,28.349516,-0.661281,-0.680298,-0.642262,7.507456,1,-0.675509,1.288911,1.000000,14.265852,2,7.430 e-4,1,1130,2865,612,0,0,28.218734,1024,-0.000117,21,0,612,0
22.4000,54,27.095343,-0.249976,-0.258718,-0.241197,2.575784,0,-0.237466,3.150789,2.575784,14.705843,3,1.756 e-3,1,1149,17613,629,0,0,27.005490,128,-0.001995,12,0,630,0
23.0000,54,27.518933,-0.461771,-0.482956,-0.440586,9.855024,1,-0.482771,1.010012,1.000000,14.379551,2,8.308 e-5,1,1109,12037,572,0,0,27.429080,128,-0.000037,979,0,572,0
23.9000,54,28.135064,-0.769837,-0.785784,-0.753885,5.598748,1,-0.785726,1.003125,1.000000,14.161888,2,2.221 e-3,1,1148,1787,628,0,0,28.045211,128,-0.000233,1787,0,628,0
22.4000,55,26.902737,-0.353855,-0.359137,-0.348072,1.837829,0,-0.342474,2.500346,1.837829,14.586779,3,7.756 e-4,1,1167,43119,605,0,0,26.814518,128,-0.027639,5,0,604,0
23.0000,55,27.318625,-0.561800,-0.565939,-0.557649,1.577707,0,-0.555549,1.770829,1.577707,14.390119,3,8.837 e-4,1,1163,1130,595,0,0,27.230406,128,-0.000611,9,0,596,0
23.9000,55,27.936156,-0.870565,-0.874956,-0.866052,1.631835,1,-0.868833,1.400402,1.000000,14.068885,2,1.631 e-3,1,1189,613,624,0,0,27.847937,128,-0.006749,2,0,624,0
22.4000,56,26.850874,-0.374709,-0.393542,-0.355875,8.243273,1,-0.387373,1.412639,1.000000,14.547554,2,2.153 e-3,1,1129,3083,604,0,0,26.751853,256,-0.000018,16,0,604,0
23.0000,56,27.271714,-0.585128,-0.597028,-0.573226,3.792060,1,-0.596691,1.019062,1.000000,14.351138,2,9.302 e-5,1,1237,10750,612,0,0,27.172693,256,-0.000116,196,0,612,0
23.9000,56,27.890595,-0.894569,-0.895125,-0.893837,1.074765,0,-0.889583,1.363838,1.074765,13.942470,3,8.752 e-4,1,1214,1141,631,0,0,27.791574,256,-0.009877,2,0,630,0
22.4000,57,26.856639,-0.366921,-0.381420,-0.352413,5.224625,1,-0.376240,1.343465,1.000000,14.553011,2,2.170 e-3,1,1168,459,624,0,0,26.657831,83456,-0.000512,12,0,624,0
23.0000,57,27.282256,-0.579729,-0.589089,-0.570366,2.907204,1,-0.584473,1.300966,1.000000,14.358000,2,4.068 e-4,1,1195,5726,640,0,0,27.083448,83456,-0.000147,8,0,640,0
23.9000,57,27.902440,-0.889821,-0.891705,-0.887711,1.255668,0,-0.879136,2.047107,1.475203,14.053270,3,7.804 e-4,1,1247,1445,653,0,0,27.703632,83456,-0.012879,66,0,652,0
22.4000,58,26.937264,-0.333818,-0.335011,-0.331210,1.246614,0,-0.327799,1.519321,1.246614,14.616863,3,1.807 e-4,1,1160,5534,595,0,0,26.829706,512,-0.082065,1,0,596,0
23.0000,58,27.355542,-0.542957,-0.542077,-0.541652,1.024944,0,-0.539725,1.146154,1.024944,14.406842,3,1.368 e-4,1,1209,7310,613,0,0,27.247985,512,-0.126737,1,0,614,0
23.9000,58,27.976985,-0.853678,-0.855204,-0.850956,1.279415,1,-0.851397,1.247110,1.000000,14.092670,3,1.801 e-4,1,1238,5553,628,0,0,27.869427,512,-0.069376,3,0,628,0
22.4000,59,27.136502,-0.229410,-0.231180,-0.226473,1.320094,0,-0.221352,1.785716,1.320094,14.709586,3,1.393 e-3,1,1236,716,671,0,0,27.054264,128,-0.068913,9,0,670,0
23.0000,59,27.559439,-0.440879,-0.442830,-0.438307,1.305843,0,-0.437634,1.358754,1.305843,14.510530,3,2.199 e-4,1,1285,4547,677,0,0,27.477201,128,-0.036598,4,0,678,0
23.9000,59,28.182097,-0.752208,-0.761184,-0.742994,2.924772,1,-0.756623,1.308805,1.000000,14.171557,2,8.493 e-4,1,1335,2165,722,0,0,28.099859,128,-0.013965,7,0,722,0
22.4000,60,27.091425,-0.258868,-0.267671,-0.249851,2.913099,0,-0.247330,3.388851,2.913099,14.701081,3,5.354 e-4,1,1260,1867,649,0,0,26.999005,256,-0.012782,6,0,650,0
23.0000,60,27.507313,-0.466812,-0.468356,-0.464423,1.266085,0,-0.457687,1.896721,1.347943,14.478060,3,9.552 e-4,1,1265,1195,663,0,0,27.414894,256,-0.050660,4,0,662,0
23.9000,60,28.131146,-0.778728,-0.786401,-0.771002,2.519140,0,-0.766215,3.357262,2.519140,14.181390,3,1.597 e-3,1,1343,1198,691,0,0,28.038726,256,-0.003213,4,0,692,0
22.4000,61,26.992927,-0.303441,-0.311956,-0.294741,2.857844,1,-0.306331,1.409314,1.000000,14.632890,2,1.263 e-3,1,1221,791,612,0,0,26.890660,512,-0.011288,4,0,612,0
23.0000,61,27.413361,-0.513658,-0.528350,-0.498965,6.004559,0,-0.497630,6.513877,6.004559,14.410605,3,4.823 e-5,1,1275,20735,659,0,0,27.311093,512,-0.000017,72,0,658,0
23.9000,61,28.026966,-0.820461,-0.821781,-0.819073,1.179665,1,-0.817566,1.293192,1.000000,14.110758,3,1.229 e-3,1,1303,5456,666,0,0,27.924699,512,-0.004107,3,0,666,0
22.4000,62,26.918868,-0.335942,-0.336222,-0.334390,1.120250,1,-0.335724,1.031312,1.000000,14.613240,2,1.926 e-3,1,1242,3856,636,0,0,26.738148,73472,-0.078825,32,0,636,0
23.0000,62,27.343700,-0.548358,-0.561320,-0.535360,5.000324,1,-0.557820,1.242330,1.000000,14.367806,2,2.510 e-3,1,1326,2554,706,0,0,27.162980,73472,-0.002155,17,0,706,0
23.9000,62,27.958589,-0.855802,-0.856210,-0.855115,1.070209,1,-0.855318,1.056875,1.000000,14.047499,3,9.000 e-4,1,1308,8742,684,0,0,27.777868,73472,-0.017273,17,0,684,0
22.4000,63,26.988396,-0.307791,-0.320576,-0.294964,5.020753,1,-0.315098,1.412207,1.000000,14.622692,2,1.240 e-4,1,1286,20518,658,0,0,26.841431,10496,-0.002599,9,0,658,0
23.0000,63,27.406484,-0.516835,-0.531664,-0.501980,6.488864,1,-0.527833,1.273021,1.000000,14.400329,2,9.270 e-4,1,1281,1078,652,0,0,27.259520,10496,-0.001611,19,0,652,0
23.9000,63,28.022615,-0.824900,-0.841269,-0.808527,7.867210,0,-0.803800,10.596585,7.867210,14.100456,3,2.487 e-4,1,1313,14867,691,0,0,27.875651,10496,-0.000291,15,0,690,0
22.4000,64,27.222798,-0.186161,-0.187545,-0.184055,1.250288,0,-0.178705,1.760757,1.250288,14.761686,3,1.086 e-3,1,1294,1198,659,0,0,27.067300,20992,-0.046213,2,0,660,0
23.0000,64,27.645185,-0.397354,-0.399993,-0.394563,1.415571,1,-0.394804,1.393924,1.000000,14.546684,2,1.271 e-4,1,1382,7867,706,0,0,27.489687,20992,-0.009752,2,0,706,0
23.9000,64,28.262519,-0.706022,-0.709970,-0.701591,1.709629,1,-0.705130,1.363167,1.000000,14.228838,2,1.691 e-4,1,1429,5911,724,0,0,28.107021,20992,-0.030819,3,0,724,0
22.4000,65,27.287933,-0.159962,-0.160161,-0.159550,1.040486,1,-0.157738,1.170561,1.000000,14.764196,3,1.885 e-5,1,1346,53037,688,0,0,27.124163,41984,-0.013896,5,0,688,0
23.0000,65,27.703821,-0.367906,-0.381448,-0.354311,5.835298,1,-0.376741,1.357930,1.000000,14.566553,2,6.078 e-4,1,1390,5759,714,0,0,27.540051,41984,-0.003471,13,0,714,0
23.9000,65,28.322322,-0.677157,-0.678749,-0.675219,1.257944,1,-0.674862,1.287484,1.000000,14.255181,3,7.266 e-4,1,1416,5599,740,0,0,28.158552,41984,-0.022428,3,0,740,0
22.4000,66,27.062601,-0.268298,-0.272152,-0.264201,1.690076,1,-0.267801,1.332675,1.000000,14.665255,2,5.520 e-6,1,1362,181169,688,0,0,26.901312,41984,-0.015961,3,0,688,0
23.0000,66,27.482690,-0.478342,-0.481372,-0.475027,1.520057,1,-0.476324,1.395346,1.000000,14.465692,2,1.381 e-3,1,1402,1079,710,0,0,27.321402,41984,-0.018820,2,0,710,0
23.9000,66,28.102322,-0.788158,-0.797430,-0.778870,3.403957,0,-0.777284,3.779691,3.403957,14.171717,3,3.890 e-3,1,1464,12662,783,0,0,27.941033,41984,-0.001088,10,0,784,0
22.4000,67,27.158019,-0.216384,-0.217433,-0.215321,1.151969,0,-0.212387,1.402271,1.151969,14.734577,3,3.176 e-3,1,1397,604,717,0,0,27.009484,20992,-0.000908,5,0,718,0
23.0000,67,27.582184,-0.428466,-0.429870,-0.425941,1.301137,1,-0.428390,1.104231,1.000000,14.487607,2,9.830 e-5,1,1415,10172,712,0,0,27.433648,20992,-0.075146,10,0,712,0
23.9000,67,28.202913,-0.738831,-0.738550,-0.737861,1.047220,1,-0.738453,1.006522,1.000000,14.211825,3,1.063 e-3,1,1434,3311,762,0,0,28.054377,20992,-0.083754,146,0,762,0
22.4000,68,27.062066,-0.270470,-0.298146,-0.242793,43.121287,0,-0.241413,47.363268,43.121287,14.649176,3,1.621 e-4,1,1369,6169,711,0,0,26.905521,41984,-0.000047,118,0,710,0
23.0000,68,27.479993,-0.479433,-0.480185,-0.478670,1.108506,1,-0.475871,1.340974,1.000000,14.458477,3,4.149 e-4,1,1429,174578,728,0,0,27.323448,41984,-0.000741,2,0,728,0
23.9000,68,28.101786,-0.790330,-0.795741,-0.784909,2.088690,0,-0.782825,2.406824,2.088690,14.124575,3,1.254 e-3,1,1526,1553,771,0,0,27.945242,41984,-0.000675,5,0,770,0
22.4000,69,27.091442,-0.251665,-0.259387,-0.243888,2.913522,1,-0.256785,1.196633,1.000000,14.669467,2,3.414 e-4,1,1388,3894,764,0,0,26.869755,4397056,-0.003748,13,0,764,0
23.0000,69,27.513358,-0.462623,-0.481271,-0.443970,13.115331,0,-0.441216,15.859464,13.115331,14.509181,3,3.929 e-4,1,1455,92157,771,0,0,27.291670,4397056,-0.000320,28,0,772,0
23.9000,69,28.136186,-0.774036,-0.789077,-0.758974,7.981394,0,-0.758044,8.510164,7.981394,14.136464,3,1.523 e-4,1,1503,6567,755,0,0,27.914498,4397056,-0.001562,26,0,754,0
22.4000,70,27.124485,-0.241043,-0.240760,-0.239733,1.074554,1,-0.238009,1.212428,1.000000,14.711264,3,4.144 e-4,1,1463,28265,772,0,0,27.035366,512,-0.111518,1,0,774,0
23.0000,70,27.540373,-0.448988,-0.449749,-0.448189,1.115341,1,-0.445270,1.368186,1.000000,14.491352,3,3.728 e-4,1,1445,2682,752,0,0,27.451254,512,-0.002589,1,0,752,0
23.9000,70,28.164206,-0.760904,-0.766781,-0.754712,2.327704,1,-0.762331,1.365501,1.000000,14.174138,2,7.740 e-4,1,1503,23313,788,0,0,28.075087,512,-0.022000,4,0,788,0
22.4000,71,27.107918,-0.245295,-0.247134,-0.243193,1.322900,1,-0.243464,1.297659,1.000000,14.689784,2,1.303 e-4,1,1446,9358,782,0,0,27.020054,512,-0.018744,3,0,782,0
23.0000,71,27.527711,-0.455192,-0.458579,-0.451214,1.686889,1,-0.457966,1.044479,1.000000,14.448913,2,2.219 e-3,1,1525,575,790,0,0,27.439847,512,-0.041997,35,0,790,0
23.9000,71,28.142757,-0.762715,-0.769132,-0.756190,2.506589,1,-0.764446,1.394760,1.000000,14.174216,2,5.415 e-5,1,1517,18467,794,0,0,28.054893,512,-0.007685,4,0,794,0
22.4000,72,27.140598,-0.225033,-0.230956,-0.219079,2.351629,1,-0.226262,1.402036,1.000000,14.716989,2,6.975 e-4,1,1500,129446,802,0,0,27.011023,11264,-0.002209,4,0,802,0
23.0000,72,27.564188,-0.436828,-0.439082,-0.433937,1.448411,1,-0.434403,1.400594,1.000000,14.508943,3,2.834 e-3,1,1513,409,806,0,0,27.434613,11264,-0.045805,2,0,806,0
23.9000,72,28.180319,-0.744893,-0.745377,-0.744162,1.091395,0,-0.739986,1.474234,1.091395,14.196388,3,6.878 e-5,1,1562,14538,811,0,0,28.050744,11264,-0.017786,1,0,810,0
22.4000,73,27.125034,-0.238492,-0.241621,-0.235240,1.593322,1,-0.237936,1.308694,1.000000,14.696649,2,3.083 e-4,1,1459,3243,756,0,0,26.987739,22528,-0.008989,3,0,756,0
23.0000,73,27.542821,-0.447386,-0.453284,-0.441280,2.402075,0,-0.438069,3.036443,2.402075,14.493187,3,6.597 e-4,1,1516,6587,807,0,0,27.405526,22528,-0.015183,4,0,806,0
23.9000,73,28.160007,-0.755979,-0.757379,-0.754578,1.226870,0,-0.750127,1.697871,1.226870,14.188439,3,4.635 e-4,1,1544,2157,827,0,0,28.022712,22528,-0.000034,1,0,826,0
22.4000,74,27.261283,-0.166522,-0.177441,-0.155582,5.040860,0,-0.152763,6.210126,5.040860,14.752647,3,5.332 e-4,1,1506,1874,823,0,0,27.158248,2048,-0.001548,10,0,822,0
23.0000,74,27.682791,-0.377277,-0.385186,-0.369292,3.241814,0,-0.365993,4.138277,3.241814,14.584919,3,9.960 e-5,1,1558,10038,817,0,0,27.579756,2048,-0.005518,6,0,818,0
23.9000,74,28.301004,-0.686383,-0.692759,-0.679973,2.575781,1,-0.688852,1.335262,1.000000,14.247420,2,1.306 e-3,1,1574,10048,836,0,0,28.197968,2048,-0.002472,6,0,836,0
22.4000,75,27.218318,-0.193502,-0.208999,-0.177997,10.228749,0,-0.177005,11.018268,10.228749,14.734453,3,1.029 e-3,1,1546,1535,817,0,0,27.144382,256,-0.000571,38,0,816,0
23.0000,75,27.634206,-0.401446,-0.417687,-0.385202,11.431991,0,-0.384029,12.482781,11.431991,14.567044,3,1.431 e-3,1,1580,5674,821,0,0,27.560270,256,-0.000221,34,0,822,0
23.9000,75,28.253417,-0.711052,-0.720978,-0.701047,4.458477,0,-0.698902,5.236690,4.458477,14.251081,3,1.767 e-4,1,1625,5659,839,0,0,28.179482,256,-0.005884,10,0,840,0
22.4000,76,27.164800,-0.216490,-0.226795,-0.206120,4.812864,0,-0.205629,4.995919,4.812864,14.745576,3,4.441 e-4,1,1536,15137,813,0,0,27.082717,512,-0.004926,34,0,814,0
23.0000,76,27.584336,-0.426258,-0.430332,-0.422067,1.874094,0,-0.419132,2.342403,1.874094,14.491910,3,3.787 e-4,1,1598,2836,831,0,0,27.502253,512,-0.008913,3,0,830,0
23.9000,76,28.204521,-0.736350,-0.736481,-0.736158,1.024849,0,-0.732089,1.396212,1.024849,14.206201,3,2.690 e-4,1,1662,3716,839,0,0,28.122438,512,-0.004748,1,0,838,0
22.4000,77,27.301438,-0.144496,-0.147823,-0.141161,1.670251,0,-0.137242,2.258521,1.670251,14.812203,3,1.485 e-5,1,1617,67344,847,0,0,27.211419,1024,-0.000594,2,0,848,0
23.0000,77,27.724528,-0.356041,-0.361207,-0.350813,2.226450,1,-0.356780,1.406215,1.000000,14.584585,2,2.235 e-4,1,1638,169962,858,0,0,27.634509,1024,-0.004753,4,0,858,0
23.9000,77,28.345660,-0.666607,-0.673246,-0.659920,2.790158,0,-0.656817,3.543264,2.790158,14.270821,3,8.299 e-6,1,1620,120499,855,0,0,28.255641,1024,-0.003681,5,0,854,0
22.4000,78,27.479672,-0.060683,-0.072252,-0.049093,6.088431,0,-0.045468,8.077694,6.088431,14.869080,3,2.659 e-3,1,1620,1697,849,0,0,27.399693,512,-0.001646,11,0,848,0
23.0000,78,27.897337,-0.269516,-0.269260,-0.268266,1.080579,1,-0.264925,1.402281,1.000000,14.676352,3,3.083 e-4,1,1608,4705,822,0,0,27.817359,512,-0.117459,1,0,822,0
23.9000,78,28.519393,-0.580543,-0.584511,-0.576174,1.916179,0,-0.573724,2.319648,1.916179,14.357475,3,1.415 e-3,1,1733,1474,911,0,0,28.439414,512,-0.031352,3,0,910,0
22.4000,79,27.282676,-0.155574,-0.160094,-0.151039,2.044949,1,-0.156326,1.346734,1.000000,14.782091,2,6.369 e-5,1,1639,15700,860,0,0,27.203710,512,-0.001158,4,0,860,0
23.0000,79,27.703829,-0.366150,-0.369882,-0.362413,1.804101,1,-0.367708,1.187298,1.000000,14.581916,2,3.952 e-4,1,1675,4259,868,0,0,27.624863,512,-0.000519,8,0,868,0
23.9000,79,28.326784,-0.677628,-0.679296,-0.675368,1.363839,1,-0.674943,1.410430,1.000000,14.267401,3,1.063 e-4,1,1732,9403,880,0,0,28.247818,512,-0.046726,1,0,880,0
22.4000,80,27.319936,-0.142090,-0.148754,-0.135407,2.909015,1,-0.145905,1.255995,1.000000,14.802845,2,1.817 e-3,1,1693,550,888,0,0,27.190368,31744,-0.001551,9,0,888,0
23.0000,80,27.735824,-0.350034,-0.354825,-0.345243,2.152300,0,-0.342145,2.757563,2.152300,14.608052,3,1.273 e-3,1,1704,785,891,0,0,27.606256,31744,-0.000075,4,0,892,0
23.9000,80,28.359657,-0.661950,-0.670117,-0.653720,3.712673,0,-0.651353,4.486632,3.712673,14.275481,3,7.688 e-4,1,1752,1300,915,0,0,28.230089,31744,-0.005130,8,0,914,0
22.4000,81,27.095441,-0.250797,-0.251463,-0.250052,1.121107,0,-0.246324,1.516278,1.121107,14.700728,3,1.270 e-3,1,1720,787,889,0,0,26.962600,47104,-0.006462,2,0,890,0
23.0000,81,27.514752,-0.460453,-0.460829,-0.460064,1.063948,0,-0.457035,1.359714,1.063948,14.491513,3,1.148 e-3,1,1793,2184,927,0,0,27.381911,47104,-0.001041,2,0,928,0
23.9000,81,28.130883,-0.768518,-0.769842,-0.767033,1.255516,0,-0.766480,1.313000,1.255516,14.147506,3,4.967 e-4,1,1733,2013,927,0,0,27.998042,47104,-0.013109,6,0,926,0
22.4000,82,27.320383,-0.134870,-0.135769,-0.133966,1.159363,0,-0.132585,1.298290,1.159363,14.818364,3,1.395 e-3,1,1702,9247,871,0,0,27.189162,47104,-0.000444,7,0,872,0
23.0000,82,27.743034,-0.346195,-0.346011,-0.345294,1.060586,1,-0.344888,1.096424,1.000000,14.607130,3,9.044 e-4,1,1768,1105,906,0,0,27.611813,47104,-0.089046,1,0,908,0
23.9000,82,28.360104,-0.654730,-0.656872,-0.652496,1.431611,1,-0.655207,1.146307,1.000000,14.273137,2,8.608 e-4,1,1780,9850,930,0,0,28.228883,47104,-0.007608,8,0,930,0
22.4000,83,27.198392,-0.200842,-0.211212,-0.190463,5.596660,1,-0.207968,1.309042,1.000000,14.729889,2,1.374 e-3,1,1762,1908,934,0,0,27.077104,23552,-0.000691,15,0,934,0
23.0000,83,27.615951,-0.409621,-0.417630,-0.401612,3.779353,0,-0.400324,4.205573,3.779353,14.525385,3,8.379 e-4,1,1781,4252,923,0,0,27.494662,23552,-0.000037,33,0,922,0
23.9000,83,28.233937,-0.718615,-0.721651,-0.715424,1.676714,1,-0.718660,1.281820,1.000000,14.230140,2,1.825 e-3,1,1814,660,926,0,0,28.112649,23552,-0.012759,4,0,926,0
22.4000,84,27.337255,-0.128015,-0.129138,-0.126685,1.228792,1,-0.127896,1.109945,1.000000,14.797947,2,1.709 e-3,1,1795,585,942,0,0,27.209158,47104,-0.017411,10,0,942,0
23.0000,84,27.758094,-0.338435,-0.341410,-0.335436,1.651735,1,-0.339081,1.216140,1.000000,14.594600,2,7.929 e-4,1,1809,1261,940,0,0,27.629998,47104,-0.002018,6,0,940,0
23.9000,84,28.376976,-0.647876,-0.658428,-0.637319,5.889472,1,-0.655100,1.322586,1.000000,14.293120,2,1.339 e-4,1,1817,7467,942,0,0,28.248879,47104,-0.000361,14,0,942,0
22.4000,85,27.299134,-0.151913,-0.165739,-0.138078,10.498355,0,-0.137307,11.209266,10.498355,14.814648,3,5.622 e-5,1,1758,17787,907,0,0,27.201278,4096,-0.000773,95,0,908,0
23.0000,85,27.715023,-0.359857,-0.361105,-0.358503,1.247540,1,-0.360131,1.086368,1.000000,14.563382,2,1.743 e-4,1,1728,72244,920,0,0,27.617167,4096,-0.009014,12,0,920,0
23.9000,85,28.334778,-0.669735,-0.689975,-0.649494,31.214739,0,-0.648669,33.482438,31.214739,14.303934,3,4.460 e-5,1,1827,22422,941,0,0,28.236922,4096,-0.000007,96,0,942,0
22.4000,86,27.285770,-0.151229,-0.160554,-0.141869,4.987307,1,-0.156544,1.411775,1.000000,14.787550,2,1.169 e-4,1,1800,8552,918,0,0,27.229351,128,-0.003034,9,0,918,0
23.0000,86,27.704883,-0.360785,-0.378889,-0.342681,22.507990,1,-0.377725,1.105275,1.000000,14.548462,2,9.761 e-4,1,1836,2372,956,0,0,27.648464,128,-0.000016,202,0,956,0
23.9000,86,28.325491,-0.671089,-0.671185,-0.670598,1.051777,1,-0.667248,1.402922,1.000000,14.275969,3,2.785 e-4,1,1933,8082,996,0,0,28.269072,128,-0.034073,2,0,996,0
22.4000,87,27.275295,-0.153252,-0.165832,-0.140671,8.925690,0,-0.136956,12.331787,8.925690,14.773675,3,5.682 e-4,1,1859,1759,981,0,0,27.219525,128,-0.000022,17,0,980,0
23.0000,87,27.697557,-0.364383,-0.370481,-0.358280,2.890853,0,-0.356208,3.461638,2.890853,14.594387,3,8.557 e-4,1,1864,2382,953,0,0,27.641787,128,-0.000389,11,0,954,0
23.9000,87,28.319000,-0.675104,-0.674573,-0.674300,1.023998,0,-0.672050,1.245433,1.023998,14.278296,3,2.635 e-4,1,1960,3793,1021,0,0,28.263229,128,-0.116143,1,0,1022,0
22.4000,88,27.285157,-0.153054,-0.156940,-0.148969,2.016554,1,-0.153091,1.403044,1.000000,14.793442,2,1.265 e-3,1,1878,20183,964,0,0,27.144932,228608,-0.017575,3,0,964,0
23.0000,88,27.702620,-0.361786,-0.364060,-0.359497,1.494140,0,-0.356456,1.952498,1.494140,14.571391,3,1.145 e-4,1,1862,8735,983,0,0,27.562396,228608,-0.001424,2,0,982,0
23.9000,88,28.324877,-0.672915,-0.684112,-0.661714,7.178137,1,-0.682954,1.107289,1.000000,14.268871,2,6.516 e-4,1,1904,8072,996,0,0,28.184653,228608,-0.000254,62,0,996,0
22.4000,89,27.153289,-0.215825,-0.233998,-0.197652,25.401498,0,-0.195385,31.080743,25.401498,14.712591,3,1.188 e-3,1,1909,841,997,0,0,27.083196,512,-0.000003,53,0,996,0
23.0000,89,27.573851,-0.426106,-0.427595,-0.424615,1.303714,1,-0.424686,1.295550,1.000000,14.514210,2,7.548 e-4,1,1899,2531,1000,0,0,27.503757,512,-0.000084,3,0,1000,0
23.9000,89,28.196904,-0.737633,-0.739437,-0.735410,1.431052,0,-0.732279,1.890913,1.431052,14.216716,3,1.451 e-4,1,1911,6892,1023,0,0,28.126811,512,-0.037174,2,0,1024,0
22.4000,90,27.031312,-0.281422,-0.285194,-0.277620,1.977130,0,-0.274510,2.615825,1.977130,14.665767,3,5.905 e-5,1,1881,36269,1001,0,0,26.916691,30208,-0.002612,5,0,1000,0
23.0000,90,27.447200,-0.489366,-0.496425,-0.482305,3.563704,0,-0.480350,4.249336,3.563704,14.438720,3,1.706 e-4,1,1875,5863,957,0,0,27.332579,30208,-0.000133,7,0,956,0
23.9000,90,28.071033,-0.801282,-0.802179,-0.799755,1.243792,1,-0.799929,1.224448,1.000000,14.150684,3,2.733 e-3,1,1989,612,1048,0,0,27.956412,30208,-0.056737,3,0,1048,0
22.4000,91,27.085330,-0.251301,-0.252258,-0.250302,1.194832,1,-0.251002,1.121031,1.000000,14.678614,2,7.836 e-4,1,1883,1276,982,0,0,27.032011,128,-0.003901,9,0,982,0
23.0000,91,27.504265,-0.460769,-0.461539,-0.459981,1.152351,1,-0.458356,1.336018,1.000000,14.490641,3,6.027 e-4,1,1918,1659,982,0,0,27.450946,128,-0.001528,2,0,982,0
23.9000,91,28.121242,-0.769257,-0.770455,-0.767921,1.259346,1,-0.766652,1.413574,1.000000,14.179396,3,6.175 e-4,1,1986,4032,1058,0,0,28.067923,128,-0.012541,1,0,1058,0
22.4000,92,27.101264,-0.240289,-0.240971,-0.238700,1.232344,0,-0.235988,1.581629,1.232344,14.703153,3,4.569 e-4,1,1853,2188,979,0,0,26.989998,27904,-0.083406,1,0,978,0
23.0000,92,27.523180,-0.451246,-0.456917,-0.445421,2.879560,1,-0.453342,1.389501,1.000000,14.490270,2,4.403 e-4,1,1932,135649,964,0,0,27.411913,27904,-0.014170,5,0,964,0
23.9000,92,28.140985,-0.760149,-0.769208,-0.751051,5.314831,0,-0.748721,6.585443,5.314831,14.167358,3,3.728 e-4,1,1959,2681,1021,0,0,28.029718,27904,-0.003560,10,0,1020,0
22.4000,93,27.054955,-0.267915,-0.272383,-0.263365,2.313445,1,-0.271135,1.123149,1.000000,14.659351,2,2.256 e-3,1,1965,1268,1034,0,0,26.987876,512,-0.007681,17,0,1034,0
23.0000,93,27.472334,-0.476605,-0.477208,-0.475600,1.161251,1,-0.475721,1.148275,1.000000,14.476168,3,7.714 e-6,1,1970,129639,1032,0,0,27.405255,512,-0.037341,6,0,1032,0
23.9000,93,28.090949,-0.785912,-0.792675,-0.779127,3.525238,1,-0.789218,1.379103,1.000000,14.159046,2,1.427 e-5,1,2008,70086,1028,0,0,28.023870,512,-0.002139,6,0,1028,0
22.4000,94,27.110993,-0.236898,-0.239317,-0.234310,1.601087,0,-0.233176,1.781154,1.601087,14.719217,3,3.652 e-5,1,1995,27383,1037,0,0,27.052001,256,-0.015882,5,0,1038,0
23.0000,94,27.531305,-0.447054,-0.450364,-0.443649,1.879785,1,-0.447377,1.324102,1.000000,14.502242,2,1.545 e-3,1,2026,2722,1050,0,0,27.472314,256,-0.009022,4,0,1050,0
23.9000,94,28.150714,-0.756758,-0.763483,-0.750014,3.546933,0,-0.748183,4.213347,3.546933,14.203349,3,3.655 e-4,1,2025,2735,1023,0,0,28.091722,256,-0.001835,23,0,1024,0
22.4000,95,27.091908,-0.250800,-0.259543,-0.242049,5.269359,1,-0.256410,1.346591,1.000000,14.692911,2,8.133 e-4,1,1963,1229,1028,0,0,27.033538,256,-0.000845,12,0,1028,0
23.0000,95,27.507796,-0.458744,-0.459886,-0.456819,1.338208,0,-0.455644,1.496270,1.338208,14.496800,3,2.670 e-4,1,1980,39944,1035,0,0,27.449426,256,-0.074451,2,0,1036,0
23.9000,95,28.127981,-0.768837,-0.784795,-0.752878,20.741301,0,-0.752052,22.434053,20.741301,14.154049,3,1.703 e-5,1,2036,58723,1059,0,0,28.069610,256,-0.000014,60,0,1058,0
22.4000,96,27.126348,-0.230628,-0.238465,-0.222790,4.503195,0,-0.220972,5.361828,4.503195,14.713090,3,3.247 e-4,1,2007,7830,1031,0,0,27.061365,512,-0.000072,11,0,1030,0
23.0000,96,27.545124,-0.440016,-0.439884,-0.438943,1.094476,0,-0.438711,1.119187,1.094476,14.514847,3,3.549 e-4,1,2087,2817,1051,0,0,27.480142,512,-0.115682,2,0,1052,0
23.9000,96,28.166069,-0.750488,-0.758187,-0.742782,4.387702,1,-0.755481,1.296544,1.000000,14.185111,2,1.605 e-3,1,2097,15312,1076,0,0,28.101086,512,-0.000734,11,0,1076,0
22.4000,97,27.098967,-0.241426,-0.249071,-0.233771,4.410852,1,-0.247295,1.187941,1.000000,14.704548,2,3.716 e-4,1,2040,3805,1078,0,0,26.969308,289792,-0.001007,21,0,1078,0
23.0000,97,27.520572,-0.452228,-0.459040,-0.445417,3.748773,1,-0.456906,1.229931,1.000000,14.494434,2,2.218 e-4,1,2046,4509,1028,0,0,27.390913,289792,-0.000041,14,0,1028,0
23.9000,97,28.142261,-0.763073,-0.781097,-0.745049,33.006090,0,-0.742486,42.321124,33.006090,14.163372,3,1.445 e-4,1,2107,6922,1047,0,0,28.012602,289792,-0.000011,67,0,1046,0
22.4000,98,27.164937,-0.212679,-0.213806,-0.211513,1.251897,1,-0.213445,1.036005,1.000000,14.740118,2,3.884 e-4,1,2022,2574,1036,0,0,27.094208,1024,-0.003894,33,0,1036,0
23.0000,98,27.582240,-0.421331,-0.425979,-0.416556,2.518139,0,-0.414276,3.148583,2.560127,14.537170,3,1.007 e-3,1,2126,2457,1117,0,0,27.511511,1024,-0.012354,82,0,1118,0
23.9000,98,28.204658,-0.732540,-0.733413,-0.731281,1.232308,1,-0.732001,1.148353,1.000000,14.201912,2,1.420 e-3,1,2099,1128,1104,0,0,28.133928,1024,-0.037713,6,0,1104,0
22.4000,99,27.154000,-0.215298,-0.216988,-0.213581,1.401270,0,-0.210833,1.839374,1.401270,14.730999,3,1.352 e-4,1,2060,7398,1087,0,0,27.090986,512,-0.002654,3,0,1086,0
23.0000,99,27.574089,-0.425343,-0.428308,-0.422369,1.800311,1,-0.427905,1.040727,1.000000,14.525691,2,3.689 e-4,1,2129,2710,1112,0,0,27.511076,512,-0.000718,43,0,1112,0
23.9000,99,28.197221,-0.736909,-0.739511,-0.734303,1.674633,1,-0.738612,1.093094,1.000000,14.214449,2,5.586 e-5,1,2175,17901,1110,0,0,28.134208,512,-0.000372,16,0,1110,0
22.4000,100,27.217496,-0.187688,-0.189881,-0.185419,1.562372,0,-0.182492,2.093564,1.562372,14.760545,3,1.257 e-4,1,2111,7956,1089,0,0,27.148181,1024,-0.007559,4,0,1088,0
23.0000,100,27.633384,-0.395632,-0.400532,-0.390701,2.672777,1,-0.400303,1.023172,1.000000,14.516022,2,1.856 e-3,1,2141,1011,1108,0,0,27.564069,1024,-0.003032,113,0,1108,0
23.9000,100,28.257217,-0.707548,-0.708087,-0.706382,1.185922,0,-0.704605,1.416549,1.185922,14.228020,3,1.558 e-3,1,2177,3722,1107,0,0,28.187902,1024,-0.062700,2,0,1106,0
22.4000,101,27.185848,-0.200703,-0.203555,-0.197833,1.782426,0,-0.197062,1.926612,1.782426,14.756291,3,1.964 e-4,1,2098,10837,1097,0,0,27.086615,22528,-0.001922,78,0,1098,0
23.0000,101,27.604482,-0.410020,-0.411607,-0.408419,1.379995,1,-0.408533,1.364123,1.000000,14.541157,2,2.270 e-4,1,2111,4406,1084,0,0,27.505249,22528,-0.001424,2,0,1084,0
23.9000,101,28.222137,-0.718848,-0.725728,-0.711944,4.023633,0,-0.710106,4.844403,4.078258,14.226906,3,3.279 e-3,1,2140,451191,1159,0,0,28.122905,22528,-0.002405,117,0,1158,0
22.4000,102,27.163664,-0.209041,-0.215553,-0.202493,3.789065,1,-0.213462,1.237783,1.000000,14.726089,2,2.392 e-4,1,2130,10335,1148,0,0,27.102504,512,-0.003704,13,0,1148,0
23.0000,102,27.584989,-0.419704,-0.423332,-0.416073,2.096870,1,-0.419966,1.409694,1.000000,14.526652,2,1.587 e-4,1,2210,6298,1170,0,0,27.523829,512,-0.000223,3,0,1170,0
23.9000,102,28.203385,-0.728902,-0.728955,-0.728574,1.039627,0,-0.725177,1.470150,1.039627,14.222375,3,2.084 e-4,1,2206,4797,1149,0,0,28.142225,512,-0.027905,1,0,1150,0
22.4000,103,27.334619,-0.127592,-0.129872,-0.125120,1.631372,0,-0.122829,2.065622,1.631372,14.814691,3,3.134 e-4,1,2145,3189,1137,0,0,27.250773,5632,-0.019648,2,0,1136,0
23.0000,103,27.751854,-0.336209,-0.339922,-0.332271,2.198976,0,-0.331729,2.325283,2.198976,14.594586,3,1.737 e-3,1,2155,3740,1167,0,0,27.668007,5632,-0.023105,8,0,1166,0
23.9000,103,28.370975,-0.645770,-0.649349,-0.642188,2.090987,0,-0.640743,2.426498,2.090987,14.311963,3,7.870 e-5,1,2167,12706,1099,0,0,28.287129,5632,-0.000229,13,0,1100,0
22.4000,104,27.357680,-0.113346,-0.116326,-0.110268,1.877694,0,-0.107906,2.400586,1.877694,14.833646,3,9.207 e-6,1,2143,108609,1111,0,0,27.240528,195584,-0.010172,3,0,1110,0
23.0000,104,27.777567,-0.323290,-0.324518,-0.321930,1.308845,0,-0.319350,1.711636,1.308845,14.631674,3,2.086 e-4,1,2176,4793,1109,0,0,27.660416,195584,-0.013727,5,0,1110,0
23.9000,104,28.397401,-0.633207,-0.636632,-0.629666,2.063510,1,-0.634186,1.289626,1.000000,14.307774,2,1.622 e-4,1,2240,6166,1168,0,0,28.280249,195584,-0.011967,5,0,1168,0
22.4000,105,27.243818,-0.174214,-0.174239,-0.174184,1.005806,0,-0.171748,1.299015,1.005806,14.779608,3,5.164 e-4,1,2225,2267,1157,0,0,27.148365,22528,-0.000574,2,0,1158,0
23.0000,105,27.659706,-0.382158,-0.390133,-0.374183,5.337829,1,-0.389649,1.052176,1.000000,14.564296,2,6.296 e-4,1,2243,1588,1182,0,0,27.564254,22528,-0.000103,99,0,1182,0
23.9000,105,28.280238,-0.692424,-0.694022,-0.690733,1.412529,1,-0.690912,1.386194,1.000000,14.258683,2,2.200 e-4,1,2303,9747,1228,0,0,28.184785,22528,-0.009826,2,0,1228,0
22.4000,106,27.237719,-0.174586,-0.185707,-0.163466,10.565434,1,-0.182499,1.405063,1.000000,14.766494,2,2.838 e-3,1,2215,26208,1150,0,0,27.143167,22528,-0.000010,21,0,1150,0
23.0000,106,27.656223,-0.383838,-0.388727,-0.378939,2.822278,0,-0.376800,3.540585,2.822278,14.564240,3,8.372 e-5,1,2313,24594,1209,0,0,27.561671,22528,-0.001087,7,0,1208,0
23.9000,106,28.277440,-0.694447,-0.702778,-0.686115,5.848658,1,-0.699517,1.412866,1.000000,14.248858,2,6.698 e-4,1,2315,12030,1224,0,0,28.182888,22528,-0.000026,11,0,1224,0
22.4000,107,27.262070,-0.159783,-0.167309,-0.152215,5.028133,1,-0.164084,1.412030,1.000000,14.784521,2,1.245 e-4,1,2206,8031,1106,0,0,27.194314,1408,-0.004482,9,0,1106,0
23.0000,107,27.683141,-0.370318,-0.373391,-0.367244,1.930344,1,-0.370739,1.328163,1.000000,14.573106,2,1.183 e-4,1,2284,8449,1176,0,0,27.615385,1408,-0.000161,4,0,1176,0
23.9000,107,28.305030,-0.681263,-0.686188,-0.676330,2.871352,0,-0.674538,3.478281,2.871352,14.264941,3,1.031 e-3,1,2322,9443,1217,0,0,28.237274,1408,-0.000786,13,0,1216,0
22.4000,108,27.403278,-0.093017,-0.094630,-0.091381,1.420325,1,-0.091544,1.395555,1.000000,14.855021,2,1.979 e-5,1,2305,50525,1176,0,0,27.351934,256,-0.002474,2,0,1176,0
23.0000,108,27.820450,-0.301603,-0.315271,-0.287932,19.155896,1,-0.312503,1.348474,1.000000,14.632205,2,9.870 e-4,1,2275,92499,1164,0,0,27.769106,256,-0.000245,46,0,1164,0
23.9000,108,28.442999,-0.612877,-0.615900,-0.609852,1.921644,1,-0.614609,1.149692,1.000000,14.338618,2,1.281 e-4,1,2421,7807,1248,0,0,28.391655,256,-0.000185,11,0,1248,0
22.4000,109,27.367593,-0.108267,-0.117852,-0.098668,8.094070,0,-0.097847,8.851647,8.094070,14.834772,3,1.262 e-3,1,2286,1109,1201,0,0,27.288361,5632,-0.001561,188,0,1200,0
23.0000,109,27.787297,-0.318119,-0.321198,-0.314757,2.017973,0,-0.312746,2.512574,2.017973,14.628505,3,1.086 e-4,1,2366,9209,1221,0,0,27.708065,5632,-0.030764,43,0,1220,0
23.9000,109,28.410493,-0.629717,-0.632842,-0.626382,2.022082,0,-0.625406,2.249092,2.022082,14.308828,3,3.599 e-4,1,2350,3583,1245,0,0,28.331262,5632,-0.022957,6,0,1244,0
22.4000,110,27.415963,-0.087837,-0.109544,-0.066130,118.571887,1,-0.106834,1.347241,1.000000,14.838138,2,3.534 e-4,1,2317,2828,1184,0,0,27.343754,2816,-0.000004,290,0,1184,0
23.0000,110,27.831852,-0.295781,-0.298001,-0.293183,1.698787,0,-0.290356,2.318586,1.710531,14.654902,3,6.250 e-5,1,2326,15999,1221,0,0,27.759642,2816,-0.041599,8,0,1220,0
23.9000,110,28.455684,-0.607697,-0.608389,-0.606470,1.235026,1,-0.605248,1.412674,1.000000,14.342785,3,3.394 e-6,1,2458,294627,1302,0,0,28.383474,2816,-0.059014,1,0,1302,0
22.4000,111,27.406458,-0.090032,-0.108111,-0.071953,55.343646,1,-0.105273,1.370344,1.000000,14.840661,2,9.177 e-4,1,2346,1088,1256,0,0,27.292801,301312,-0.000001,125,0,1256,0
23.0000,111,27.824844,-0.299225,-0.303281,-0.295063,2.489669,0,-0.292460,3.323717,2.489669,14.643413,3,7.565 e-4,1,2387,17801,1215,0,0,27.711188,301312,-0.011736,4,0,1214,0
23.9000,111,28.443057,-0.608331,-0.611497,-0.605120,2.029578,0,-0.602255,2.789453,2.029578,14.336924,3,1.679 e-5,1,2469,59567,1315,0,0,28.329400,301312,-0.005008,3,0,1314,0
22.4000,112,27.376890,-0.102303,-0.107851,-0.096744,3.469332,0,-0.094263,4.580481,3.469332,14.844275,3,3.414 e-4,1,2301,2928,1185,0,0,27.256962,681472,-0.001271,6,0,1184,0
23.0000,112,27.797730,-0.312723,-0.321913,-0.303522,7.844098,1,-0.319168,1.359964,1.000000,14.631776,2,3.210 e-4,1,2379,3114,1248,0,0,27.677801,681472,-0.001137,17,0,1248,0
23.9000,112,28.416611,-0.622163,-0.624550,-0.619749,1.712117,1,-0.621935,1.340168,1.000000,14.329361,2,1.108 e-4,1,2441,9023,1260,0,0,28.296683,681472,-0.003205,3,0,1260,0
22.4000,113,27.408853,-0.089987,-0.102345,-0.077625,16.334769,0,-0.075597,20.542318,16.334769,14.879352,3,1.019 e-3,1,2365,2840,1279,0,0,27.283851,1362944,-0.000392,33,0,1280,0
23.0000,113,27.825968,-0.298544,-0.300341,-0.296527,1.538762,0,-0.294538,1.926571,1.538762,14.658015,3,8.711 e-5,1,2404,11478,1261,0,0,27.700967,1362944,-0.024961,18,0,1262,0
23.9000,113,28.445507,-0.608314,-0.611992,-0.604632,2.297087,1,-0.609227,1.366794,1.000000,14.336858,2,4.471 e-4,1,2459,2236,1296,0,0,28.320505,1362944,-0.000327,5,0,1296,0
22.4000,114,27.472551,-0.055658,-0.058821,-0.052493,2.057223,0,-0.051064,2.421113,2.057223,14.902345,3,7.043 e-5,1,2312,14198,1219,0,0,27.349562,1227776,-0.000223,11,0,1220,0
23.0000,114,27.892087,-0.265426,-0.274591,-0.256245,8.096499,1,-0.273627,1.116194,1.000000,14.662101,2,9.124 e-4,1,2376,1096,1198,0,0,27.769098,1227776,-0.001788,65,0,1198,0
23.9000,114,28.512272,-0.575518,-0.585892,-0.565144,10.647600,1,-0.583018,1.387736,1.000000,14.367484,2,1.451 e-3,1,2444,1936,1296,0,0,28.389283,1227776,-0.000000,22,0,1296,0
22.4000,115,27.320773,-0.135136,-0.135542,-0.134595,1.115156,0,-0.134546,1.121461,1.115156,14.820473,3,8.252 e-4,1,2399,2238,1233,0,0,27.229460,36352,-0.015588,6,0,1234,0
23.0000,115,27.736661,-0.343080,-0.360418,-0.325743,53.924699,0,-0.325262,56.989326,53.924699,14.629761,3,2.516 e-4,1,2472,3974,1271,0,0,27.645348,36352,-0.000037,180,0,1272,0
23.9000,115,28.357480,-0.653490,-0.656511,-0.650463,2.004772,0,-0.648823,2.420681,2.004772,14.304356,3,1.705 e-3,1,2460,54403,1283,0,0,28.266167,36352,-0.000696,7,0,1284,0
22.4000,116,27.380506,-0.102822,-0.109273,-0.096367,4.469134,0,-0.094865,5.319396,4.469134,14.843722,3,3.708 e-4,1,2345,5178,1253,0,0,27.300080,11264,-0.000337,11,0,1252,0
23.0000,116,27.798784,-0.311961,-0.314538,-0.309384,1.818299,1,-0.311913,1.355941,1.000000,14.634206,2,3.686 e-4,1,2410,2713,1226,0,0,27.718359,11264,-0.000021,3,0,1226,0
23.9000,116,28.420227,-0.622682,-0.624931,-0.620135,1.744087,0,-0.618260,2.168056,1.744087,14.334625,3,1.209 e-4,1,2578,8272,1341,0,0,28.339801,11264,-0.034552,3,0,1342,0
22.4000,117,27.337792,-0.121771,-0.126122,-0.117416,2.769383,1,-0.123226,1.403376,1.000000,14.827033,2,8.579 e-4,1,2454,1164,1280,0,0,27.215459,1644544,-0.000541,5,0,1280,0
23.0000,117,27.758420,-0.332085,-0.336634,-0.327436,2.933339,1,-0.334357,1.305248,1.000000,14.617877,2,2.215 e-4,1,2481,4514,1320,0,0,27.636087,1644544,-0.011725,7,0,1320,0
23.9000,117,28.380475,-0.643113,-0.646101,-0.640027,2.035279,0,-0.637445,2.753122,2.128834,14.314941,3,5.289 e-4,1,2512,7079,1311,0,0,28.258142,1644544,-0.011373,54,0,1312,0
22.4000,118,27.271504,-0.158423,-0.161766,-0.155079,2.201365,0,-0.153734,2.579945,2.201365,14.778524,3,8.537 e-4,1,2429,12592,1295,0,0,27.204190,2816,-0.000006,5,0,1294,0
23.0000,118,27.688567,-0.366954,-0.367446,-0.366428,1.127674,1,-0.365546,1.251312,1.000000,14.577476,3,1.519 e-4,1,2546,6584,1304,0,0,27.621253,2816,-0.004045,3,0,1304,0
23.9000,118,28.311224,-0.678283,-0.689463,-0.667103,13.990391,1,-0.686546,1.410771,1.000000,14.263386,2,2.428 e-4,1,2586,4117,1346,0,0,28.243910,2816,-0.000042,28,0,1346,0
22.4000,119,27.269144,-0.157226,-0.176566,-0.137885,99.792627,1,-0.175062,1.196044,1.000000,14.766024,2,2.490 e-4,1,2474,65110,1308,0,0,27.222545,256,-0.000010,463,0,1308,0
23.0000,119,27.688527,-0.366917,-0.369936,-0.363778,2.080939,1,-0.367824,1.285710,1.000000,14.584808,2,3.892 e-4,1,2569,4475,1328,0,0,27.641929,256,-0.014419,6,0,1328,0
23.9000,119,28.311777,-0.678542,-0.680914,-0.676145,1.764010,0,-0.672742,2.644622,1.958425,14.278997,3,3.258 e-4,1,2541,14429,1299,0,0,28.265179,256,-0.003076,61,0,1300,0
22.4000,120,27.321696,-0.134388,-0.150625,-0.118150,49.251497,0,-0.117247,54.891658,49.251497,14.793514,3,7.755 e-5,1,2466,12893,1307,0,0,27.249728,5632,-0.000026,124,0,1306,0
23.0000,120,27.737584,-0.342332,-0.346324,-0.338340,2.606496,0,-0.338103,2.681719,2.606496,14.587579,3,6.396 e-4,1,2623,1277,1367,0,0,27.665616,5632,-0.000001,84,0,1366,0
23.9000,120,28.361417,-0.654248,-0.656549,-0.651947,1.737134,1,-0.653703,1.407002,1.000000,14.296666,2,2.750 e-5,1,2602,36368,1366,0,0,28.289448,5632,-0.000031,3,0,1366,0
