tag,n,logidx,halflogcov,logl1,logl2,skew,incone,logcone,rho,rho2,gcdflag,cflen,cfmax,cfidx,cfkind,cfpq
S,4,9.814282,6.611084,6.515555,6.709638,2.173486,1,6.524187,1.035130,1.000000,1,18,2371,12,0,0
S,5,9.379392,6.358537,6.317344,6.399739,1.509798,0,6.437256,1.821319,1.509798,1,29,44,17,0,0
S,6,9.285141,6.352288,6.299609,6.408959,1.927262,0,6.429292,2.177326,1.927262,1,49,14,27,0,0
S,7,10.417825,6.902200,6.847946,6.958559,2.169067,0,6.988478,2.674411,2.169067,1,58,327,37,0,0
S,8,10.718697,7.042813,6.992496,7.093228,2.238625,0,7.116338,2.693230,2.238625,1,51,70,33,0,0
S,9,10.823880,7.089469,7.040256,7.138699,2.425370,0,7.154422,2.794062,2.425370,1,81,26,37,0,0
S,10,10.557000,6.952493,6.889545,7.015658,3.529392,1,6.915968,1.302419,1.000000,1,86,135,52,0,0
S,11,10.240284,6.823643,6.811922,6.836890,1.316055,1,6.843376,1.413382,1.000000,1,84,42,42,0,0
S,12,10.945461,7.172619,7.161078,7.184170,1.319317,1,7.189055,1.398965,1.000000,1,74,1874,46,0,0
S,13,10.545634,6.970175,6.968190,6.978710,1.146558,1,6.993562,1.390752,1.000000,1,101,137,50,0,0
S,14,11.546154,7.468684,7.465422,7.475292,1.148179,0,7.495242,1.518126,1.148179,1,115,60,61,0,0
S,15,11.374896,7.381873,7.341594,7.422218,3.351348,1,7.357990,1.278828,1.000000,1,121,44,72,0,0
S,16,10.663965,7.025647,7.010347,7.041381,1.643017,0,7.067908,2.511711,1.820332,1,115,119,59,0,0
S,17,10.825897,7.106170,7.108222,7.111337,1.054369,1,7.111324,1.054146,1.000000,1,137,94,82,0,0
S,18,11.210352,7.298194,7.297020,7.303909,1.132027,0,7.309036,1.241469,1.132027,1,132,1977,85,0,0
S,19,11.587683,7.486837,7.473665,7.500227,1.656437,0,7.517275,2.290072,1.656437,1,157,179,81,0,0
S,20,11.322784,7.354506,7.293759,7.415261,11.359480,1,7.310494,1.397537,1.000000,1,159,2227,98,0,0
S,21,11.165255,7.275966,7.271625,7.281710,1.235890,1,7.287438,1.393864,1.000000,1,162,135,88,0,0
S,22,11.541324,7.480060,7.479060,7.481460,1.054211,1,7.491562,1.316606,1.000000,1,161,109,86,0,0
S,23,11.467351,7.442757,7.420976,7.464539,2.723529,1,7.421475,1.011529,1.000000,1,170,234,96,0,0
S,24,11.400751,7.409245,7.371661,7.446829,6.074087,0,7.451596,6.810252,6.074087,1,190,71005,111,0,0
S,25,11.345037,7.381262,7.378374,7.384917,1.177729,1,7.392227,1.413867,1.000000,1,183,418,100,0,0
S,26,11.219791,7.318584,7.303236,7.334000,2.225218,0,7.336515,2.375566,2.225218,1,186,209,107,0,0
S,27,11.250851,7.334117,7.331353,7.337429,1.178275,1,7.343108,1.373540,1.000000,1,208,1738,118,0,0
S,28,11.578445,7.497966,7.495989,7.500351,1.129901,0,7.510713,1.510251,1.129901,1,202,795,111,0,0
S,29,11.569727,7.493699,7.490574,7.496972,1.203893,0,7.515968,2.088449,1.491966,1,215,408,117,0,0
S,30,11.427690,7.422805,7.400126,7.445496,3.900479,0,7.447464,4.137741,3.900479,1,223,1052,125,0,0
S,31,11.625958,7.522092,7.493272,7.551021,5.990782,1,7.503187,1.359833,1.000000,1,253,568,140,0,0
S,32,11.515980,7.467278,7.443005,7.491557,4.728741,0,7.496422,5.525400,4.728741,1,262,106,161,0,0
S,33,11.819853,7.619409,7.616290,7.622831,1.240902,0,7.632796,1.724054,1.240902,1,261,1294,151,0,0
S,34,11.840813,7.630099,7.630852,7.632892,1.071829,1,7.630863,1.000372,1.000000,1,269,2555,150,0,0
S,35,11.446907,7.433368,7.429747,7.437195,1.297797,0,7.445601,1.741724,1.297797,1,260,3658,149,0,0
S,36,11.426263,7.423278,7.417703,7.429496,1.528905,0,7.433427,1.761308,1.528905,1,271,3699,161,0,0
S,37,11.170037,7.295406,7.265955,7.324869,8.844692,0,7.330746,10.992881,8.844692,1,278,167,147,0,0
S,38,11.446200,7.433734,7.422774,7.444901,2.318282,0,7.447011,2.511864,2.318282,1,283,363,151,0,0
S,39,11.710901,7.566337,7.554161,7.578516,2.585251,1,7.556874,1.111584,1.000000,1,342,961,176,0,0
S,40,11.492718,7.457501,7.444569,7.470444,2.815187,1,7.452263,1.360392,1.000000,1,328,979,180,0,0
S,41,11.669439,7.546120,7.532083,7.560271,3.176203,0,7.563014,3.554266,3.176203,1,312,289,173,0,0
S,42,11.711804,7.567563,7.535913,7.599224,14.282892,0,7.606992,19.792508,14.282892,1,314,265,179,0,0
S,43,11.602707,7.521335,7.520001,7.523478,1.161291,0,7.528206,1.423098,1.161291,1,326,1924,179,0,0
S,44,11.684960,7.562540,7.556489,7.569438,1.767849,0,7.575468,2.305037,1.767849,1,335,372,189,0,0
S,45,11.673948,7.557121,7.555476,7.560192,1.236433,0,7.561336,1.301761,1.236433,1,339,1118,189,0,0
S,46,11.532793,7.486636,7.459596,7.513691,12.042015,1,7.464808,1.270930,1.000000,1,362,1454,206,0,0
S,47,11.793139,7.616909,7.588046,7.645779,15.081397,1,7.593846,1.313396,1.000000,1,349,4672,196,0,0
S,48,11.832284,7.636586,7.632729,7.641187,1.500745,0,7.648138,2.095126,1.500745,1,367,523,201,0,0
S,49,11.755287,7.598196,7.590695,7.605699,2.085919,1,7.597607,1.403111,1.000000,1,394,8669,220,0,0
S,50,11.747486,7.594409,7.590903,7.598910,1.492353,0,7.604837,2.007069,1.492353,1,370,338,215,0,0
S,51,11.517143,7.479354,7.458323,7.500386,8.543622,0,7.504323,10.443570,8.543622,1,373,8585,205,0,0
S,52,11.544314,7.493059,7.476615,7.509549,5.543234,0,7.512233,6.373699,5.543234,1,406,483,227,0,0
S,53,11.949393,7.695720,7.676554,7.714886,7.626374,1,7.679406,1.163176,1.000000,1,429,539,264,0,0
S,54,11.692072,7.567184,7.559408,7.575011,2.322272,0,7.579032,2.885503,2.322272,1,444,183,265,0,0
S,55,11.514869,7.478708,7.470373,7.487059,2.503595,1,7.475058,1.293900,1.000000,1,417,2114,224,0,0
S,56,11.428349,7.435575,7.434732,7.437431,1.163185,1,7.436599,1.110252,1.000000,1,442,3402,244,0,0
S,57,11.473636,7.458346,7.435662,7.481030,13.276183,0,7.483221,15.042048,13.276183,1,424,1112,229,0,0
S,58,11.544616,7.493965,7.492515,7.496426,1.254608,0,7.500214,1.562876,1.254608,1,474,835,265,0,0
S,59,11.746285,7.594929,7.527920,7.661938,2716.403796,1,7.533354,1.377972,1.000000,1,465,6043,264,0,0
S,60,11.680453,7.562143,7.562108,7.562425,1.019189,0,7.565265,1.208549,1.019189,1,468,1486,277,0,0
S,61,11.618695,7.531395,7.524213,7.538667,2.415061,1,7.527458,1.218896,1.000000,1,455,551,258,0,0
S,62,11.535472,7.489914,7.483508,7.496331,2.214537,0,7.499863,2.756588,2.214537,1,492,754,271,0,0
S,63,11.618132,7.531374,7.527674,7.535094,1.595870,0,7.538686,2.001189,1.595870,1,456,5298,247,0,0
S,64,11.756952,7.600914,7.586596,7.615235,6.251889,0,7.617957,7.441658,6.251889,1,525,15711,283,0,0
S,65,11.846746,7.645941,7.637268,7.654706,3.106342,1,7.638221,1.063917,1.000000,1,547,1165,292,0,0
S,66,11.624323,7.534859,7.535592,7.535669,1.005107,1,7.536368,1.052574,1.000000,1,494,1985,268,0,0
S,67,11.732908,7.589281,7.575790,7.602816,6.115148,1,7.576521,1.050165,1.000000,1,506,2962,256,0,0
S,68,11.619154,7.532533,7.530817,7.534817,1.312591,0,7.537919,1.620839,1.312591,1,516,675,285,0,0
S,69,11.681474,7.563821,7.549127,7.578517,7.598319,1,7.553090,1.314528,1.000000,1,501,2900,282,0,0
S,70,11.687107,7.566765,7.559006,7.574704,3.000773,0,7.576462,3.393665,3.000773,1,560,1399,321,0,0
S,71,11.692715,7.569695,7.569286,7.570153,1.063535,1,7.572843,1.287301,1.000000,1,546,939,316,0,0
S,72,11.698819,7.572873,7.545176,7.600571,53.971274,0,7.602787,63.306887,53.971274,1,494,706,285,0,0
S,73,11.704883,7.576030,7.573228,7.578859,1.508425,1,7.574652,1.109517,1.000000,1,588,427,334,0,0
S,74,11.843442,7.645434,7.641530,7.649354,1.784272,1,7.642841,1.101921,1.000000,1,593,258,348,0,0
S,75,11.784240,7.615956,7.611953,7.619965,1.823741,0,7.623811,2.433512,1.823741,1,541,7005,323,0,0
S,76,11.724035,7.585976,7.568244,7.603711,14.813213,1,7.572731,1.406423,1.000000,1,572,834,312,0,0
S,77,11.890166,7.669163,7.660895,7.677501,3.591946,1,7.661834,1.075058,1.000000,1,599,486,348,0,0
S,78,12.052704,7.750553,7.748375,7.752778,1.409756,0,7.756629,1.903670,1.409756,1,625,1093,359,0,0
S,79,11.875506,7.662073,7.659075,7.665111,1.610938,1,7.660833,1.148986,1.000000,1,610,3492,336,0,0
S,80,11.862754,7.655816,7.647715,7.663996,3.678569,1,7.651712,1.376861,1.000000,1,599,958,348,0,0
S,81,11.666498,7.557805,7.557648,7.558260,1.050805,1,7.561886,1.409598,1.000000,1,649,1906,364,0,0
S,82,11.893632,7.671489,7.663579,7.679438,3.670860,0,7.682188,4.599241,3.670860,1,611,3714,327,0,0
S,83,11.773780,7.611678,7.596653,7.626706,12.114204,1,7.600753,1.405367,1.000000,1,642,1330,348,0,0
S,84,11.906479,7.678142,7.671882,7.684422,2.867149,1,7.673001,1.098574,1.000000,1,685,1259,376,0,0
S,85,11.886803,7.668418,7.664738,7.672481,1.931329,0,7.675101,2.413060,1.931329,1,636,3341,361,0,0
S,86,11.826976,7.642647,7.642428,7.643352,1.082665,0,7.646994,1.480899,1.082665,1,705,670,383,0,0
S,87,11.834844,7.646646,7.646817,7.647298,1.042725,1,7.648765,1.184735,1.000000,1,694,2692,398,0,0
S,88,11.815372,7.636975,7.635139,7.638819,1.382444,1,7.637604,1.242291,1.000000,1,703,1735,376,0,0
S,89,11.709347,7.584028,7.583141,7.584973,1.177086,0,7.588008,1.542185,1.177086,1,708,347,377,0,0
S,90,11.581831,7.520335,7.501764,7.538906,28.297472,1,7.503717,1.192205,1.000000,1,691,2254,378,0,0
S,91,11.638050,7.548509,7.535354,7.561671,10.966264,1,7.536896,1.150617,1.000000,1,728,4885,402,0,0
S,92,11.648603,7.553850,7.546741,7.560960,3.699357,0,7.562407,4.226258,3.699357,1,741,799,419,0,0
S,93,11.619387,7.539307,7.538677,7.539941,1.124828,0,7.543563,1.575351,1.124828,1,684,2205,385,0,0
S,94,11.670033,7.564695,7.563716,7.565722,1.207446,0,7.569102,1.659095,1.207446,1,744,1340,395,0,0
S,95,11.660263,7.559874,7.554524,7.565273,2.776509,0,7.567695,3.494637,2.776509,1,728,2824,409,0,0
S,96,11.646061,7.552837,7.548401,7.557321,2.354373,0,7.557325,2.355251,2.354373,1,786,1134,433,0,0
S,97,11.642499,7.551120,7.535042,7.567199,22.629702,1,7.538026,1.335706,1.000000,1,759,988,416,0,0
S,98,11.703511,7.581690,7.555168,7.608213,180.984764,1,7.558443,1.378517,1.000000,1,805,2611,456,0,0
S,99,11.701719,7.580857,7.580799,7.580933,1.013390,1,7.584223,1.403525,1.000000,1,749,36581,424,0,0
S,100,11.753382,7.606752,7.600902,7.612616,3.226419,0,7.614987,4.089879,3.329504,1,778,1117,433,0,0
S,101,11.744450,7.602350,7.601894,7.603429,1.167744,0,7.607430,1.749192,1.249050,1,747,560,427,0,0
S,102,11.710559,7.585467,7.584458,7.586493,1.230681,1,7.586443,1.224388,1.000000,1,805,1234,460,0,0
S,103,11.890224,7.675361,7.665759,7.684967,7.231603,1,7.669110,1.412168,1.000000,1,837,10076,454,0,0
S,104,11.895166,7.677895,7.671129,7.684678,4.092034,0,7.685256,4.345791,4.092034,1,826,3129,477,0,0
S,105,11.796538,7.628643,7.626771,7.630720,1.513850,1,7.629104,1.277660,1.000000,1,866,1587,452,0,0
S,106,11.792308,7.626589,7.623416,7.629851,1.978148,1,7.626228,1.347275,1.000000,1,880,1872,484,0,0
S,107,11.805536,7.633264,7.632891,7.633638,1.083238,0,7.636110,1.411262,1.083238,1,847,1737,487,0,0
S,108,11.935827,7.698471,7.698542,7.698602,1.006445,0,7.701773,1.417548,1.006445,1,911,1179,517,0,0
S,109,11.921221,7.691228,7.687672,7.694811,2.177394,0,7.696811,2.707877,2.177394,1,895,1134,503,0,0
S,110,11.958781,7.710069,7.709647,7.711035,1.165065,1,7.712046,1.302003,1.000000,1,836,2664,456,0,0
S,111,11.963639,7.712557,7.711872,7.713514,1.199954,1,7.713264,1.167096,1.000000,1,867,1048,484,0,0
S,112,11.904855,7.683225,7.674851,7.691600,6.526328,0,7.693529,8.100613,6.526328,1,850,1281,469,0,0
S,113,11.951057,7.706385,7.706295,7.707386,1.131247,0,7.709327,1.408743,1.131247,1,875,3536,487,0,0
S,114,12.016585,7.739208,7.730885,7.747547,6.682114,1,7.732966,1.267703,1.000000,1,889,728,496,0,0
S,115,11.866605,7.664276,7.664186,7.664369,1.021259,1,7.664778,1.070494,1.000000,1,929,18564,508,0,0
S,116,11.922129,7.692097,7.692168,7.692265,1.011312,1,7.694492,1.309384,1.000000,1,930,3573,518,0,0
S,117,11.898975,7.680578,7.672036,7.689130,7.389103,0,7.690574,8.749823,7.389103,1,917,2400,487,0,0
S,118,11.810797,7.636546,7.630489,7.642603,4.176096,0,7.644108,4.988096,4.176096,1,921,1086,511,0,0
S,119,11.821864,7.642136,7.637728,7.646548,2.856337,0,7.648670,3.676711,2.856337,1,913,2839,523,0,0
S,120,11.852962,7.657742,7.656092,7.659393,1.486167,1,7.658875,1.396521,1.000000,1,988,920,566,0,0
