k,n,ok,brk,idx,parity,len,irat,pqat,pqnext,pqw5,pqw20,pqmax,logh11,logh22,logmz,logg0,incone,redst,jhi,rho,rho2,skew,loglam1,logcone,logq,v2qp,dinf,d2,q1,q2,q3,q4,q5,q6,q7,q8,q9,cY,cX,cIdx,intq
22.3500,2915,1,1,32049,1,61690,0.519525,3,48,86,86,77823,27.48711,0.00480,2.36647,0.01087,0,1,3,28.128698,22.877897,22.877897,-0.001116,0.000029,14.959785,4816,-0.000002,0.076550,25562,10374,5754,3690,2600,1833,1448,1122,9306,1,1,1,1
22.4000,2915,1,1,32311,1,61637,0.524223,2,60,60,156,240056,27.52183,0.00480,2.36647,0.01087,0,1,3,22.544842,20.784500,20.784500,-0.018458,-0.017389,14.942586,4670,0.001164,0.074315,25474,10600,5701,3608,2530,1796,1438,1080,9409,1,1,1,1
23.0000,2915,1,1,32871,1,63047,0.521381,1,1,16,32,28214,27.93771,0.00480,2.36647,0.01087,0,0,3,1.576065,1.137583,1.137583,-0.225904,-0.225748,14.735305,2921,0.015320,0.047137,26239,10864,5764,3704,2557,1876,1429,1114,9499,1,1,1,1
23.9000,2915,1,1,33419,1,64419,0.518784,2,3,42,92,396581,28.56143,0.00480,2.36647,0.01087,0,1,3,1.735496,1.491862,1.491862,-0.537801,-0.537612,14.423700,298,0.037273,0.004913,26935,10884,5968,3778,2542,1856,1445,1135,9875,1,1,1,1
22.3500,2916,1,1,32487,1,61949,0.524424,2,29,29,89,49190,27.48781,0.00684,2.36756,0.01063,0,1,3,1.873050,1.401686,1.360033,0.000831,0.001046,14.962280,4818,-0.000070,0.076543,25850,10498,5698,3598,2522,1824,1460,1148,9350,1,1,1,1
22.4000,2916,1,1,32411,1,62210,0.521002,5,14,68,68,59581,27.52251,0.00684,2.36756,0.01063,0,1,3,4.786882,4.442118,4.442118,-0.016734,-0.016197,14.944054,4674,0.001084,0.074346,25918,10599,5844,3655,2479,1917,1380,1100,9317,1,1,1,1
23.0000,2916,1,1,32504,0,62474,0.520289,3,3,4,49,111684,27.93850,0.00684,2.36756,0.01063,1,0,2,1.342201,1.000000,1.550412,-0.224538,-0.224437,14.736793,2922,0.015230,0.047132,25827,10597,5901,3667,2546,1806,1390,1106,9633,1,1,1,1
23.9000,2916,1,1,33353,1,64238,0.519218,1,1,18,30,415752,28.56223,0.00684,2.36756,0.01063,0,0,3,1.471414,1.054029,1.054029,-0.536346,-0.536214,14.424857,298,0.037173,0.004911,26643,10881,5979,3803,2571,1910,1451,1187,9812,1,1,1,1
22.3500,2917,1,1,32084,0,61878,0.518513,1,4,13,37,217427,27.48497,0.00763,2.36681,0.01517,1,1,3,1.168668,1.000000,1.088169,-0.000073,-0.000020,14.960720,4816,0.000001,0.076493,25681,10640,5652,3659,2526,1879,1442,1092,9306,1,1,1,1
22.4000,2917,1,1,32154,0,61974,0.518839,39,6,192,192,379739,27.51966,0.00763,2.36681,0.01517,1,0,2,1.222396,1.000000,1.673291,-0.017496,-0.017427,14.943862,4670,0.001166,0.074258,25851,10574,5733,3595,2534,1780,1398,1103,9405,1,1,1,1
23.0000,2917,1,1,32602,0,62724,0.519777,5,12,12,74,26725,27.93574,0.00763,2.36681,0.01517,1,1,2,1.285165,1.000000,4.110584,-0.225693,-0.225607,14.735654,2919,0.015310,0.047071,25835,10678,5900,3763,2478,1882,1459,1096,9632,1,1,1,1
23.9000,2917,1,1,33486,0,64325,0.520583,2,3,42,920,223155,28.55950,0.00763,2.36681,0.01517,1,0,2,1.329651,1.000000,1.738165,-0.537424,-0.537326,14.423912,294,0.037252,0.004843,26792,10876,5995,3751,2603,1902,1433,1164,9808,1,1,1,1
22.3500,2918,1,1,32397,1,61961,0.522870,1,49,49,803,69249,27.48816,0.00480,2.35936,0.01086,0,1,3,13.046413,12.078333,12.078333,-0.000472,0.000408,14.961757,4821,-0.000027,0.076541,25794,10500,5769,3738,2435,1789,1420,1158,9357,1,1,1,1
22.4000,2918,1,1,32287,1,61790,0.522536,1,1,32,758,305120,27.52284,0.00480,2.35936,0.01086,0,0,3,1.460744,1.074101,1.074101,-0.017393,-0.017264,14.943754,4675,0.001155,0.074313,25538,10529,5762,3667,2540,1893,1343,1101,9416,1,1,1,1
23.0000,2918,1,1,32505,1,62631,0.519000,1,7,7,19,321793,27.93877,0.00480,2.35936,0.01086,0,1,3,4.478833,3.635184,3.635184,-0.225574,-0.225061,14.735521,2927,0.015273,0.047184,25912,10564,5776,3717,2673,1835,1493,1123,9537,1,1,1,1
23.9000,2918,1,1,33688,0,64609,0.521421,8,56,56,56,206997,28.56256,0.00480,2.35936,0.01086,1,0,2,1.068890,1.000000,4.069963,-0.537486,-0.537464,14.423882,299,0.037262,0.004924,26927,10913,6070,3738,2646,1934,1475,1127,9778,1,1,1,1
22.3500,2919,1,1,32191,1,61569,0.522853,1,975,975,975,96808,27.48820,0.00480,2.35958,0.01331,0,1,3,1.989917,1.425784,1.170979,0.000036,0.000272,14.961343,4821,-0.000018,0.076517,25554,10382,5650,3624,2587,1795,1384,1077,9515,1,1,1,1
22.4000,2919,1,1,32193,1,61684,0.521910,1,3,20,61,59725,27.52287,0.00480,2.35958,0.01331,0,1,3,2.325986,1.907512,1.907512,-0.017380,-0.017091,14.944210,4676,0.001144,0.074301,25578,10330,5745,3561,2542,1869,1418,1085,9555,1,1,1,1
23.0000,2919,1,1,32990,0,63001,0.523651,14,4,14,53,182856,27.93890,0.00480,2.35958,0.01331,1,1,2,1.392531,1.000000,2.144213,-0.225416,-0.225303,14.735885,2926,0.015289,0.047151,26112,10645,5933,3778,2561,1935,1431,1116,9489,1,1,1,1
23.9000,2919,1,1,33442,0,64273,0.520320,1,6,8,103,110957,28.56271,0.00480,2.35958,0.01331,1,0,3,1.132230,1.000000,1.107689,-0.537194,-0.537152,14.424172,296,0.037240,0.004873,26573,11041,5910,3771,2692,1945,1418,1150,9772,1,1,1,1
22.3500,2920,1,1,32365,1,61756,0.524087,2,1,64,143,204141,27.49146,0.00503,2.36647,0.01255,0,0,3,1.370910,1.032956,1.032956,0.001645,0.001753,14.962729,4826,-0.000117,0.076563,25595,10338,5800,3706,2583,1835,1392,1107,9399,1,1,1,1
22.4000,2920,1,1,32528,0,62042,0.524298,1,4,25,37,87694,27.52611,0.00503,2.36647,0.01255,1,1,3,1.180445,1.000000,1.149788,-0.015688,-0.015631,14.945133,4678,0.001046,0.074302,25666,10488,5919,3698,2517,1878,1494,1062,9319,1,1,1,1
23.0000,2920,1,1,32791,1,63022,0.520319,1,38,240,240,76064,27.94200,0.00503,2.36647,0.01255,0,0,3,4.905052,4.417982,4.417982,-0.223877,-0.223332,14.737268,2928,0.015154,0.047162,26080,10867,5879,3715,2543,1862,1407,1150,9518,1,1,1,1
23.9000,2920,1,1,33488,0,64696,0.517629,3,4,4,91,148223,28.56583,0.00503,2.36647,0.01255,1,0,2,1.278319,1.000000,1.574290,-0.535613,-0.535529,14.425736,298,0.037123,0.004904,26942,11100,5966,3780,2639,1942,1479,1123,9724,1,1,1,1
22.3500,2921,1,1,32361,1,62072,0.521355,1,81,81,133,331840,27.48236,0.00952,2.36148,0.01296,0,1,3,29.920272,27.593149,27.593149,-0.001135,0.000029,14.960032,4824,-0.000002,0.076519,25862,10627,5788,3524,2524,1913,1409,1116,9308,1,1,1,1
22.4000,2921,1,1,32280,0,61882,0.521646,13,88,270,337,22078,27.51701,0.00952,2.36148,0.01296,1,0,2,1.061580,1.000000,5.632782,-0.018185,-0.018165,14.943184,4678,0.001216,0.074287,25898,10386,5705,3571,2457,1794,1355,1135,9580,1,1,1,1
23.0000,2921,1,1,32842,0,62957,0.521666,1,3,13,563,27448,27.93299,0.00952,2.36148,0.01296,1,0,2,1.303119,1.000000,1.583769,-0.225960,-0.225869,14.735384,2923,0.015328,0.047072,26207,10660,5815,3732,2555,1882,1427,1116,9562,1,1,1,1
23.9000,2921,1,1,33701,1,64517,0.522367,1,9,174,174,73184,28.55661,0.00952,2.36148,0.01296,0,1,3,3.630834,3.336481,3.336481,-0.537897,-0.537455,14.423904,296,0.037261,0.004870,26759,10968,5985,3872,2580,1922,1534,1144,9752,1,1,1,1
22.3500,2922,1,1,32116,0,62019,0.517850,3,2,25,66,112821,27.47741,0.00929,2.35242,0.01394,1,1,3,1.408483,1.000000,1.160066,-0.003100,-0.002983,14.958117,4825,0.000199,0.076518,25719,10566,5738,3705,2624,1906,1403,1070,9287,1,1,1,1
22.4000,2922,1,1,32509,1,62289,0.521914,1,5,18,19,306574,27.51204,0.00929,2.35242,0.01394,0,1,3,3.580931,2.824098,2.824098,-0.020569,-0.020132,14.940582,4678,0.001347,0.074274,25963,10618,5942,3657,2524,1803,1411,1095,9275,1,1,1,1
23.0000,2922,1,1,33018,0,63257,0.521974,5,2,141,214,928956,27.92812,0.00929,2.35242,0.01394,1,1,3,1.388432,1.000000,1.157393,-0.228441,-0.228329,14.732865,2924,0.015498,0.047080,26347,10733,5816,3755,2585,1840,1507,1122,9551,1,1,1,1
23.9000,2922,1,1,33365,1,64407,0.518042,3,25,25,264,158690,28.55176,0.00929,2.35242,0.01394,0,0,3,4.735782,4.465021,4.465021,-0.540508,-0.539975,14.420426,295,0.037445,0.004853,26747,10758,6038,3870,2643,1959,1458,1116,9817,1,1,1,1
22.3500,2923,1,1,32368,0,62017,0.521930,2,325,325,325,798380,27.48072,0.00431,2.36082,0.01166,1,1,2,1.397711,1.000000,155.547510,-0.004926,-0.004811,14.956264,4831,0.000322,0.076597,25917,10557,5591,3640,2547,1827,1446,1078,9413,1,1,1,1
22.4000,2923,1,1,32239,1,61801,0.521667,1,166,166,166,131478,27.51534,0.00431,2.36082,0.01166,0,1,3,26.679673,25.971808,25.971808,-0.021931,-0.020807,14.940557,4685,0.001393,0.074360,25445,10472,5767,3701,2576,1873,1410,1118,9438,1,1,1,1
23.0000,2923,1,1,32849,1,62927,0.522026,4,3,75,200,240777,27.93128,0.00431,2.36082,0.01166,0,0,3,1.550821,1.374366,1.374366,-0.229389,-0.229239,14.731412,2931,0.015561,0.047181,26036,10704,5886,3704,2664,1814,1407,1165,9546,1,1,1,1
23.9000,2923,1,1,33773,1,64743,0.521655,3,10,25,33,162318,28.55494,0.00431,2.36082,0.01166,0,1,3,6.050636,4.948423,4.948423,-0.541448,-0.540832,14.420515,302,0.037504,0.004966,26984,10989,6047,3842,2639,1921,1408,1173,9739,1,1,1,1
22.3500,2924,1,1,31843,1,61340,0.519131,1,12,41,41,1299687,27.48338,0.00455,2.35691,0.01126,0,1,3,4.723733,3.943263,3.943263,-0.002768,-0.002237,14.959063,4833,0.000150,0.076588,25261,10434,5748,3616,2481,1767,1400,1149,9483,1,1,1,1
22.4000,2924,1,1,32257,1,62134,0.519161,1,3,17,56,130754,27.51799,0.00455,2.35691,0.01126,0,0,3,1.420041,1.033852,1.033852,-0.019839,-0.019719,14.941318,4690,0.001320,0.074410,25848,10506,5744,3715,2571,1829,1457,1108,9355,1,1,1,1
23.0000,2924,1,1,32865,1,62997,0.521700,1,1430,1430,1430,165711,27.93402,0.00455,2.35691,0.01126,0,1,3,7.791519,7.271499,7.271039,-0.228193,-0.227491,14.733855,2932,0.015440,0.047173,26108,10773,5923,3679,2503,1876,1439,1122,9573,1,1,1,1
23.9000,2924,1,1,33549,1,64600,0.519342,1,51,51,56,1163890,28.55771,0.00455,2.35691,0.01126,0,1,3,12.164419,11.247261,11.247261,-0.540113,-0.539258,14.421192,301,0.037393,0.004948,26702,11151,6046,3729,2587,1895,1435,1169,9885,1,1,1,1
22.3500,2925,1,1,32225,1,61859,0.520951,1,5,21,79,156502,27.47891,0.00479,2.34923,0.01130,0,1,3,3.810831,2.840424,2.840424,-0.004743,-0.004286,14.956398,4833,0.000287,0.076575,25552,10539,5838,3587,2506,1816,1390,1092,9538,1,1,1,1
22.4000,2925,1,1,32414,0,62139,0.521645,1,1,101,1320,539006,27.51375,0.00479,2.34923,0.01130,1,0,3,1.413219,1.000000,1.304116,-0.022026,-0.021908,14.939238,4684,0.001466,0.074300,25652,10761,5851,3616,2524,1804,1400,1154,9376,1,1,1,1
23.0000,2925,1,1,32884,0,63165,0.520613,1,1,6,33,88872,27.92963,0.00479,2.34923,0.01130,1,1,3,1.344197,1.000000,1.104462,-0.229936,-0.229835,14.731163,2929,0.015602,0.047117,26326,10841,5807,3700,2488,1847,1438,1118,9599,1,1,1,1
23.9000,2925,1,1,33692,0,64504,0.522332,2,7,8,48,64540,28.55335,0.00479,2.34923,0.01130,1,0,2,1.212252,1.000000,1.961362,-0.541899,-0.541834,14.419461,297,0.037577,0.004881,26900,10794,5991,3769,2594,1970,1444,1154,9887,1,1,1,1
22.3500,2926,1,1,32394,0,62164,0.521114,1,64,64,137,103164,27.47985,0.00615,2.35748,0.01173,1,1,2,1.062469,1.000000,4.244570,-0.003812,-0.003791,14.957558,4834,0.000253,0.076559,25689,10617,5873,3653,2596,1883,1390,1109,9353,1,1,1,1
22.4000,2926,1,1,32446,0,62015,0.523204,1,9,9,46,45266,27.51444,0.00615,2.35748,0.01173,1,1,3,1.091140,1.000000,1.050513,-0.020863,-0.020833,14.940506,4688,0.001394,0.074332,25604,10638,5727,3607,2565,1829,1406,1114,9524,1,1,1,1
23.0000,2926,1,1,32849,1,63043,0.521065,7,4,24,25,72923,27.93042,0.00615,2.35748,0.01173,0,1,3,3.351557,2.485918,2.485918,-0.229005,-0.228591,14.732707,2932,0.015516,0.047145,26238,10582,5817,3675,2537,2014,1517,1097,9565,1,1,1,1
23.9000,2926,1,1,33767,1,64671,0.522143,3,5,7,44,57961,28.55416,0.00615,2.35748,0.01173,0,1,3,3.995851,2.886956,2.886956,-0.540899,-0.540426,14.420916,300,0.037475,0.004928,26962,10824,5934,3851,2703,1915,1508,1108,9865,1,1,1,1
22.3500,2927,1,1,32188,0,61805,0.520808,1,1,36,46,1682666,27.47487,0.00647,2.36590,0.01220,1,1,3,1.413079,1.000000,1.448889,-0.005862,-0.005744,14.955376,4839,0.000384,0.076623,25472,10590,5810,3665,2531,1772,1419,1140,9405,1,1,1,1
22.4000,2927,1,1,32214,0,61811,0.521178,3,7,7,28,94569,27.50945,0.00647,2.36590,0.01220,1,1,2,1.276447,1.000000,2.473430,-0.023249,-0.023165,14.937747,4691,0.001551,0.074367,25611,10474,5804,3572,2535,1893,1356,1105,9460,1,1,1,1
23.0000,2927,1,1,32736,0,62807,0.521224,12,75,75,75,126752,27.92553,0.00647,2.36590,0.01220,1,1,2,1.128343,1.000000,10.292428,-0.231534,-0.231493,14.729160,2931,0.015717,0.047124,25883,10823,5909,3694,2434,1881,1458,1098,9626,1,1,1,1
23.9000,2927,1,1,33752,0,64840,0.520551,1,52,56,206,184422,28.54929,0.00647,2.36590,0.01220,1,1,2,1.032255,1.000000,1.760701,-0.543111,-0.543100,14.417092,297,0.037671,0.004878,27007,11037,5930,3862,2654,1969,1450,1120,9810,1,1,1,1
22.3500,2928,1,1,32494,0,62190,0.522504,10,55,55,308,98756,27.47424,0.00478,2.36308,0.01035,1,1,2,1.319716,1.000000,20.577505,-0.007408,-0.007313,14.953932,4840,0.000489,0.076620,25992,10484,5685,3797,2465,1904,1408,1076,9378,1,1,1,1
22.4000,2928,1,1,32473,1,62052,0.523328,1,10,10,21,99968,27.50904,0.00478,2.36308,0.01035,0,1,3,2.811843,2.136034,2.136034,-0.024416,-0.024063,14.937184,4695,0.001611,0.074408,25810,10394,5761,3697,2568,1797,1406,1129,9489,1,1,1,1
23.0000,2928,1,1,32784,0,62762,0.522363,2,67,122,151,49477,27.92497,0.00478,2.36308,0.01035,1,1,2,1.105362,1.000000,7.584814,-0.232605,-0.232571,14.728017,2936,0.015791,0.047192,26004,10621,5809,3664,2564,1831,1474,1144,9650,1,1,1,1
23.9000,2928,1,1,33445,1,64348,0.519760,6,17,17,864,721200,28.54876,0.00478,2.36308,0.01035,0,1,3,6.983413,6.160736,6.160736,-0.544462,-0.543798,14.417543,301,0.037718,0.004942,26578,10936,5967,3882,2598,1948,1440,1127,9871,1,1,1,1
22.3500,2929,1,1,32422,0,62185,0.521388,3,3,203,203,121685,27.48270,0.00502,2.37344,0.01105,1,1,2,1.362367,1.000000,1.552554,-0.002763,-0.002657,14.958561,4840,0.000178,0.076571,25884,10545,5858,3712,2451,1837,1417,1083,9397,1,1,1,1
22.4000,2929,1,1,32509,1,62167,0.522939,1,38,38,38,81098,27.51725,0.00502,2.37344,0.01105,0,1,3,23.138565,18.603716,18.603716,-0.020470,-0.019397,14.940711,4691,0.001298,0.074302,25774,10614,5871,3632,2535,1789,1369,1159,9423,1,1,1,1
23.0000,2929,1,1,32758,0,62882,0.520952,1,6,12,29,184622,27.93328,0.00502,2.37344,0.01105,1,1,2,1.290613,1.000000,2.352229,-0.228130,-0.228043,14.732888,2933,0.015479,0.047112,26086,10659,5885,3758,2469,1846,1407,1102,9669,1,1,1,1
23.9000,2929,1,1,33571,1,64520,0.520327,2,3,8,38,43209,28.55709,0.00502,2.37344,0.01105,0,0,3,1.312155,1.023318,1.023318,-0.539894,-0.539801,14.421119,305,0.037431,0.005005,26687,10902,6083,3756,2548,1937,1440,1217,9949,1,1,1,1
22.3500,2930,1,1,32132,0,61701,0.520778,1,8,8,38,118898,27.48801,0.00308,2.37758,0.01017,1,0,2,1.246619,1.000000,2.561268,-0.001087,-0.001012,14.960269,4839,0.000068,0.076520,25368,10586,5732,3620,2577,1860,1430,1057,9470,1,1,1,1
22.4000,2930,1,1,32231,1,62071,0.519269,3,22,22,44,1250922,27.52279,0.00308,2.37758,0.01017,0,0,3,2.977258,2.683593,2.683593,-0.018483,-0.018111,14.942490,4692,0.001212,0.074284,25890,10584,5648,3614,2507,1845,1382,1088,9512,1,1,1,1
23.0000,2930,1,1,33078,0,63372,0.521974,1,5,12,478,558460,27.93868,0.00308,2.37758,0.01017,1,0,2,1.256123,1.000000,1.655182,-0.226345,-0.226267,14.735009,2934,0.015356,0.047105,26414,10772,5951,3684,2558,1894,1433,1101,9564,1,1,1,1
23.9000,2930,1,1,33715,1,64465,0.523005,1,1,58,58,45242,28.56251,0.00308,2.37758,0.01017,0,0,3,1.662396,1.247801,1.247801,-0.538211,-0.538037,14.422947,299,0.037304,0.004904,26643,11026,5966,3778,2646,1913,1445,1190,9857,1,1,1,1
22.3500,2931,1,1,32128,0,61507,0.522356,4,33,33,26240,990765,27.48349,0.00494,2.36847,0.01531,1,1,2,1.411202,1.000000,16.813723,-0.002652,-0.002534,14.958577,4842,0.000169,0.076550,25452,10247,5781,3640,2521,1788,1338,1171,9568,1,1,1,1
22.4000,2931,1,1,32316,0,62025,0.521024,1,8,14,126,423746,27.51826,0.00494,2.36847,0.01531,1,1,2,1.136690,1.000000,1.372010,-0.019602,-0.019559,14.941116,4694,0.001309,0.074297,25767,10406,5739,3641,2521,1830,1438,1203,9479,1,1,1,1
23.0000,2931,1,1,33140,0,63289,0.523638,1,3,41,41,108712,27.93424,0.00494,2.36847,0.01531,1,1,2,1.318259,1.000000,1.473796,-0.227601,-0.227507,14.733460,2935,0.015442,0.047110,26299,10848,5825,3710,2611,1915,1399,1086,9595,1,1,1,1
23.9000,2931,1,1,33634,0,64433,0.522008,1,6,77,77,67711,28.55786,0.00494,2.36847,0.01531,1,1,2,1.203630,1.000000,1.662039,-0.539440,-0.539377,14.421430,298,0.037401,0.004887,26600,10878,6160,3795,2614,1912,1535,1149,9789,1,1,1,1
22.3500,2932,1,1,32606,0,62024,0.525708,1,12,34,72,105714,27.48328,0.00519,2.38312,0.01134,1,1,2,1.389102,1.000000,6.102898,-0.002614,-0.002502,14.958692,4843,0.000167,0.076539,25610,10517,5796,3693,2504,1902,1472,1121,9408,1,1,1,1
22.4000,2932,1,1,32315,1,61847,0.522508,3,5,6,88,89286,27.51779,0.00519,2.38312,0.01134,0,1,3,1.224143,1.086531,1.086531,-0.019578,-0.019509,14.941818,4696,0.001306,0.074300,25703,10452,5682,3712,2484,1799,1415,1064,9535,1,1,1,1
23.0000,2932,1,1,33197,1,63402,0.523604,5,26,26,182,28575,27.93387,0.00519,2.38312,0.01134,0,1,3,18.803521,13.431563,13.431563,-0.228046,-0.227045,14.732606,2936,0.015411,0.047113,26403,10849,5946,3614,2514,1986,1421,1098,9570,1,1,1,1
23.9000,2932,1,1,33488,0,64424,0.519814,1,3,11,16,231845,28.55752,0.00519,2.38312,0.01134,1,0,2,1.374298,1.000000,2.161766,-0.539552,-0.539444,14.421765,299,0.037405,0.004901,26814,10817,5882,3867,2592,1890,1430,1176,9955,1,1,1,1
22.3500,2933,1,1,32386,0,62186,0.520801,1,875,875,875,376409,27.48625,0.00518,2.37723,0.01087,1,1,2,1.001343,1.000000,1.256602,-0.000774,-0.000773,14.960597,4841,0.000052,0.076471,25741,10683,5799,3635,2512,1928,1396,1062,9429,1,1,1,1
22.4000,2933,1,1,32259,1,62031,0.520055,1,7,24,54,739010,27.52099,0.00518,2.37723,0.01087,0,1,3,4.489950,3.617185,3.617185,-0.018334,-0.017822,14.942852,4696,0.001193,0.074269,25595,10601,5799,3698,2562,1891,1374,1119,9391,1,1,1,1
23.0000,2933,1,1,32985,1,63482,0.519604,1,2,144,144,97807,27.93692,0.00518,2.37723,0.01087,0,0,3,1.648681,1.191929,1.191929,-0.226109,-0.225939,14.735114,2933,0.015333,0.047041,26355,10754,5914,3793,2711,1925,1373,1171,9485,1,1,1,1
23.9000,2933,1,1,33969,1,64948,0.523026,2,1435,1435,1435,51807,28.56059,0.00518,2.37723,0.01087,0,1,3,203.632041,201.347278,201.347278,-0.538822,-0.537009,14.424361,294,0.037229,0.004817,27139,11005,5966,3851,2653,1956,1432,1139,9806,1,1,1,1
22.3500,2934,1,1,32468,0,62214,0.521884,5,13,110,110,48607,27.48795,0.00447,2.37565,0.01237,1,1,2,1.101216,1.000000,1.517525,-0.000237,-0.000204,14.960373,4848,0.000014,0.076557,25902,10618,5735,3626,2528,1800,1435,1137,9432,1,1,1,1
22.4000,2934,1,1,32459,1,62206,0.521807,2,144,144,144,2463336,27.52268,0.00447,2.37565,0.01237,0,1,3,28.983533,28.048667,28.048667,-0.018099,-0.016951,14.943012,4701,0.001134,0.074322,25732,10564,5859,3737,2558,1849,1401,1138,9367,1,1,1,1
23.0000,2934,1,1,32891,1,63083,0.521401,1,8,13,44,70091,27.93871,0.00447,2.37565,0.01237,0,1,3,2.352052,2.175588,2.175588,-0.225676,-0.225384,14.735959,2940,0.015295,0.047134,26141,10741,5930,3801,2571,1853,1347,1098,9600,1,1,1,1
23.9000,2934,1,1,33481,1,64580,0.518450,2,5,128,128,185243,28.56240,0.00447,2.37565,0.01237,0,1,3,3.036521,2.533056,2.533056,-0.537550,-0.537171,14.423479,301,0.037243,0.004930,26765,10912,6103,3727,2552,1959,1435,1182,9944,1,1,1,1
22.3500,2935,1,1,32382,0,61944,0.522771,3,1,44,44,33781,27.49241,0.00447,2.37996,0.01063,1,1,3,1.413174,1.000000,1.141404,0.001888,0.002006,14.963128,4849,-0.000134,0.076533,25552,10664,5648,3622,2501,1913,1405,1172,9466,1,1,1,1
22.4000,2935,1,1,32305,1,62058,0.520570,1,4,16,240,685144,27.52713,0.00447,2.37996,0.01063,0,1,3,3.917766,2.787262,2.787262,-0.015622,-0.015157,14.945593,4700,0.001014,0.074268,25657,10668,5720,3616,2495,1882,1375,1119,9525,1,1,1,1
23.0000,2935,1,1,32918,0,63265,0.520328,1,6,27,86,301041,27.94302,0.00447,2.37996,0.01063,1,0,2,1.283342,1.000000,2.341228,-0.223537,-0.223452,14.737813,2940,0.015162,0.047112,26179,10685,5968,3795,2579,1829,1474,1156,9599,1,1,1,1
23.9000,2935,1,1,33993,1,64955,0.523340,2,10,15,32,266214,28.56673,0.00447,2.37996,0.01063,0,0,3,2.356188,1.955431,1.955431,-0.535363,-0.535071,14.425739,301,0.037091,0.004928,26850,11346,5999,3867,2617,1913,1413,1122,9827,1,1,1,1
22.3500,2936,1,1,32523,1,62245,0.522508,1,2,174,174,66735,27.48305,0.00470,2.37968,0.01558,0,1,3,1.589954,1.213943,1.213943,-0.002606,-0.002448,14.958803,4851,0.000164,0.076560,25887,10647,5730,3672,2505,1836,1411,1095,9461,1,1,1,1
22.4000,2936,1,1,32304,0,62113,0.520093,3,39,66,66,46507,27.51775,0.00470,2.37968,0.01558,1,0,2,1.034304,1.000000,1.390439,-0.019980,-0.019968,14.941392,4704,0.001336,0.074327,25829,10605,5735,3607,2574,1790,1401,1119,9452,1,1,1,1
23.0000,2936,1,1,33044,0,63172,0.523088,1,158,158,158,285575,27.93373,0.00470,2.37968,0.01558,1,1,2,1.180274,1.000000,31.304419,-0.228503,-0.228447,14.732861,2942,0.015506,0.047144,26312,10663,5711,3750,2623,1898,1441,1151,9622,1,1,1,1
23.9000,2936,1,1,33812,0,64605,0.523373,1,2,4,69,129240,28.55747,0.00470,2.37968,0.01558,1,1,3,1.411941,1.000000,1.446852,-0.539843,-0.539726,14.421428,300,0.037425,0.004911,26662,11075,6012,3759,2692,1877,1478,1183,9866,1,1,1,1
22.3500,2937,1,1,32459,1,62202,0.521840,2,4,97,97,273624,27.48059,0.00494,2.38367,0.01364,0,1,3,1.837800,1.327832,1.327832,-0.003641,-0.003434,14.957766,4849,0.000230,0.076508,25867,10528,5810,3726,2587,1874,1422,1015,9372,1,1,1,1
22.4000,2937,1,1,32263,1,62124,0.519341,1,1,15,49,334842,27.51528,0.00494,2.38367,0.01364,0,0,3,1.571925,1.111538,1.111538,-0.020963,-0.020809,14.940324,4702,0.001393,0.074275,25727,10657,5716,3689,2483,1887,1445,1118,9401,1,1,1,1
23.0000,2937,1,1,32814,0,63303,0.518372,5,33,97,97,413461,27.93136,0.00494,2.38367,0.01364,1,1,2,1.231532,1.000000,8.629778,-0.229354,-0.229283,14.731570,2945,0.015564,0.047180,26136,10910,5998,3736,2442,1864,1455,1100,9661,1,1,1,1
23.9000,2937,1,1,33602,0,64601,0.520155,3,8,167,167,234586,28.55512,0.00494,2.38367,0.01364,1,0,2,1.237049,1.000000,2.460076,-0.541019,-0.540947,14.420339,296,0.037513,0.004844,26552,11066,6072,3802,2661,1861,1514,1225,9847,1,1,1,1
22.3500,2938,1,1,32307,1,61978,0.521274,1,6,6,51,118993,27.48909,0.00716,2.37444,0.01228,0,0,3,1.856040,1.360552,1.360552,0.001568,0.001779,14.962806,4850,-0.000119,0.076472,25647,10491,5791,3661,2544,1835,1448,1133,9427,1,1,1,1
22.4000,2938,1,1,32443,1,62472,0.519329,1,34,34,93,372553,27.52377,0.00716,2.37444,0.01228,0,1,3,2.437640,1.862505,1.788777,-0.015825,-0.015522,14.945731,4704,0.001039,0.074255,25932,10606,5739,3759,2587,1894,1453,1146,9355,1,1,1,1
23.0000,2938,1,1,32870,0,63027,0.521531,12,3,22,72,65580,27.93971,0.00716,2.37444,0.01228,1,1,2,1.398659,1.000000,1.954600,-0.223806,-0.223692,14.737389,2940,0.015179,0.047065,26103,10584,6001,3745,2503,1893,1358,1181,9658,1,1,1,1
23.9000,2938,1,1,33634,0,64621,0.520489,2,15,52,271,28841,28.56349,0.00716,2.37444,0.01228,1,1,2,1.400272,1.000000,7.678196,-0.535937,-0.535822,14.425262,296,0.037145,0.004841,26826,11057,5935,3784,2573,1951,1443,1197,9854,1,1,1,1
22.3500,2939,1,1,32269,1,61821,0.521983,9,4,40,206,50052,27.48929,0.00446,2.37846,0.01061,0,0,3,1.515434,1.414397,1.414397,0.000388,0.000530,14.960993,4856,-0.000035,0.076550,25529,10472,5776,3674,2442,1832,1431,1080,9584,1,1,1,1
22.4000,2939,1,1,32438,0,62218,0.521369,10,57,57,694,96489,27.52396,0.00446,2.37846,0.01061,1,1,2,1.292790,1.000000,19.469860,-0.017397,-0.017310,14.943951,4707,0.001158,0.074286,25885,10649,5708,3627,2566,1829,1376,1110,9467,1,1,1,1
23.0000,2939,1,1,32873,1,63165,0.520439,1,2,57,57,68588,27.93999,0.00446,2.37846,0.01061,0,0,3,2.297263,1.724862,1.724862,-0.224994,-0.224711,14.736275,2943,0.015249,0.047101,26114,10725,5806,3691,2633,1823,1465,1155,9752,1,1,1,1
23.9000,2939,1,1,33818,0,65178,0.518864,13,8,15,15,117678,28.56380,0.00446,2.37846,0.01061,1,0,2,1.134379,1.000000,1.194480,-0.536841,-0.536798,14.424527,298,0.037214,0.004872,27132,10982,6211,3848,2657,1981,1457,1156,9753,1,1,1,1
22.3500,2940,1,1,32531,1,62198,0.523032,1,3,42,877,34850,27.48086,0.00920,2.36945,0.01037,0,0,3,2.120132,1.513418,1.513418,-0.001619,-0.001363,14.959722,4855,0.000091,0.076515,25762,10617,5831,3600,2603,1851,1365,1072,9496,1,1,1,1
22.4000,2940,1,1,32324,0,62054,0.520910,3,415,415,415,244973,27.51551,0.00920,2.36945,0.01037,1,0,2,1.018027,1.000000,7.558324,-0.019230,-0.019224,14.942142,4708,0.001287,0.074285,25741,10543,5688,3628,2530,1871,1435,1082,9535,1,1,1,1
23.0000,2940,1,1,33072,0,63590,0.520090,1,6,71,653,100231,27.93140,0.00920,2.36945,0.01037,1,0,2,1.296232,1.000000,2.374633,-0.226976,-0.226888,14.734371,2947,0.015399,0.047155,26434,10841,5909,3715,2544,1931,1487,1128,9600,1,1,1,1
23.9000,2940,1,1,33624,0,64837,0.518601,1,27,303,303,275103,28.55523,0.00920,2.36945,0.01037,1,1,2,1.132598,1.000000,3.952060,-0.538980,-0.538938,14.421730,298,0.037370,0.004872,26833,11043,6075,3796,2680,1970,1503,1173,9763,1,1,1,1
22.3500,2941,1,1,32282,0,62063,0.520157,1,9,9,30,186912,27.48026,0.00493,2.36505,0.01108,1,1,2,1.319906,1.000000,3.955159,-0.004143,-0.004049,14.957198,4853,0.000271,0.076470,25651,10476,5854,3659,2510,1873,1453,1050,9536,1,1,1,1
22.4000,2941,1,1,32348,0,62197,0.520098,2,3,8,35,804968,27.51491,0.00493,2.36505,0.01108,1,1,2,1.368514,1.000000,1.663537,-0.021314,-0.021208,14.939826,4707,0.001420,0.074256,25807,10569,5735,3688,2526,1904,1333,1121,9513,1,1,1,1
23.0000,2941,1,1,32835,1,63064,0.520670,1,1,4,209,58819,27.93089,0.00493,2.36505,0.01108,0,0,3,1.497265,1.176070,1.176070,-0.229237,-0.229100,14.732187,2941,0.015551,0.047050,26106,10570,5944,3658,2586,1912,1424,1119,9744,1,1,1,1
23.9000,2941,1,1,33805,1,64784,0.521819,1,186,186,186,109352,28.55451,0.00493,2.36505,0.01108,0,1,3,14.627252,14.328316,14.328316,-0.541486,-0.540574,14.420791,295,0.037486,0.004821,26713,11027,6067,3824,2656,1958,1503,1136,9899,1,1,1,1
22.3500,2942,1,1,32295,1,61773,0.522810,3,7,1794,1794,758797,27.47443,0.00469,2.36476,0.01299,0,1,3,1.540627,1.126938,1.126938,-0.006870,-0.006723,14.954493,4859,0.000450,0.076552,25636,10429,5673,3581,2612,1792,1349,1105,9595,1,1,1,1
22.4000,2942,1,1,32521,1,62403,0.521153,1,3,26,109,179504,27.50906,0.00469,2.36476,0.01299,0,0,3,1.605799,1.180851,1.180851,-0.024205,-0.024044,14.936978,4710,0.001610,0.074292,25833,10605,5838,3760,2555,1894,1444,1112,9361,1,1,1,1
23.0000,2942,1,1,32906,0,63206,0.520623,1,59,60,1432,171650,27.92514,0.00469,2.36476,0.01299,1,1,2,1.414088,1.000000,29.928964,-0.232796,-0.232678,14.728463,2944,0.015798,0.047094,26139,10808,5885,3740,2576,1849,1463,1116,9629,1,1,1,1
23.9000,2942,1,1,33767,1,64721,0.521740,1,2,34,89,1937707,28.54878,0.00469,2.36476,0.01299,0,1,3,2.024276,1.488043,1.488043,-0.544108,-0.543868,14.417353,297,0.037723,0.004853,26758,10969,6048,3782,2633,1952,1479,1123,9976,1,1,1,1
22.3500,2943,1,1,32406,0,62305,0.520127,2,1,192,192,60641,27.47066,0.00979,2.35045,0.01438,1,0,3,1.414125,1.000000,1.070375,-0.006345,-0.006227,14.954913,4856,0.000416,0.076477,25859,10641,5902,3652,2478,1759,1394,1084,9535,1,1,1,1
22.4000,2943,1,1,32769,1,62604,0.523441,2199,6,2199,2199,77150,27.50528,0.00979,2.35045,0.01438,0,1,3,2.329305,2.160031,2.160031,-0.023794,-0.023507,14.934936,4710,0.001574,0.074277,26270,10552,5801,3575,2468,1832,1428,1127,9550,1,1,1,1
23.0000,2943,1,1,33083,1,63291,0.522721,1,1,3,64,94285,27.92122,0.00979,2.35045,0.01438,0,1,3,1.500341,1.065543,1.065543,-0.231640,-0.231502,14.729665,2944,0.015717,0.047074,26300,10681,5980,3629,2570,1828,1435,1194,9673,1,1,1,1
23.9000,2943,1,1,33793,1,65036,0.519613,3,68115,68115,68115,6092564,28.54488,0.00979,2.35045,0.01438,0,0,3,81.894358,81.640934,81.640934,-0.544213,-0.542716,14.416693,295,0.037645,0.004819,27197,10875,6017,3820,2666,1978,1501,1151,9830,1,1,1,1
22.3500,2944,1,1,32586,0,62626,0.520335,1,5,22,34,501466,27.48367,0.00492,2.34924,0.00871,1,1,2,1.228922,1.000000,1.599631,-0.002272,-0.002202,14.958648,4868,0.000147,0.076621,25948,10784,5798,3676,2568,1828,1441,1118,9464,1,1,1,1
22.4000,2944,1,1,32605,1,62684,0.520157,1,2,19,57,245998,27.51828,0.00492,2.34924,0.00871,0,1,3,1.620642,1.182796,1.182796,-0.019524,-0.019360,14.941854,4721,0.001296,0.074390,26101,10654,5766,3772,2546,1847,1465,1150,9382,1,1,1,1
23.0000,2944,1,1,32809,1,63168,0.519401,1,410,410,410,358018,27.93431,0.00492,2.34924,0.00871,0,1,3,177.156313,159.602731,159.602731,-0.228374,-0.226616,14.734754,2954,0.015380,0.047201,26073,10736,5812,3776,2597,1872,1444,1167,9690,1,1,1,1
23.9000,2944,1,1,33930,0,65154,0.520774,4,1,53,53,35317,28.55801,0.00492,2.34924,0.00871,1,1,3,1.409932,1.000000,1.115602,-0.539371,-0.539255,14.421907,305,0.037391,0.004979,27087,11083,6086,3759,2587,1939,1450,1182,9980,1,1,1,1
22.3500,2945,1,1,32509,1,62544,0.519786,1,3,7,63,138587,27.48375,0.00516,2.35794,0.01089,0,1,3,2.199431,1.788256,1.788256,-0.002054,-0.001786,14.959503,4866,0.000119,0.076559,25922,10598,5940,3644,2528,1914,1530,1134,9333,1,1,1,1
22.4000,2945,1,1,32641,1,62660,0.520931,1,1,250,250,357637,27.51858,0.00516,2.35794,0.01089,0,0,3,1.163765,1.031660,1.031660,-0.019360,-0.019308,14.942028,4719,0.001292,0.074333,25982,10856,5842,3633,2576,1804,1429,1079,9458,1,1,1,1
23.0000,2945,1,1,33092,0,63768,0.518952,1,1,41,838,97934,27.93447,0.00516,2.35794,0.01089,1,0,3,1.410292,1.000000,1.097522,-0.227330,-0.227213,14.733897,2951,0.015421,0.047140,26665,10704,5894,3768,2684,1898,1381,1156,9617,1,1,1,1
23.9000,2945,1,1,33801,1,64837,0.521331,2,145,145,145,710753,28.55818,0.00516,2.35794,0.01089,0,1,3,15.189954,14.257124,14.257124,-0.539628,-0.538704,14.422646,301,0.037351,0.004912,26750,10972,6183,3776,2624,1958,1477,1194,9902,1,1,1,1
22.3500,2946,1,1,32406,0,62440,0.519003,2,7,45,58,84851,27.47618,0.01028,2.34948,0.00941,1,1,3,1.141082,1.000000,1.135266,-0.003355,-0.003310,14.957380,4867,0.000221,0.076559,26002,10608,5771,3664,2456,1869,1388,1109,9572,1,1,1,1
22.4000,2946,1,1,32289,1,62356,0.517825,1,1,60,60,104493,27.51077,0.01028,2.34948,0.00941,0,1,3,1.465125,1.178036,1.178036,-0.020638,-0.020508,14.940776,4720,0.001373,0.074330,25744,10577,5870,3795,2524,1853,1424,1130,9438,1,1,1,1
23.0000,2946,1,1,33198,0,63708,0.521104,1,2,22,22,936548,27.92675,0.01028,2.34948,0.00941,1,1,2,1.413927,1.000000,1.617580,-0.228692,-0.228574,14.732569,2952,0.015515,0.047144,26549,10740,6005,3776,2521,1912,1430,1188,9586,1,1,1,1
23.9000,2946,1,1,33882,0,65164,0.519958,1,11,13,80,36396,28.55049,0.01028,2.34948,0.00941,1,1,2,1.405574,1.000000,6.183601,-0.540796,-0.540681,14.420492,303,0.037494,0.004944,27241,10887,6150,3804,2654,1901,1504,1163,9859,1,1,1,1
22.3500,2947,1,1,32719,1,62487,0.523621,2,30,30,1242,995038,27.47892,0.00979,2.34907,0.00964,0,0,3,4.786928,4.384222,4.384222,-0.002376,-0.001845,14.958704,4869,0.000123,0.076558,25813,10805,5851,3721,2563,1803,1392,1118,9420,1,1,1,1
22.4000,2947,1,1,32810,0,62794,0.522510,1,4,6,102,313045,27.51349,0.00979,2.34907,0.00964,1,1,2,1.407422,1.000000,2.606942,-0.019574,-0.019458,14.941644,4722,0.001302,0.074332,26146,10618,6038,3645,2501,1786,1426,1126,9507,1,1,1,1
23.0000,2947,1,1,33145,1,63659,0.520673,5,9,119,119,74178,27.92957,0.00979,2.34907,0.00964,0,1,3,1.889978,1.475507,1.475507,-0.227514,-0.227298,14.733969,2953,0.015427,0.047140,26675,10697,5889,3717,2587,1818,1434,1128,9713,1,1,1,1
23.9000,2947,1,1,33915,1,65108,0.520912,1,2,4,37,101337,28.55333,0.00979,2.34907,0.00964,0,0,3,2.234049,1.726147,1.726147,-0.539418,-0.539145,14.421795,301,0.037384,0.004909,26996,11072,6022,3958,2657,1954,1469,1172,9807,1,1,1,1
22.3500,2948,1,1,32642,0,62737,0.520307,4,275,275,275,84256,27.48468,0.00674,2.35418,0.00940,1,1,2,1.036564,1.000000,10.265198,-0.001079,-0.001067,14.959177,4872,0.000071,0.076577,25922,10813,5862,3721,2543,1978,1400,1141,9356,1,1,1,1
22.4000,2948,1,1,32635,1,62469,0.522427,2,2,13,280,136639,27.51948,0.00674,2.35418,0.00940,0,1,3,1.726031,1.241866,1.241866,-0.018118,-0.017933,14.942816,4723,0.001200,0.074316,25865,10624,5823,3749,2572,1837,1406,1099,9493,1,1,1,1
23.0000,2948,1,1,32997,1,63330,0.521041,1,39569,39569,39569,123929,27.93542,0.00674,2.35418,0.00940,0,1,3,5.102290,4.828414,4.828414,-0.226318,-0.225765,14.735588,2954,0.015321,0.047135,26099,10725,6098,3772,2560,1846,1398,1178,9653,1,1,1,1
23.9000,2948,1,1,33894,0,65239,0.519544,1,1,10,27,133330,28.55920,0.00674,2.35418,0.00940,1,1,3,1.367190,1.000000,1.198621,-0.537971,-0.537865,14.423168,301,0.037292,0.004907,27086,11252,5979,3830,2663,1902,1463,1201,9862,1,1,1,1
22.3500,2949,1,1,32801,1,62797,0.522342,1,7,8,821,58345,27.48076,0.00539,2.35595,0.01077,0,1,3,4.001439,3.250678,3.250678,-0.003677,-0.003207,14.957575,4868,0.000214,0.076496,26151,10575,5978,3620,2590,1937,1456,1128,9361,1,1,1,1
22.4000,2949,1,1,32644,0,62575,0.521686,1,2,10,208,796916,27.51531,0.00539,2.35595,0.01077,1,1,3,1.310088,1.000000,1.061390,-0.020755,-0.020663,14.940298,4728,0.001383,0.074382,26003,10560,5870,3708,2590,1789,1401,1163,9490,1,1,1,1
23.0000,2949,1,1,32954,0,63498,0.518985,5,5,7,222,243755,27.93134,0.00539,2.35595,0.01077,1,1,2,1.355820,1.000000,2.467549,-0.228919,-0.228816,14.732202,2951,0.015532,0.047082,26342,10852,5865,3723,2649,1828,1403,1139,9696,1,1,1,1
23.9000,2949,1,1,33877,1,65265,0.519076,1,5,5,45,73955,28.55515,0.00539,2.35595,0.01077,0,1,3,3.366068,2.792116,2.792116,-0.540844,-0.540432,14.420915,298,0.037476,0.004857,27037,11062,6091,3910,2698,1969,1524,1149,9824,1,1,1,1
22.3500,2950,1,1,33063,1,62959,0.525160,3,5,5,15,158748,27.47560,0.00491,2.34679,0.01225,0,1,3,3.606569,2.744278,2.744278,-0.006381,-0.005946,14.954451,4877,0.000398,0.076628,26323,10681,5869,3724,2563,1838,1439,1146,9375,1,1,1,1
22.4000,2950,1,1,32494,0,62364,0.521046,4,4,12,108,172216,27.51038,0.00491,2.34679,0.01225,1,1,2,1.368261,1.000000,2.240317,-0.023734,-0.023628,14.937589,4726,0.001582,0.074339,25904,10442,5852,3597,2581,1944,1398,1087,9558,1,1,1,1
23.0000,2950,1,1,33071,1,63574,0.520205,1,2,7,80,89910,27.92626,0.00491,2.34679,0.01225,0,1,3,1.527166,1.307693,1.307693,-0.231578,-0.231435,14.729879,2956,0.015712,0.047153,26187,10841,6000,3865,2647,1860,1428,1153,9592,1,1,1,1
23.9000,2950,1,1,33900,0,65329,0.518920,1,2,17,17,14137415,28.55010,0.00491,2.34679,0.01225,1,0,3,1.350206,1.000000,1.340978,-0.543506,-0.543405,14.417825,301,0.037690,0.004905,27268,11049,6190,3863,2629,1888,1439,1184,9818,1,1,1,1
22.3500,2951,1,1,32941,1,62882,0.523863,1,198,245,245,237198,27.46981,0.00557,2.34379,0.01323,0,1,3,2.059558,1.458839,1.096204,-0.008708,-0.008463,14.952654,4876,0.000566,0.076595,26164,10609,5811,3726,2610,1902,1491,1174,9394,1,1,1,1
22.4000,2951,1,1,32668,0,62757,0.520556,1,1,27,32,262251,27.50458,0.00557,2.34379,0.01323,1,0,3,1.387051,1.000000,1.028449,-0.026078,-0.025968,14.935232,4726,0.001739,0.074326,25952,10811,5996,3617,2516,1839,1377,1158,9490,1,1,1,1
23.0000,2951,1,1,33103,1,63526,0.521102,1,4,31,1173,144213,27.92056,0.00557,2.34379,0.01323,0,0,3,2.386265,1.924635,1.924635,-0.234175,-0.233880,14.726988,2955,0.015881,0.047130,26345,10760,5862,3755,2571,1893,1458,1124,9757,1,1,1,1
23.9000,2951,1,1,33942,0,65543,0.517866,1,2,41,141,145667,28.54418,0.00557,2.34379,0.01323,1,0,3,1.381826,1.000000,1.357895,-0.545926,-0.545817,14.415388,300,0.037863,0.004888,27162,11361,6060,3892,2646,2015,1445,1094,9867,1,1,1,1
22.3500,2952,1,1,32618,0,62465,0.522189,1,4,163,479,67841,27.47466,0.00580,2.33726,0.01086,1,1,2,1.373985,1.000000,2.137731,-0.006433,-0.006325,14.954886,4877,0.000423,0.076574,26043,10502,5748,3679,2589,1833,1438,1097,9535,1,1,1,1
22.4000,2952,1,1,32653,1,62461,0.522783,2,8,64,79,284772,27.50918,0.00580,2.33726,0.01086,0,1,3,3.811633,3.188453,3.188453,-0.023758,-0.023305,14.937999,4731,0.001560,0.074365,25681,10687,5905,3810,2547,1851,1372,1104,9503,1,1,1,1
23.0000,2952,1,1,33240,0,63660,0.522157,1,11,11,155,82474,27.92525,0.00580,2.33726,0.01086,1,0,2,1.112309,1.000000,1.480009,-0.231660,-0.231624,14.729710,2958,0.015725,0.047153,26429,10785,5908,3779,2543,1898,1479,1195,9643,1,1,1,1
23.9000,2952,1,1,33901,1,65159,0.520289,4,5,10,19,66714,28.54890,0.00580,2.33726,0.01086,0,1,3,1.554072,1.435967,1.435967,-0.543482,-0.543333,14.418012,302,0.037684,0.004918,27038,11112,6074,3768,2613,1963,1446,1141,10003,1,1,1,1
22.3500,2953,1,1,32800,0,62794,0.522351,1,4,15,15,164135,27.47621,0.00418,2.35258,0.01342,1,0,2,1.332700,1.000000,1.954404,-0.006372,-0.006275,14.954966,4875,0.000420,0.076516,26145,10581,5887,3744,2642,1792,1457,1098,9447,1,1,1,1
22.4000,2953,1,1,32674,0,62655,0.521499,1,4,8,51,30624,27.51094,0.00418,2.35258,0.01342,1,1,3,1.218256,1.000000,1.170923,-0.023658,-0.023591,14.937246,4727,0.001579,0.074281,25973,10701,5861,3663,2560,1857,1447,1092,9500,1,1,1,1
23.0000,2953,1,1,32999,1,63604,0.518828,2,4,10,34,61991,27.92688,0.00418,2.35258,0.01342,0,1,3,2.642802,2.149219,2.149219,-0.231729,-0.231400,14.729228,2955,0.015710,0.047091,26517,10701,5876,3695,2621,1884,1494,1142,9673,1,1,1,1
23.9000,2953,1,1,33866,0,65049,0.520631,19,95,95,95,134320,28.55055,0.00418,2.35258,0.01342,1,1,2,1.281222,1.000000,30.667530,-0.544013,-0.543930,14.416995,298,0.037728,0.004852,26871,10996,6077,3908,2696,1946,1461,1143,9950,1,1,1,1
22.3500,2954,1,1,32455,1,62749,0.517228,20,6,25,50,48068,27.47162,0.00352,2.35051,0.01452,0,0,3,1.426374,1.379695,1.379695,-0.008855,-0.008735,14.951486,4882,0.000584,0.076618,26231,10732,5720,3561,2554,1799,1443,1087,9621,1,1,1,1
22.4000,2954,1,1,32618,0,62620,0.520896,1,1,93,93,2766546,27.50635,0.00352,2.35051,0.01452,1,1,3,1.407640,1.000000,1.110217,-0.026172,-0.026057,14.935047,4729,0.001745,0.074298,26103,10505,5780,3683,2533,1819,1460,1172,9564,1,1,1,1
23.0000,2954,1,1,33208,0,63644,0.521786,2,1,63,63,30590,27.92237,0.00352,2.35051,0.01452,1,1,3,1.407835,1.000000,1.155507,-0.234206,-0.234090,14.727014,2956,0.015895,0.047098,26484,10781,5915,3651,2545,1892,1483,1108,9784,1,1,1,1
23.9000,2954,1,1,33856,0,64983,0.521006,1,2,49,49,244583,28.54607,0.00352,2.35051,0.01452,1,0,3,1.307572,1.000000,1.150148,-0.546039,-0.545948,14.415307,298,0.037873,0.004851,26940,11029,5949,3919,2628,1972,1392,1173,9980,1,1,1,1
22.3500,2955,1,1,32479,1,62323,0.521148,2,2,3,355,73353,27.47445,0.00556,2.35353,0.01237,0,0,3,1.478801,1.198573,1.198573,-0.006547,-0.006414,14.954446,4882,0.000429,0.076576,25668,10577,5878,3685,2509,1870,1462,1100,9573,1,1,1,1
22.4000,2955,1,1,32838,0,62751,0.523315,2,3,10,18,452344,27.50916,0.00556,2.35353,0.01237,1,1,2,1.363323,1.000000,1.911656,-0.023985,-0.023880,14.937341,4734,0.001599,0.074340,26091,10518,5842,3708,2587,1870,1498,1166,9470,1,1,1,1
23.0000,2955,1,1,32981,1,63619,0.518422,1,281,281,281,150543,27.92505,0.00556,2.35353,0.01237,0,1,3,2.459998,1.778079,1.496150,-0.231891,-0.231586,14.729617,2961,0.015722,0.047154,26413,10809,5923,3790,2554,1869,1448,1112,9700,1,1,1,1
23.9000,2955,1,1,33913,1,65020,0.521586,2,5,23,23,857002,28.54877,0.00556,2.35353,0.01237,0,1,3,2.550457,2.162104,2.162104,-0.543807,-0.543490,14.417261,302,0.037697,0.004914,26736,11229,6084,3898,2576,1930,1436,1185,9945,1,1,1,1
22.3500,2956,1,1,32670,0,62727,0.520837,3,2,9,232,60821,27.46937,0.00497,2.34367,0.01390,1,1,3,1.349901,1.000000,1.221691,-0.009308,-0.009207,14.951805,4884,0.000616,0.076595,25902,10948,5789,3722,2485,1828,1484,1132,9436,1,1,1,1
22.4000,2956,1,1,32675,1,62479,0.522984,1,2,17,35,239325,27.50407,0.00497,2.34367,0.01390,0,0,3,1.601443,1.190711,1.190711,-0.026656,-0.026497,14.934509,4736,0.001774,0.074360,25878,10513,5849,3749,2582,1879,1434,1068,9526,1,1,1,1
23.0000,2956,1,1,33148,0,63676,0.520581,12,163,163,163,118302,27.92005,0.00497,2.34367,0.01390,1,1,2,1.012471,1.000000,2.068351,-0.234740,-0.234736,14.725152,2962,0.015941,0.047168,26484,10727,6024,3675,2559,1949,1420,1143,9694,1,1,1,1
23.9000,2956,1,1,34020,0,65196,0.521819,3,7,18,75,711687,28.54379,0.00497,2.34367,0.01390,1,1,2,1.414136,1.000000,3.929574,-0.546718,-0.546600,14.414542,306,0.037920,0.004978,27062,11091,5959,3818,2712,1975,1491,1211,9876,1,1,1,1
22.3500,2957,1,1,32732,0,62788,0.521318,1,1,65,144,171983,27.47192,0.00328,2.34610,0.01551,1,1,3,1.048188,1.000000,1.030672,-0.008753,-0.008737,14.951256,4884,0.000584,0.076572,25993,10807,5869,3591,2596,1908,1402,1156,9465,1,1,1,1
22.4000,2957,1,1,32669,1,62943,0.519033,1,44,44,60,211690,27.50661,0.00328,2.34610,0.01551,0,0,3,4.251989,3.678397,3.678397,-0.026327,-0.025837,14.934889,4734,0.001730,0.074302,26232,10737,5801,3680,2561,1853,1465,1097,9516,1,1,1,1
23.0000,2957,1,1,33324,0,63660,0.523477,3,22,66,165,1212333,27.92268,0.00328,2.34610,0.01551,1,1,2,1.413083,1.000000,11.327218,-0.234556,-0.234439,14.726713,2959,0.015919,0.047099,26440,10834,5886,3774,2521,1915,1485,1129,9675,1,1,1,1
23.9000,2957,1,1,33817,1,65169,0.518920,8,7,8,37,57455,28.54645,0.00328,2.34610,0.01551,0,1,3,3.716369,3.225739,3.225739,-0.546223,-0.545779,14.414378,298,0.037864,0.004846,27020,11145,6039,3789,2619,1938,1468,1137,10013,1,1,1,1
22.3500,2958,1,1,32699,1,62708,0.521457,4,20,23,23,422863,27.47471,0.00679,2.35248,0.01193,0,1,3,12.240721,9.883971,9.883971,-0.006154,-0.005307,14.956045,4887,0.000355,0.076569,26010,10583,5906,3745,2542,1858,1394,1169,9500,1,1,1,1
22.4000,2958,1,1,32360,0,62195,0.520307,2,8,17,54,70313,27.50939,0.00679,2.35248,0.01193,1,1,2,1.296370,1.000000,3.137484,-0.023299,-0.023212,14.938050,4737,0.001554,0.074308,25590,10532,5769,3693,2685,1887,1389,1112,9537,1,1,1,1
23.0000,2958,1,1,33058,0,63782,0.518305,20,833,833,833,135682,27.92532,0.00679,2.35248,0.01193,1,1,2,1.002010,1.000000,1.681662,-0.231162,-0.231161,14.728113,2963,0.015695,0.047142,26525,10828,5934,3688,2578,1955,1492,1070,9711,1,1,1,1
23.9000,2958,1,1,34010,0,65065,0.522716,2,2,19,19,76515,28.54911,0.00679,2.35248,0.01193,1,1,2,1.414051,1.000000,1.470890,-0.543032,-0.542915,14.418229,300,0.037655,0.004876,26948,11034,6062,3803,2644,1983,1429,1163,9998,1,1,1,1
22.3500,2959,1,1,32673,1,62624,0.521741,1,4,68,68,44417,27.47914,0.00305,2.35103,0.01371,0,1,3,2.966923,2.404758,2.404758,-0.005481,-0.005114,14.956178,4886,0.000342,0.076527,26086,10590,5850,3628,2510,1887,1457,1046,9569,1,1,1,1
22.4000,2959,1,1,32716,0,62712,0.521695,8,76,76,76,319436,27.51381,0.00305,2.35103,0.01371,1,1,2,1.376142,1.000000,34.198578,-0.023268,-0.023160,14.938051,4739,0.001550,0.074314,25977,10696,5771,3591,2644,1891,1388,1154,9599,1,1,1,1
23.0000,2959,1,1,33295,1,63970,0.520486,1,13,61,138,413272,27.92984,0.00305,2.35103,0.01371,0,1,3,9.091786,7.002724,7.002724,-0.231014,-0.230268,14.731096,2961,0.015631,0.047085,26557,10939,5864,3814,2661,1907,1441,1137,9649,1,1,1,1
23.9000,2959,1,1,33926,0,65093,0.521201,1,11,42,80,189435,28.55365,0.00305,2.35103,0.01371,1,1,2,1.252797,1.000000,3.655704,-0.542808,-0.542732,14.418156,298,0.037642,0.004842,26859,10994,6112,3829,2679,1972,1505,1145,9997,1,1,1,1
22.3500,2960,1,1,32664,0,62410,0.523386,1,13,86,460,66737,27.47750,0.00328,2.35185,0.01122,1,1,3,1.065355,1.000000,1.032156,-0.006194,-0.006172,14.955179,4890,0.000413,0.076569,25799,10609,5888,3590,2575,1807,1438,1089,9614,1,1,1,1
22.4000,2960,1,1,32773,1,62896,0.521075,257,5,257,257,2310043,27.51215,0.00328,2.35185,0.01122,0,1,3,3.269749,2.600765,2.600765,-0.023685,-0.023285,14.935736,4747,0.001559,0.074426,26386,10519,5745,3755,2537,1829,1521,1124,9479,1,1,1,1
23.0000,2960,1,1,32965,1,63484,0.519273,2,64,64,275,64436,27.92804,0.00328,2.35185,0.01122,0,0,3,2.082313,1.713432,1.713432,-0.231554,-0.231307,14.729527,2966,0.015704,0.047154,26186,10810,5928,3713,2636,1918,1478,1153,9661,1,1,1,1
23.9000,2960,1,1,33897,1,65239,0.519590,1,9,10,22,40733,28.55187,0.00328,2.35185,0.01122,0,1,3,1.703645,1.522273,1.522273,-0.543455,-0.543275,14.418058,302,0.037680,0.004905,27025,11149,6050,3772,2673,1934,1483,1168,9984,1,1,1,1
22.3500,2961,1,1,32466,0,62667,0.518080,8,1,29,77,43778,27.47788,0.00467,2.35690,0.01192,1,1,3,1.403540,1.000000,1.010809,-0.005213,-0.005098,14.956080,4889,0.000341,0.076523,26054,10644,5750,3718,2598,1841,1398,1073,9590,1,1,1,1
22.4000,2961,1,1,32666,0,62561,0.522155,3,12,12,28,95273,27.51253,0.00467,2.35690,0.01192,1,0,2,1.114421,1.000000,1.515619,-0.022617,-0.022581,14.938754,4740,0.001512,0.074276,25989,10552,5741,3727,2596,1821,1397,1149,9588,1,1,1,1
23.0000,2961,1,1,33315,1,64032,0.520295,3,7,45,78,65969,27.92851,0.00467,2.35690,0.01192,0,1,3,4.968201,3.861096,3.861096,-0.230766,-0.230225,14.731106,2964,0.015628,0.047101,26614,10930,6021,3738,2617,1899,1437,1127,9648,1,1,1,1
23.9000,2961,1,1,33994,0,65251,0.520981,6,8,15,98,174281,28.55213,0.00467,2.35690,0.01192,1,1,2,1.240163,1.000000,2.460658,-0.542498,-0.542426,14.418861,299,0.037619,0.004854,26969,11036,6214,3857,2595,1901,1532,1172,9974,1,1,1,1
22.3500,2962,1,1,32691,1,62422,0.523718,1,223,223,223,252223,27.47217,0.00625,2.35486,0.01191,0,1,3,105.405736,92.912094,92.912094,-0.007973,-0.006400,14.954973,4890,0.000428,0.076518,25732,10589,5820,3734,2487,1925,1435,1133,9566,1,1,1,1
22.4000,2962,1,1,32523,1,62783,0.518031,2,5,19,80,82242,27.50680,0.00625,2.35486,0.01191,0,1,3,4.068801,3.039686,3.039686,-0.024712,-0.024238,14.937085,4742,0.001623,0.074291,25838,10822,5854,3847,2552,1949,1377,1018,9525,1,1,1,1
23.0000,2962,1,1,33226,0,63940,0.519652,1,5,406,406,37715,27.92288,0.00625,2.35486,0.01191,1,0,2,1.225734,1.000000,1.633615,-0.232642,-0.232574,14.728719,2970,0.015790,0.047188,26557,10879,6015,3793,2595,1901,1368,1113,9718,1,1,1,1
23.9000,2962,1,1,34037,1,65438,0.520149,1,111,111,111,177224,28.54652,0.00625,2.35486,0.01191,0,1,3,11.706711,11.049017,11.049017,-0.544790,-0.543960,14.417394,301,0.037729,0.004886,27112,11080,6136,3858,2716,1943,1526,1194,9872,1,1,1,1
22.3500,2963,1,1,32900,0,63042,0.521883,1,54,434,434,18253,27.46448,0.00443,2.34657,0.01753,1,1,2,1.375967,1.000000,24.806205,-0.012657,-0.012549,14.948499,4891,0.000839,0.076541,26371,10737,5730,3651,2596,1859,1439,1124,9534,1,1,1,1
22.4000,2963,1,1,32832,0,63043,0.520796,1,1,32,181,61442,27.49910,0.00443,2.34657,0.01753,1,1,3,1.371557,1.000000,1.183599,-0.029453,-0.029347,14.931695,4743,0.001965,0.074308,26231,10618,5923,3660,2593,1904,1425,1142,9546,1,1,1,1
23.0000,2963,1,1,33573,1,63952,0.524980,2,1,73,73,287727,27.91503,0.00443,2.34657,0.01753,0,1,3,1.516932,1.084762,1.084762,-0.237390,-0.237249,14.723836,2965,0.016113,0.047108,26649,10941,5818,3710,2693,1870,1473,1121,9676,1,1,1,1
23.9000,2963,1,1,33981,1,65295,0.520431,2,5,28,50,58391,28.53870,0.00443,2.34657,0.01753,0,1,3,1.793701,1.273536,1.168460,-0.549245,-0.549048,14.412121,300,0.038096,0.004870,27048,10964,6175,3897,2689,1928,1517,1199,9877,1,1,1,1
22.3500,2964,1,1,32611,1,62623,0.520759,1,11,27,136,138606,27.47089,0.00611,2.34488,0.01191,0,1,3,1.630528,1.158830,1.010886,-0.007976,-0.007811,14.953293,4893,0.000522,0.076522,25941,10563,5856,3736,2500,1906,1433,1142,9545,1,1,1,1
22.4000,2964,1,1,32445,1,62537,0.518821,6,6,116,116,241140,27.50550,0.00611,2.34488,0.01191,0,0,3,1.300615,1.168541,1.168541,-0.025316,-0.025227,14.935396,4745,0.001689,0.074296,25782,10748,5711,3767,2530,1827,1450,1128,9593,1,1,1,1
23.0000,2964,1,1,33174,0,63855,0.519529,4,22,1199,1199,24443,27.92153,0.00611,2.34488,0.01191,1,1,2,1.200127,1.000000,4.965675,-0.233575,-0.233513,14.727790,2966,0.015855,0.047096,26588,10747,5995,3786,2546,1914,1418,1176,9684,1,1,1,1
23.9000,2964,1,1,34125,1,65719,0.519264,1,1,17,66,92518,28.54522,0.00611,2.34488,0.01191,0,1,3,1.519215,1.074546,1.074546,-0.545147,-0.545006,14.416126,301,0.037805,0.004883,27527,11053,6136,3823,2635,1925,1559,1155,9905,1,1,1,1
22.3500,2965,1,1,32581,1,62791,0.518888,1,981,981,981,224853,27.46957,0.00765,2.34608,0.01417,0,1,3,23.162423,22.257526,22.257526,-0.008319,-0.007260,14.954101,4893,0.000485,0.076492,26194,10573,5813,3732,2553,1838,1416,1107,9564,1,1,1,1
22.4000,2965,1,1,32805,1,63069,0.520153,3,145,145,145,34334,27.50440,0.00765,2.34608,0.01417,0,1,3,2.176200,1.745914,1.745914,-0.025300,-0.025038,14.936247,4743,0.001676,0.074236,26340,10696,5859,3759,2530,1884,1427,1074,9499,1,1,1,1
23.0000,2965,1,1,33216,0,63819,0.520480,8,7,44,3982,161585,27.92029,0.00765,2.34608,0.01417,1,1,2,1.210848,1.000000,1.737933,-0.233250,-0.233185,14.727643,2964,0.015833,0.047048,26279,11027,5999,3708,2630,1879,1473,1155,9668,1,1,1,1
23.9000,2965,1,1,33936,0,65257,0.520044,1,3,9,36,73678,28.54400,0.00765,2.34608,0.01417,1,1,2,1.404243,1.000000,1.910068,-0.545123,-0.545008,14.416170,295,0.037805,0.004784,27011,11170,6051,3812,2652,1917,1474,1148,10021,1,1,1,1
22.3500,2966,1,1,32475,1,62505,0.519567,3,3,11,92,237150,27.47897,0.00280,2.34761,0.01232,0,1,3,2.373365,1.882661,1.882661,-0.005779,-0.005487,14.955147,4900,0.000367,0.076570,25831,10542,5877,3649,2504,1925,1375,1134,9667,1,1,1,1
22.4000,2966,1,1,32806,0,62941,0.521227,1,2,5,191,46343,27.51355,0.00280,2.34761,0.01232,1,1,3,1.311182,1.000000,1.203956,-0.022997,-0.022906,14.938060,4752,0.001533,0.074342,26224,10688,5762,3611,2617,1832,1429,1175,9602,1,1,1,1
23.0000,2966,1,1,32985,1,63821,0.516844,1,715,715,715,137677,27.92953,0.00280,2.34761,0.01232,0,1,3,6.270153,5.563506,5.524524,-0.231245,-0.230626,14.730036,2972,0.015657,0.047152,26483,10774,5938,3711,2679,1903,1458,1151,9723,1,1,1,1
23.9000,2966,1,1,33940,0,65328,0.519540,1,9,10,56,182109,28.55327,0.00280,2.34761,0.01232,1,1,2,1.287650,1.000000,3.237878,-0.543023,-0.542938,14.418328,303,0.037656,0.004911,26871,11225,6095,3923,2693,2015,1440,1154,9911,1,1,1,1
22.3500,2967,1,1,32888,0,62848,0.523303,8,10,29,74,41768,27.46925,0.00280,2.34753,0.01791,1,1,2,1.331880,1.000000,3.992296,-0.010680,-0.010583,14.950660,4900,0.000708,0.076567,26153,10430,5913,3726,2666,1953,1411,1128,9467,1,1,1,1
22.4000,2967,1,1,32881,1,63079,0.521275,22,9,22,43,107548,27.50383,0.00280,2.34753,0.01791,0,1,3,4.433169,3.839443,3.839443,-0.027961,-0.027459,14.933899,4752,0.001839,0.074338,26345,10657,5858,3711,2423,1906,1504,1121,9553,1,1,1,1
23.0000,2967,1,1,33051,1,63485,0.520619,1,4,21,37,1880134,27.91990,0.00280,2.34753,0.01791,0,1,3,1.796141,1.271161,1.063338,-0.235778,-0.235580,14.725574,2973,0.015998,0.047166,26276,10787,5811,3670,2599,1850,1490,1135,9866,1,1,1,1
23.9000,2967,1,1,34465,1,65949,0.522609,2,8,126,126,170037,28.54367,0.00280,2.34753,0.01791,0,1,3,2.738750,2.448037,2.448037,-0.547802,-0.547462,14.413871,301,0.037982,0.004879,27497,11182,6192,3956,2757,1947,1418,1174,9825,1,1,1,1
22.3500,2968,1,1,33056,0,63335,0.521931,17,4,90,194,70394,27.47798,0.00304,2.36062,0.01142,1,1,2,1.333622,1.000000,1.826652,-0.005987,-0.005890,14.955104,4904,0.000394,0.076581,26214,10967,6041,3708,2602,1990,1395,1088,9329,1,1,1,1
22.4000,2968,1,1,32741,1,62783,0.521503,2,57,70,109,1829029,27.51277,0.00304,2.36062,0.01142,0,1,3,35.636527,28.035828,28.035828,-0.023848,-0.022644,14.937156,4756,0.001516,0.074359,26075,10645,5723,3752,2581,1905,1428,1114,9559,1,1,1,1
23.0000,2968,1,1,33168,0,64107,0.517393,1,21,21,38,52599,27.92871,0.00304,2.36062,0.01142,1,1,2,1.065321,1.000000,1.480263,-0.231320,-0.231298,14.729147,2974,0.015703,0.047155,26677,10986,5925,3790,2583,1879,1406,1160,9700,1,1,1,1
23.9000,2968,1,1,34057,1,65524,0.519772,1,2,40,64,184902,28.55249,0.00304,2.36062,0.01142,0,0,3,1.611760,1.215605,1.215605,-0.543178,-0.543017,14.417967,304,0.037663,0.004924,27244,11137,6013,3774,2630,2008,1464,1231,10022,1,1,1,1
22.3500,2969,1,1,32696,0,62767,0.520919,1,2,44,44,9087646,27.46561,0.00831,2.35698,0.01462,1,1,3,1.307200,1.000000,1.106758,-0.009602,-0.009511,14.951450,4901,0.000636,0.076527,26036,10730,5811,3695,2508,1873,1359,1135,9619,1,1,1,1
22.4000,2969,1,1,32773,1,62796,0.521905,100,4,100,104,96078,27.50016,0.00831,2.35698,0.01462,0,1,3,1.764530,1.285819,1.285819,-0.026897,-0.026706,14.934510,4758,0.001788,0.074379,26062,10662,5796,3706,2558,1897,1436,1158,9520,1,1,1,1
23.0000,2969,1,1,33388,0,64029,0.521459,5,9,9,59,101735,27.91619,0.00831,2.35698,0.01462,1,1,2,1.190402,1.000000,2.123872,-0.234999,-0.234940,14.725855,2972,0.015954,0.047118,26740,10867,5898,3755,2559,1885,1414,1133,9777,1,1,1,1
23.9000,2969,1,1,34028,0,65400,0.520314,1,33,38,58,643384,28.54000,0.00831,2.35698,0.01462,1,0,2,1.093827,1.000000,3.336214,-0.546981,-0.546951,14.414391,301,0.037945,0.004875,27091,11158,6117,3832,2608,1981,1515,1163,9934,1,1,1,1
22.3500,2970,1,1,32557,1,62463,0.521229,3,8,13,163,113650,27.46098,0.00615,2.34982,0.01730,0,1,3,2.855803,2.166478,2.166478,-0.013027,-0.012674,14.948577,4905,0.000848,0.076579,25733,10688,5847,3617,2628,1799,1324,1156,9670,1,1,1,1
22.4000,2970,1,1,32620,0,62857,0.518964,1,7,7,925,112735,27.49575,0.00615,2.34982,0.01730,1,0,2,1.276864,1.000000,2.541848,-0.030444,-0.030362,14.930911,4754,0.002033,0.074309,26064,10733,5790,3671,2587,1866,1433,1146,9566,1,1,1,1
23.0000,2970,1,1,33375,1,64191,0.519941,1,3,16,37,149717,27.91164,0.00615,2.34982,0.01730,0,0,3,2.539494,1.977844,1.977844,-0.238340,-0.238027,14.722906,2972,0.016167,0.047111,26733,10930,5969,3814,2624,1980,1348,1116,9676,1,1,1,1
23.9000,2970,1,1,34155,1,65566,0.520933,2,6,14,152,346412,28.53547,0.00615,2.34982,0.01730,0,1,3,4.223352,3.284095,3.284095,-0.550347,-0.549862,14.411482,299,0.038154,0.004842,27252,11163,6107,3815,2630,1918,1501,1151,10028,1,1,1,1
22.3500,2971,1,1,32348,0,62618,0.516601,1,6,38,442,57427,27.46444,0.00280,2.35067,0.01307,1,0,2,1.161838,1.000000,1.314939,-0.012802,-0.012752,14.948567,4909,0.000853,0.076615,25995,10625,5753,3625,2482,1863,1481,1158,9635,1,1,1,1
22.4000,2971,1,1,33040,0,63233,0.522520,4,2,40,374,63029,27.49920,0.00280,2.35067,0.01307,1,1,3,1.330427,1.000000,1.030889,-0.030147,-0.030051,14.930939,4758,0.002013,0.074346,26445,10820,5801,3673,2573,1875,1374,1069,9602,1,1,1,1
23.0000,2971,1,1,33266,0,64043,0.519440,8,2,573,573,106861,27.91518,0.00280,2.35067,0.01307,1,1,3,1.386634,1.000000,1.219291,-0.238158,-0.238048,14.723018,2975,0.016168,0.047143,26774,10854,5834,3677,2585,1892,1428,1151,9847,1,1,1,1
23.9000,2971,1,1,34165,1,65901,0.518437,16,5,59,213,205888,28.53881,0.00280,2.35067,0.01307,0,1,3,2.414099,2.122282,2.122282,-0.550071,-0.549774,14.410310,302,0.038151,0.004889,27521,11211,6104,3780,2697,2026,1493,1205,9863,1,1,1,1
22.3500,2972,1,1,32446,0,62304,0.520777,1,2,214,214,78253,27.46596,0.00518,2.36155,0.01187,1,1,2,1.406731,1.000000,1.688155,-0.011046,-0.010931,14.950243,4908,0.000731,0.076565,25801,10335,5734,3663,2547,1913,1465,1096,9749,1,1,1,1
22.4000,2972,1,1,32911,1,63290,0.520011,1,3,25,8729,288398,27.50048,0.00518,2.36155,0.01187,0,0,3,2.121864,1.582596,1.582596,-0.028300,-0.028047,14.932957,4760,0.001878,0.074343,26358,10734,6073,3642,2491,1893,1467,1106,9525,1,1,1,1
23.0000,2972,1,1,33273,1,63985,0.520021,1,1,22,28,95480,27.91655,0.00518,2.36155,0.01187,0,1,3,2.027033,1.520952,1.520952,-0.236322,-0.236084,14.725160,2976,0.016033,0.047136,26535,10991,5796,3708,2567,1977,1448,1151,9811,1,1,1,1
23.9000,2972,1,1,34102,0,65204,0.523013,1,6,6,222,166958,28.54020,0.00518,2.36155,0.01187,1,1,2,1.260613,1.000000,2.137906,-0.548211,-0.548133,14.412769,302,0.038031,0.004887,26986,11062,6061,3888,2676,1902,1458,1163,10007,1,1,1,1
22.3500,2973,1,1,32758,0,63086,0.519268,2,26,26,98,776220,27.47084,0.00326,2.37367,0.01138,1,1,2,1.315847,1.000000,9.741732,-0.009783,-0.009690,14.951563,4907,0.000648,0.076517,26056,10828,5943,3748,2556,1912,1461,1100,9481,1,1,1,1
22.4000,2973,1,1,32954,0,62902,0.523903,1,2,26,28,3335541,27.50558,0.00326,2.37367,0.01138,1,0,3,1.327672,1.000000,1.214109,-0.026802,-0.026707,14.934540,4758,0.001788,0.074279,26091,10729,5809,3732,2575,1853,1439,1128,9545,1,1,1,1
23.0000,2973,1,1,33312,0,63940,0.520997,3,2,3,172,138054,27.92151,0.00326,2.37367,0.01138,1,1,3,1.394860,1.000000,1.401148,-0.234787,-0.234675,14.726405,2973,0.015936,0.047068,26465,10828,6046,3789,2628,1944,1440,1106,9693,1,1,1,1
23.9000,2973,1,1,34035,1,65504,0.519595,1,3,13,42,77500,28.54518,0.00326,2.37367,0.01138,0,1,3,1.581062,1.118158,1.018717,-0.546561,-0.546407,14.414740,299,0.037906,0.004836,27078,11292,6023,3940,2596,1930,1467,1212,9965,1,1,1,1
22.3500,2974,1,1,32805,1,63066,0.520178,2,21,21,336,995879,27.47193,0.00303,2.36686,0.01299,0,1,3,5.348526,4.813583,4.813583,-0.009153,-0.008589,14.952748,4910,0.000574,0.076532,26250,10727,5835,3747,2524,1863,1439,1149,9531,1,1,1,1
22.4000,2974,1,1,33060,0,63465,0.520925,1,4,19,19,75684,27.50666,0.00303,2.36686,0.01299,1,1,2,1.232871,1.000000,1.399490,-0.026301,-0.026231,14.935061,4765,0.001756,0.074360,26488,10856,5877,3810,2568,1856,1409,1084,9516,1,1,1,1
23.0000,2974,1,1,33337,1,63975,0.521102,1,36,48,169,863583,27.92268,0.00303,2.36686,0.01299,0,1,3,25.996228,18.657923,18.657923,-0.234759,-0.233664,14.727703,2976,0.015866,0.047096,26588,10815,5972,3776,2575,1940,1418,1159,9731,1,1,1,1
23.9000,2974,1,1,33986,0,65419,0.519521,5,5,21,292,107960,28.54638,0.00303,2.36686,0.01299,1,1,2,1.325058,1.000000,2.256971,-0.546249,-0.546155,14.414830,301,0.037888,0.004867,27018,11083,6107,3939,2732,1878,1471,1147,10043,1,1,1,1
22.3500,2975,1,1,32798,0,63245,0.518595,1,24,88,88,40996,27.46644,0.00303,2.36260,0.01460,1,1,2,1.076609,1.000000,2.054841,-0.011905,-0.011880,14.949469,4909,0.000795,0.076508,26337,10676,5900,3744,2575,1918,1489,1155,9450,1,1,1,1
22.4000,2975,1,1,32860,0,63181,0.520101,1,1,26,36,924630,27.50116,0.00303,2.36260,0.01460,1,0,3,1.156090,1.000000,1.018172,-0.029129,-0.029080,14.931386,4760,0.001948,0.074275,26153,10784,5894,3734,2585,1954,1437,1158,9481,1,1,1,1
23.0000,2975,1,1,33645,1,64493,0.521693,1,6,106,106,79174,27.91705,0.00303,2.36260,0.01460,0,1,3,2.864621,2.506907,2.506907,-0.237241,-0.236887,14.724460,2975,0.016088,0.047075,27039,11003,5910,3812,2585,1796,1435,1159,9753,1,1,1,1
23.9000,2975,1,1,34085,1,65708,0.518742,1,143,143,215,42762,28.54076,0.00303,2.36260,0.01460,0,1,3,65.430628,58.059429,58.059429,-0.549627,-0.548222,14.411673,298,0.038040,0.004818,27234,11161,6267,3842,2572,1959,1507,1224,9941,1,1,1,1
22.3500,2976,1,1,32600,0,62879,0.518464,1,2,3,31,85890,27.47151,0.00407,2.36878,0.01096,1,0,3,1.359206,1.000000,1.306928,-0.008695,-0.008592,14.952635,4917,0.000575,0.076591,25974,10863,5794,3731,2470,1923,1427,1087,9609,1,1,1,1
22.4000,2976,1,1,33047,1,63215,0.522780,1,5,117,195,69212,27.50621,0.00407,2.36878,0.01096,0,1,3,1.333223,1.156180,1.156180,-0.026026,-0.025930,14.935393,4768,0.001736,0.074355,26230,10760,5895,3791,2521,1912,1434,1107,9564,1,1,1,1
23.0000,2976,1,1,33450,0,64189,0.521125,2,6,41,42,71156,27.92220,0.00407,2.36878,0.01096,1,1,2,1.399582,1.000000,3.428342,-0.234199,-0.234086,14.727003,2983,0.015895,0.047177,26580,11051,6032,3690,2566,1897,1469,1150,9753,1,1,1,1
23.9000,2976,1,1,33913,1,65486,0.517874,1,3,230,230,64601,28.54593,0.00407,2.36878,0.01096,0,1,3,1.713836,1.552995,1.552995,-0.545934,-0.545753,14.415621,308,0.037858,0.004976,27111,11159,6112,3810,2679,1940,1548,1160,9966,1,1,1,1
22.3500,2977,1,1,32780,0,63143,0.519147,2,42,269,269,269882,27.46812,0.00430,2.36436,0.01001,1,0,2,1.109769,1.000000,5.019538,-0.010420,-0.010385,14.950952,4915,0.000695,0.076542,26126,10811,6028,3660,2533,1864,1503,1141,9476,1,1,1,1
22.4000,2977,1,1,33078,0,63029,0.524814,1,2,4,292,5869425,27.50281,0.00430,2.36436,0.01001,1,1,3,1.321308,1.000000,1.210752,-0.027527,-0.027433,14.933547,4767,0.001837,0.074324,26082,10787,5866,3707,2493,1965,1391,1170,9567,1,1,1,1
23.0000,2977,1,1,33460,0,64019,0.522666,1,3,77,77,252650,27.91888,0.00430,2.36436,0.01001,1,0,2,1.335329,1.000000,1.576583,-0.235609,-0.235512,14.725731,2979,0.015993,0.047102,26531,10916,5915,3735,2608,1934,1461,1169,9749,1,1,1,1
23.9000,2977,1,1,34390,0,65983,0.521203,1,59,59,108,38323,28.54265,0.00430,2.36436,0.01001,1,0,2,1.131939,1.000000,8.438159,-0.547772,-0.547731,14.413599,301,0.038001,0.004862,27491,11233,6152,3854,2678,1879,1494,1174,10027,1,1,1,1
22.3500,2978,1,1,33115,1,63103,0.524785,1,1,10,180,111508,27.46914,0.00349,2.36491,0.01250,0,0,3,1.480202,1.046828,1.046828,-0.010196,-0.010065,14.951071,4916,0.000673,0.076532,26234,10744,5842,3711,2594,1824,1418,1249,9486,1,1,1,1
22.4000,2978,1,1,32825,1,63083,0.520354,1,173,173,173,90076,27.50382,0.00349,2.36491,0.01250,0,1,3,111.028872,85.657018,85.657018,-0.028282,-0.026700,14.934673,4767,0.001788,0.074293,26216,10695,5816,3779,2520,1863,1440,1174,9579,1,1,1,1
23.0000,2978,1,1,33389,1,64143,0.520548,1,5,53,53,74548,27.91975,0.00349,2.36491,0.01250,0,1,3,2.215813,1.586843,1.507964,-0.235565,-0.235298,14.725894,2980,0.015979,0.047102,26552,10906,5997,3801,2570,1926,1451,1152,9787,1,1,1,1
23.9000,2978,1,1,33993,1,65720,0.517248,2,2,14,42,135691,28.54354,0.00349,2.36491,0.01250,0,1,3,1.826043,1.397749,1.397749,-0.547447,-0.547244,14.413562,303,0.037967,0.004893,27223,11296,6050,3929,2655,1985,1438,1126,10017,1,1,1,1
22.3500,2979,1,1,32952,0,63252,0.520972,1,34,34,127,69997,27.46752,0.00326,2.36378,0.01024,1,1,2,1.293396,1.000000,12.042285,-0.011453,-0.011367,14.949898,4918,0.000760,0.076543,26290,10655,5900,3803,2647,1916,1454,1134,9452,1,1,1,1
22.4000,2979,1,1,32682,0,62722,0.521069,2,21,21,45,74796,27.50219,0.00326,2.36378,0.01024,1,1,2,1.050892,1.000000,1.243911,-0.028393,-0.028376,14.931991,4769,0.001900,0.074313,26022,10423,5852,3808,2611,1835,1382,1105,9683,1,1,1,1
23.0000,2979,1,1,33416,0,64038,0.521823,3,18,138,138,70155,27.91822,0.00326,2.36378,0.01024,1,1,2,1.106593,1.000000,2.085919,-0.236507,-0.236473,14.724136,2981,0.016060,0.047107,26451,10847,5931,3745,2663,2033,1400,1159,9808,1,1,1,1
23.9000,2979,1,1,34278,0,65804,0.520918,1,21,109,109,41338,28.54203,0.00326,2.36378,0.01024,1,1,2,1.268735,1.000000,6.913528,-0.548613,-0.548533,14.412382,301,0.038060,0.004859,27399,11062,6165,3941,2586,1976,1461,1150,10063,1,1,1,1
22.3500,2980,1,1,32757,1,63041,0.519622,1,2,14,32,28035,27.45680,0.00349,2.35373,0.01686,0,0,3,1.605053,1.195902,1.195902,-0.016465,-0.016306,14.944701,4923,0.001091,0.076622,26070,10708,5885,3689,2669,1899,1360,1194,9566,1,1,1,1
22.4000,2980,1,1,32660,0,63082,0.517747,3,23,29,130,500193,27.49145,0.00349,2.35373,0.01686,1,1,2,1.261703,1.000000,7.190111,-0.034094,-0.034016,14.926889,4770,0.002279,0.074329,26121,10764,5965,3675,2595,1897,1438,1062,9564,1,1,1,1
23.0000,2980,1,1,33777,1,64677,0.522249,1,1,31,51,42671,27.90734,0.00349,2.35373,0.01686,0,1,3,1.518613,1.109210,1.109210,-0.241725,-0.241585,14.719635,2986,0.016412,0.047185,27083,10925,5944,3816,2657,1874,1511,1174,9692,1,1,1,1
23.9000,2980,1,1,34083,1,65682,0.518917,1,40,40,40,196678,28.53117,0.00349,2.35373,0.01686,0,1,3,24.127032,19.443735,19.443735,-0.554122,-0.553054,14.408318,300,0.038384,0.004843,27209,11100,6191,3837,2673,1996,1570,1186,9919,1,1,1,1
22.3500,2981,1,1,33064,0,63234,0.522892,2,9,29,146,91887,27.46383,0.00509,2.36740,0.01070,1,1,2,1.306230,1.000000,3.405920,-0.012242,-0.012152,14.949107,4917,0.000813,0.076480,26461,10700,5805,3730,2524,1867,1425,1151,9570,1,1,1,1
22.4000,2981,1,1,32891,1,63134,0.520980,3,34,34,147,149909,27.49848,0.00509,2.36740,0.01070,0,1,3,1.829887,1.452910,1.452910,-0.029416,-0.029213,14.932068,4768,0.001956,0.074247,26002,10767,5942,3749,2587,1864,1407,1151,9664,1,1,1,1
23.0000,2981,1,1,33466,0,64001,0.522906,1,6,10,38,49300,27.91446,0.00509,2.36740,0.01070,1,1,3,1.144121,1.000000,1.166241,-0.237361,-0.237316,14.724010,2979,0.016118,0.047044,26416,10929,5970,3758,2604,1915,1488,1214,9706,1,1,1,1
23.9000,2981,1,1,34131,1,65484,0.521219,3,4,46,46,472080,28.53808,0.00509,2.36740,0.01070,0,1,3,1.759024,1.624640,1.624640,-0.549240,-0.549050,14.412321,298,0.038096,0.004808,27219,10995,6105,3890,2677,1980,1428,1166,10023,1,1,1,1
22.3500,2982,1,1,32805,1,63070,0.520145,3,4,7,100,40403,27.46668,0.00325,2.36565,0.01215,0,1,3,2.323097,1.902568,1.902568,-0.011553,-0.011270,14.950027,4923,0.000754,0.076543,26100,10750,5861,3713,2566,1842,1487,1137,9613,1,1,1,1
22.4000,2982,1,1,32944,0,63248,0.520878,44,121,121,121,90817,27.50131,0.00325,2.36565,0.01215,1,0,2,1.027754,1.000000,3.414913,-0.028971,-0.028962,14.932404,4774,0.001940,0.074314,26257,10733,5857,3682,2641,1877,1529,1118,9553,1,1,1,1
23.0000,2982,1,1,33236,0,63955,0.519686,2,1,3,66,143604,27.91739,0.00325,2.36565,0.01215,1,1,3,1.412537,1.000000,1.067867,-0.236810,-0.236694,14.724432,2985,0.016075,0.047122,26366,10849,6070,3763,2542,1910,1424,1146,9884,1,1,1,1
23.9000,2982,1,1,34230,0,65907,0.519376,1,113,113,113,217378,28.54103,0.00325,2.36565,0.01215,1,1,2,1.011132,1.000000,1.289523,-0.548667,-0.548663,14.412708,301,0.038068,0.004854,27384,11333,6155,3784,2636,1963,1500,1166,9985,1,1,1,1
22.3500,2983,1,1,32577,1,62609,0.520333,9,154,154,154,2319461,27.46172,0.00325,2.36115,0.01324,0,1,3,3.089916,2.348300,2.168436,-0.014208,-0.013830,14.947425,4922,0.000925,0.076515,25760,10570,5964,3560,2612,1903,1389,1191,9659,1,1,1,1
22.4000,2983,1,1,32976,0,63208,0.521714,2,1,71,510,84084,27.49634,0.00325,2.36115,0.01324,1,1,3,1.413663,1.000000,1.131971,-0.031409,-0.031293,14.929841,4774,0.002096,0.074302,26170,10801,5855,3680,2582,1903,1456,1135,9625,1,1,1,1
23.0000,2983,1,1,33524,0,64013,0.523714,2,18,18,333,24410,27.91228,0.00325,2.36115,0.01324,1,0,2,1.181395,1.000000,3.843138,-0.239582,-0.239526,14.721786,2983,0.016270,0.047083,26409,10994,5951,3767,2579,1911,1486,1137,9778,1,1,1,1
23.9000,2983,1,1,34236,0,65822,0.520138,22,4,22,164,108322,28.53595,0.00325,2.36115,0.01324,1,1,2,1.355966,1.000000,1.719691,-0.551282,-0.551180,14.410050,300,0.038250,0.004838,27589,11031,6119,3710,2671,1988,1526,1177,10010,1,1,1,1
22.3500,2984,1,1,33121,1,63462,0.521911,5,23,83,287,23579,27.46720,0.00348,2.36879,0.00999,0,0,3,1.402340,1.243673,1.243673,-0.011175,-0.011062,14.949608,4928,0.000740,0.076572,26514,10740,5986,3664,2570,1958,1430,1119,9480,1,1,1,1
22.4000,2984,1,1,32783,1,63142,0.519203,8,16,55,55,55133,27.50181,0.00348,2.36879,0.00999,0,1,3,8.464575,7.150298,7.150298,-0.028774,-0.028058,14.933290,4777,0.001879,0.074306,26274,10636,5957,3698,2478,1876,1503,1113,9606,1,1,1,1
23.0000,2984,1,1,33666,0,64415,0.522650,4,8,9,25,103257,27.91784,0.00348,2.36879,0.00999,1,1,2,1.349778,1.000000,3.716257,-0.236678,-0.236578,14.724440,2986,0.016067,0.047106,26801,10915,6018,3719,2521,1960,1460,1135,9885,1,1,1,1
23.9000,2984,1,1,34463,1,65910,0.522888,1,16,37,37,877163,28.54154,0.00348,2.36879,0.00999,0,1,3,5.248950,4.408494,4.408494,-0.548553,-0.547998,14.413312,301,0.038020,0.004851,27425,11163,6148,3910,2658,1985,1572,1172,9876,1,1,1,1
22.3500,2985,1,1,32765,1,63159,0.518778,1,4,94,2076,97529,27.46874,0.00372,2.36488,0.01068,0,1,3,3.202872,2.505570,2.505570,-0.010326,-0.009936,14.950851,4924,0.000665,0.076477,26175,10724,5765,3819,2532,1962,1496,1139,9546,1,1,1,1
22.4000,2985,1,1,32868,0,63313,0.519143,1,28,28,114,69829,27.50357,0.00372,2.36488,0.01068,1,0,2,1.115449,1.000000,3.577670,-0.027801,-0.027764,14.933572,4776,0.001859,0.074265,26402,10674,5943,3741,2452,1893,1424,1110,9673,1,1,1,1
23.0000,2985,1,1,33389,1,64301,0.519269,9,9,13,390,119752,27.91946,0.00372,2.36488,0.01068,0,1,3,4.846218,4.144453,4.144453,-0.235770,-0.235241,14.724790,2983,0.015976,0.047042,26845,10792,5970,3701,2672,1916,1408,1166,9830,1,1,1,1
23.9000,2985,1,1,34249,1,65709,0.521230,1,2,58,317,1209954,28.54318,0.00372,2.36488,0.01068,0,0,3,1.532036,1.131202,1.131202,-0.547411,-0.547268,14.413756,297,0.037968,0.004785,27159,11177,6207,3829,2676,1984,1476,1180,10020,1,1,1,1
22.3500,2986,1,1,32881,1,63084,0.521234,1,15,15,435,53790,27.46765,0.00686,2.36930,0.01133,0,1,3,1.674231,1.224004,1.187150,-0.009315,-0.009142,14.951899,4925,0.000611,0.076462,26136,10788,5861,3700,2507,1907,1421,1095,9668,1,1,1,1
22.4000,2986,1,1,32932,0,63198,0.521101,9,3,21,31,62920,27.50223,0.00686,2.36930,0.01133,1,1,2,1.414113,1.000000,1.882224,-0.026699,-0.026583,14.934557,4776,0.001780,0.074235,26374,10547,5908,3666,2529,1918,1468,1195,9592,1,1,1,1
23.0000,2986,1,1,33317,1,64410,0.517272,1,33,33,68,42139,27.91822,0.00686,2.36930,0.01133,0,1,3,3.523884,3.329364,3.329364,-0.234785,-0.234364,14.726993,2986,0.015914,0.047066,26787,10822,6097,3761,2567,1902,1508,1222,9743,1,1,1,1
23.9000,2986,1,1,34317,1,65672,0.522559,1,4,14,27,904770,28.54196,0.00686,2.36930,0.01133,0,1,3,1.683297,1.618083,1.618083,-0.546527,-0.546353,14.415009,297,0.037902,0.004783,27241,11107,5983,3940,2670,2033,1442,1212,10043,1,1,1,1
22.3500,2987,1,1,33022,0,63336,0.521386,1,1924,1924,1924,83822,27.47558,0.00232,2.36404,0.01040,1,1,2,1.004919,1.000000,9.499664,-0.007898,-0.007897,14.953477,4939,0.000528,0.076646,26316,10758,5931,3761,2606,1881,1409,1172,9501,1,1,1,1
22.4000,2987,1,1,33055,1,63292,0.522270,3,4,40,50,145433,27.51015,0.00232,2.36404,0.01040,0,1,3,3.227843,2.463902,2.463902,-0.024960,-0.024567,14.935957,4788,0.001645,0.074389,26189,10787,5766,3852,2548,1907,1439,1105,9698,1,1,1,1
23.0000,2987,1,1,33703,1,64430,0.523103,1,2,3,18,315749,27.92623,0.00232,2.36404,0.01040,0,1,3,2.132967,1.561020,1.561020,-0.232920,-0.232667,14.728162,2996,0.015797,0.047205,26771,10902,6029,3809,2581,1867,1437,1203,9830,1,1,1,1
23.9000,2987,1,1,34354,0,65918,0.521171,2,86,86,915,324405,28.54999,0.00232,2.36404,0.01040,1,1,2,1.339288,1.000000,34.531897,-0.545321,-0.545223,14.415782,307,0.037821,0.004942,27301,11308,6090,3920,2661,1881,1526,1241,9989,1,1,1,1
22.3500,2988,1,1,33124,0,63507,0.521589,2,5,5,1869,95105,27.47585,0.00444,2.36335,0.01046,1,1,2,1.198118,1.000000,1.322734,-0.006284,-0.006224,14.954590,4939,0.000416,0.076614,26336,10749,6111,3740,2607,1898,1447,1108,9510,1,1,1,1
22.4000,2988,1,1,32941,1,63200,0.521227,1,27,75,75,287792,27.51065,0.00444,2.36335,0.01046,0,1,3,19.619175,14.228887,14.228887,-0.024084,-0.023088,14.938276,4789,0.001546,0.074369,26251,10785,5834,3787,2539,1870,1387,1046,9700,1,1,1,1
23.0000,2988,1,1,33605,1,64360,0.522149,2,6,20,32,155777,27.92659,0.00444,2.36335,0.01046,0,1,3,3.574677,3.004018,3.004018,-0.231790,-0.231363,14.729983,2996,0.015707,0.047183,26679,11025,5906,3818,2604,1983,1467,1134,9743,1,1,1,1
23.9000,2988,1,1,34029,1,65690,0.518032,1,148,148,148,1083575,28.55037,0.00444,2.36335,0.01046,0,1,3,85.853041,70.157012,70.157012,-0.544211,-0.542721,14.418653,307,0.037640,0.004939,27332,11119,5985,3925,2656,1944,1579,1141,10008,1,1,1,1
22.3500,2989,1,1,32964,0,63286,0.520882,1,120,120,120,130437,27.47433,0.00359,2.35647,0.01553,1,1,2,1.171934,1.000000,22.537191,-0.008106,-0.008053,14.952715,4937,0.000539,0.076567,26282,10791,5835,3798,2539,1920,1448,1131,9541,1,1,1,1
22.4000,2989,1,1,32893,1,63102,0.521275,1,2,39,39,411790,27.50888,0.00359,2.35647,0.01553,0,1,3,2.380193,1.803256,1.803256,-0.024956,-0.024666,14.936608,4787,0.001651,0.074321,26165,10644,5804,3636,2587,1877,1503,1123,9762,1,1,1,1
23.0000,2989,1,1,33293,1,64149,0.519003,1,2,42,1030,24185,27.92491,0.00359,2.35647,0.01553,0,0,3,1.865642,1.488858,1.488858,-0.232938,-0.232729,14.728167,2996,0.015802,0.047173,26674,10875,5903,3708,2599,1912,1486,1119,9872,1,1,1,1
23.9000,2989,1,1,34342,0,65998,0.520357,1,8,8,490,40598,28.54871,0.00359,2.35647,0.01553,1,1,2,1.308878,1.000000,3.213384,-0.544974,-0.544884,14.416374,303,0.037796,0.004874,27535,11104,6114,3846,2701,1973,1518,1155,10051,1,1,1,1
22.3500,2990,1,1,32940,0,63215,0.521087,4,7,13,39,72127,27.48000,0.00391,2.36651,0.01198,1,0,2,1.132825,1.000000,1.134333,-0.004520,-0.004478,14.956853,4942,0.000299,0.076598,26083,10851,5930,3662,2578,1859,1501,1199,9551,1,1,1,1
22.4000,2990,1,1,33113,1,63605,0.520612,1,2,24,79,121794,27.51478,0.00391,2.36651,0.01198,0,1,3,2.087950,1.574200,1.574200,-0.021959,-0.021712,14.939149,4790,0.001453,0.074330,26467,10790,5939,3836,2585,1905,1479,1115,9488,1,1,1,1
23.0000,2990,1,1,33516,0,64341,0.520920,6,19,19,38,1610956,27.93067,0.00391,2.36651,0.01198,1,1,2,1.409678,1.000000,9.856131,-0.230212,-0.230098,14.731072,2996,0.015620,0.047148,26595,11156,6061,3777,2483,1873,1485,1128,9782,1,1,1,1
23.9000,2990,1,1,34334,0,65920,0.520851,3,25,145,145,119266,28.55450,0.00391,2.36651,0.01198,1,1,2,1.041332,1.000000,1.115744,-0.541759,-0.541745,14.418559,307,0.037573,0.004936,27445,11107,6107,3834,2787,1926,1419,1198,10096,1,1,1,1
22.3500,2991,1,1,32901,1,63345,0.519402,1,1,623,623,29871,27.47511,0.00425,2.35168,0.01244,0,0,3,1.822286,1.333334,1.333334,-0.006738,-0.006537,14.954751,4940,0.000437,0.076552,26503,10644,5858,3720,2599,1826,1470,1078,9646,1,1,1,1
22.4000,2991,1,1,32960,0,63386,0.519997,1,4,76,76,207298,27.50987,0.00425,2.35168,0.01244,1,1,3,1.193683,1.000000,1.111701,-0.024093,-0.024034,14.936773,4793,0.001609,0.074363,26377,10613,6013,3721,2563,1889,1438,1079,9692,1,1,1,1
23.0000,2991,1,1,33630,0,64534,0.521129,1,2,19,235,1092418,27.92586,0.00425,2.35168,0.01244,1,1,2,1.409101,1.000000,1.855400,-0.232165,-0.232050,14.729122,2996,0.015755,0.047138,26784,11041,6054,3785,2597,1877,1443,1138,9814,1,1,1,1
23.9000,2991,1,1,34182,0,65861,0.519010,1,4,6,1157,111834,28.54948,0.00425,2.35168,0.01244,1,1,2,1.362839,1.000000,2.224749,-0.544008,-0.543904,14.417322,304,0.037726,0.004887,27161,11232,6094,3884,2758,1976,1577,1184,9994,1,1,1,1
22.3500,2992,1,1,32930,0,63078,0.522060,4,2,9,89,121627,27.47055,0.00466,2.34956,0.01273,1,0,3,1.310583,1.000000,1.148343,-0.008939,-0.008848,14.952410,4948,0.000592,0.076662,26104,10731,5830,3690,2630,1859,1472,1123,9638,1,1,1,1
22.4000,2992,1,1,33282,0,63469,0.524390,1,4,13,16,68313,27.50507,0.00466,2.34956,0.01273,1,1,2,1.398564,1.000000,2.398875,-0.026325,-0.026213,14.934978,4797,0.001755,0.074410,26365,10797,5949,3628,2592,1843,1483,1141,9670,1,1,1,1
23.0000,2992,1,1,33753,1,64522,0.523132,1,8,84,84,1604918,27.92114,0.00466,2.34956,0.01273,0,1,3,1.883117,1.343551,1.205488,-0.234241,-0.234029,14.727157,3001,0.015891,0.047207,26825,10885,6017,3849,2645,1946,1454,1079,9821,1,1,1,1
23.9000,2992,1,1,34640,0,66299,0.522489,9,7,160,160,203868,28.54479,0.00466,2.34956,0.01273,1,0,2,1.208531,1.000000,1.819068,-0.546136,-0.546073,14.415230,310,0.037882,0.004982,27664,11298,6079,3802,2748,2079,1467,1175,9986,1,1,1,1
22.3500,2993,1,1,32927,1,63204,0.520972,1,2,4,79,41367,27.47326,0.00437,2.35976,0.01277,0,1,3,2.247880,1.615081,1.615081,-0.007710,-0.007440,14.953392,4944,0.000498,0.076570,26151,10789,5846,3716,2581,1947,1429,1107,9637,1,1,1,1
22.4000,2993,1,1,33279,1,63645,0.522893,2,9,40,40,33493,27.50800,0.00437,2.35976,0.01277,0,0,3,2.900627,2.487070,2.487070,-0.025151,-0.024795,14.935963,4793,0.001660,0.074318,26411,10910,5956,3725,2501,1919,1491,1167,9564,1,1,1,1
23.0000,2993,1,1,33653,1,64542,0.521420,5,37,37,76,48484,27.92393,0.00437,2.35976,0.01277,0,1,3,4.061331,3.327488,3.309307,-0.233165,-0.232697,14.728602,2997,0.015799,0.047124,26721,11028,6051,3852,2609,1900,1436,1129,9815,1,1,1,1
23.9000,2993,1,1,34424,0,66169,0.520251,1,1,8,19,30429,28.54760,0.00437,2.35976,0.01277,1,1,3,1.388396,1.000000,1.116537,-0.544820,-0.544710,14.416363,304,0.037784,0.004884,27446,11317,6103,3972,2656,1999,1494,1179,10002,1,1,1,1
22.3500,2994,1,1,33338,0,63710,0.523286,1,4,28,28,129838,27.47609,0.00301,2.35881,0.01376,1,1,2,1.402793,1.000000,2.414402,-0.006963,-0.006850,14.954250,4945,0.000458,0.076555,26538,10892,5927,3754,2573,1869,1478,1140,9538,1,1,1,1
22.4000,2994,1,1,32923,1,63097,0.521792,6,2,1029,1029,3005484,27.51081,0.00301,2.35881,0.01376,0,1,3,1.909554,1.507157,1.507157,-0.024249,-0.024033,14.936410,4797,0.001609,0.074353,25899,10677,6014,3701,2574,1957,1422,1177,9675,1,1,1,1
23.0000,2994,1,1,33612,0,64332,0.522485,3,4,7,40,854495,27.92684,0.00301,2.35881,0.01376,1,1,2,1.412524,1.000000,2.431126,-0.232343,-0.232227,14.728933,2998,0.015767,0.047123,26654,10995,5916,3717,2616,1913,1484,1151,9885,1,1,1,1
23.9000,2994,1,1,34439,1,66094,0.521069,13,3,13,17,202866,28.55053,0.00301,2.35881,0.01376,0,0,3,1.360980,1.294331,1.294331,-0.544074,-0.543971,14.416407,306,0.037733,0.004914,27312,11241,6205,3863,2648,2093,1518,1245,9968,1,1,1,1
22.3500,2995,1,1,32874,0,63032,0.521553,1,5,18,33,405208,27.47305,0.00278,2.35493,0.01318,1,1,3,1.147097,1.000000,1.020373,-0.008586,-0.008540,14.952786,4948,0.000571,0.076584,26000,10692,5898,3671,2557,1890,1452,1116,9755,1,1,1,1
22.4000,2995,1,1,33146,0,63691,0.520427,1,5,343,343,51344,27.50776,0.00278,2.35493,0.01318,1,1,2,1.197876,1.000000,1.496990,-0.026023,-0.025963,14.935344,4796,0.001738,0.074318,26374,10971,5961,3839,2510,1937,1493,1107,9498,1,1,1,1
23.0000,2995,1,1,33856,0,64874,0.521881,2,534,534,534,78395,27.92365,0.00278,2.35493,0.01318,1,1,2,1.011157,1.000000,6.018868,-0.234204,-0.234200,14.725673,2999,0.015904,0.047134,27094,10880,6164,3831,2683,1926,1540,1090,9665,1,1,1,1
23.9000,2995,1,1,34472,0,65937,0.522810,1,3,254,254,42651,28.54737,0.00278,2.35493,0.01318,1,1,3,1.200194,1.000000,1.080711,-0.545758,-0.545697,14.415610,304,0.037855,0.004881,27479,11021,6134,3925,2606,1962,1534,1241,10034,1,1,1,1
22.3500,2996,1,1,33016,0,63433,0.520494,1,2,26,128,165803,27.47199,0.00437,2.35819,0.01510,1,0,3,1.282830,1.000000,1.299711,-0.008290,-0.008207,14.953065,4948,0.000549,0.076557,26406,10736,5953,3741,2512,1824,1419,1207,9634,1,1,1,1
22.4000,2996,1,1,33034,0,63639,0.519092,4,129,129,153,37558,27.50669,0.00437,2.35819,0.01510,1,0,3,1.007514,1.000000,1.007944,-0.025603,-0.025601,14.935773,4800,0.001714,0.074353,26530,10830,5885,3658,2639,1816,1443,1138,9699,1,1,1,1
23.0000,2996,1,1,33532,0,64357,0.521039,112,3,112,112,37184,27.92267,0.00437,2.35819,0.01510,1,1,2,1.355961,1.000000,1.466259,-0.233654,-0.233552,14.727475,3001,0.015858,0.047143,26714,10878,5971,3910,2624,1883,1446,1154,9776,1,1,1,1
23.9000,2996,1,1,34184,0,66036,0.517665,1,21,21,610,24261,28.54641,0.00437,2.35819,0.01510,1,0,2,1.101588,1.000000,2.420851,-0.545613,-0.545581,14.415761,305,0.037846,0.004895,27350,11167,6155,3959,2610,2028,1539,1171,10056,1,1,1,1
22.3500,2997,1,1,33092,0,63197,0.523641,1,56,56,56,825040,27.48358,0.00324,2.37134,0.01363,1,1,2,1.331448,1.000000,22.022936,-0.003461,-0.003365,14.957632,4946,0.000225,0.076477,26201,10685,5882,3774,2568,1830,1474,1166,9616,1,1,1,1
22.4000,2997,1,1,33050,0,63380,0.521466,1,7,23,372,39266,27.51827,0.00324,2.37134,0.01363,1,0,2,1.268846,1.000000,2.668711,-0.020454,-0.020375,14.940904,4796,0.001364,0.074241,26159,10692,6046,3709,2630,1880,1485,1137,9641,1,1,1,1
23.0000,2997,1,1,33307,1,64478,0.516572,1,1,60,60,62749,27.93434,0.00324,2.37134,0.01363,0,0,3,1.273688,1.098924,1.098924,-0.228328,-0.228247,14.733091,2997,0.015492,0.047047,26717,10802,6065,3762,2617,1925,1468,1190,9931,1,1,1,1
23.9000,2997,1,1,34288,0,66162,0.518251,1,1,804,804,51149,28.55811,0.00324,2.37134,0.01363,1,1,3,1.160832,1.000000,1.102514,-0.540209,-0.540160,14.420228,300,0.037458,0.004812,27584,11127,6125,3918,2660,2002,1491,1208,10046,1,1,1,1
22.3500,2998,1,1,33251,1,63734,0.521723,8,2,64,2693,62419,27.48599,0.00485,2.37642,0.01228,0,1,3,2.023397,1.459927,1.459927,-0.001144,-0.000909,14.960298,4954,0.000061,0.076561,26426,10813,6108,3822,2570,1878,1420,1068,9628,1,1,1,1
22.4000,2998,1,1,33066,0,63331,0.522122,5,7,42,42,20378443,27.52067,0.00485,2.37642,0.01228,1,1,2,1.380473,1.000000,3.591884,-0.018633,-0.018526,14.942536,4803,0.001240,0.074316,26272,10819,5791,3761,2613,1902,1404,1083,9685,1,1,1,1
23.0000,2998,1,1,33684,0,64667,0.520892,1,34,34,34,288390,27.93661,0.00485,2.37642,0.01228,1,1,2,1.243894,1.000000,9.711434,-0.226767,-0.226695,14.734191,3004,0.015386,0.047138,26818,11063,6008,3921,2502,1972,1435,1113,9834,1,1,1,1
23.9000,2998,1,1,34576,0,66167,0.522564,2,1,55,1087,60195,28.56039,0.00485,2.37642,0.01228,1,1,3,1.037082,1.000000,1.021243,-0.538268,-0.538256,14.423116,306,0.037319,0.004905,27486,11249,6196,3903,2658,1922,1518,1168,10066,1,1,1,1
22.3500,2999,1,1,33085,1,63350,0.522266,2,25,45,45,31793,27.49127,0.00254,2.38161,0.01176,0,0,3,1.652532,1.277291,1.277291,0.000454,0.000622,14.961573,4953,-0.000042,0.076514,26360,10812,5904,3641,2446,1893,1457,1169,9667,1,1,1,1
22.4000,2999,1,1,33031,1,63570,0.519609,1,27,32,3642,28470,27.52594,0.00254,2.38161,0.01176,0,0,3,3.477465,2.888907,2.888907,-0.017024,-0.016608,14.944218,4803,0.001111,0.074283,26193,10855,5997,3768,2527,1943,1457,1149,9680,1,1,1,1
23.0000,2999,1,1,33798,0,64642,0.522857,11,6,14,121,102121,27.94197,0.00254,2.38161,0.01176,1,1,3,1.161261,1.000000,1.081629,-0.224874,-0.224824,14.735925,3003,0.015257,0.047101,26740,11011,6049,3872,2558,1894,1447,1142,9928,1,1,1,1
23.9000,2999,1,1,34684,0,66555,0.521141,1,2,20,20,97493,28.56578,0.00254,2.38161,0.01176,1,1,3,1.373602,1.000000,1.308452,-0.536799,-0.536693,14.424359,306,0.037207,0.004903,27681,11538,6210,3900,2679,2056,1483,1154,9853,1,1,1,1
22.3500,3000,1,1,33130,0,63506,0.521691,2,11,11,22,1430340,27.48432,0.00534,2.37229,0.01206,1,0,2,1.102519,1.000000,1.337414,-0.001787,-0.001755,14.959588,4956,0.000117,0.076545,26411,10794,6018,3676,2513,1872,1448,1127,9646,1,1,1,1
22.4000,3000,1,1,32979,1,63301,0.520995,7,7,22,73,51340,27.51897,0.00534,2.37229,0.01206,0,1,3,4.610892,3.634476,3.634476,-0.019285,-0.018775,14.941340,4807,0.001257,0.074334,26203,10811,5889,3608,2686,1819,1430,1108,9746,1,1,1,1
23.0000,3000,1,1,33892,0,65005,0.521383,1,2,27,27,68844,27.93486,0.00534,2.37229,0.01206,1,1,2,1.350566,1.000000,1.594546,-0.227092,-0.226992,14.734030,3006,0.015406,0.047138,27112,11113,6169,3768,2616,1924,1419,1164,9719,1,1,1,1
23.9000,3000,1,1,34349,1,65948,0.520858,3,3,31,31,74182,28.55869,0.00534,2.37229,0.01206,0,1,3,2.241033,1.727334,1.727334,-0.539021,-0.538752,14.421818,309,0.037357,0.004950,27386,11046,6079,3967,2620,2033,1444,1208,10164,1,1,1,1
