18,17,4.5.1,5,27.00000000000000000000000000000000000000,5.196152422706631880582339024517617100828,0.1924500897298752548363829268339858185492,1,1,0,1.647918433002164537092867855383788556971
20,19,4.5.2,5,54.00000000000000000000000000000000000000,11.09016994374947424102293417182819058860,0.2053735174768421155744987809597813071963,1,1,1,1.582924921266257146114173265103911566342
21,20,4.5.3,5,54.00000000000000000000000000000000000000,27.00000000000000000000000000000000000000,0.5000000000000000000000000000000000000000,1,1,1,0.6931471805599453094172321214581765680755
22,21,4.5.4,5,32.00000000000000000000000000000000000000,4.000000000000000000000000000000000000000,0.1250000000000000000000000000000000000000,1,1,1,2.079441541679835928251696364374529704227
23,22,4.5.5,5,32.00000000000000000000000000000000000000,11.09016994374947424102293417182819058860,0.3465678107421710700319666928696309558938,1,1,1,1.059676777501709309597366040169040724702
24,23,4.5.6,5,32.00000000000000000000000000000000000000,16.00000000000000000000000000000000000000,0.5000000000000000000000000000000000000000,1,1,1,0.6931471805599453094172321214581765680755
28,27,4.5.7,5,61.68484275331227438931100169832717613035,4.688300602821342174789408558028967962762,0.07600409425651969842949399368053597066246,1,1,1,2.576968068350527257761622001814549930660
31,32,4.4.25,4,270.0999629903724288951408146374580446215,270.0999629903724288951408146374580446215,1.000000000000000000000000000000000000000,0,1,1,0.E-57
32,34,4.3.1,3,25.00000000000000000000000000000000000000,9.000000000000000000000000000000000000000,0.3600000000000000000000000000000000000000,1,1,1,1.021651247531981366411028192607323869756
43,55,4.4.33,4,256.0000000000000000000000000000000000000,64.00000000000000000000000000000000000000,0.2500000000000000000000000000000000000000,1,1,1,1.386294361119890618834464242916353136151
44,56,4.5.9,5,96.00000000000000000000000000000000000000,96.00000000000000000000000000000000000000,1.000000000000000000000000000000000000000,0,1,1,0.E-57
46,59,4.5.10,5,54.00000000000000000000000000000000000000,16.00000000000000000000000000000000000000,0.2962962962962962962962962962962962962963,1,1,1,1.216395324324493145934039346393047409716
47,60,4.4.26,4,108.0000000000000000000000000000000000000,108.0000000000000000000000000000000000000,1.000000000000000000000000000000000000000,0,1,1,0.E-57
56,71,4.5.11,5,320.0000000000000000000000000000000000000,320.0000000000000000000000000000000000000,1.000000000000000000000000000000000000000,0,1,1,0.E-57
57,74,4.5.12,5,162.0000000000000000000000000000000000000,162.0000000000000000000000000000000000000,1.000000000000000000000000000000000000000,0,1,1,0.E-57
58,83,4.5.13,5,384.0000000000000000000000000000000000000,384.0000000000000000000000000000000000000,1.000000000000000000000000000000000000000,0,1,1,0.E-57
60,99,4.4.34,4,349.7319890887505733674099188788982735688,1.230769230769230769230769230769230769231,0.003519178311300833497163071533164776772865,1,1,1,5.649527750911691842077436486784284415273
61,102,4.8.1,8,88.72135954999579392818347337462552470881,11.09016994374947424102293417182819058860,0.1250000000000000000000000000000000000000,1,1,1,2.079441541679835928251696364374529704227
62,104,4.8.2,8,72.00000000000000000000000000000000000000,9.000000000000000000000000000000000000000,0.1250000000000000000000000000000000000000,1,1,1,2.079441541679835928251696364374529704227
63,105,4.8.3,8,64.00000000000000000000000000000000000000,32.00000000000000000000000000000000000000,0.5000000000000000000000000000000000000000,1,1,1,0.6931471805599453094172321214581765680755
64,106,4.8.7,8,88.72135954999579392818347337462552470881,44.36067977499789696409173668731276235441,0.5000000000000000000000000000000000000000,1,1,1,0.6931471805599453094172321214581765680755
65,109,4.4.36,4,1080.399851961489715580563258549832178486,5.142857142857142857142857142857142857143,0.004760142398687090244800697021811648644705,1,1,1,5.347477695495708585282869166905822209394
69,113,4.8.6,8,99.81152949374526816920640754645371529741,11.09016994374947424102293417182819058860,0.1111111111111111111111111111111111111111,1,1,1,2.197224577336219382790490473845051409295
70,116,4.5.14,5,256.0000000000000000000000000000000000000,64.00000000000000000000000000000000000000,0.2500000000000000000000000000000000000000,1,1,1,1.386294361119890618834464242916353136151
71,117,4.5.15,5,177.4427190999915878563669467492510494176,74.66666666666666666666666666666666666667,0.4207930708308797914403594685315560801405,1,1,1,0.8656140843508683143614549391430115226108
72,118,4.5.16,5,354.8854381999831757127338934985020988352,56.00000000000000000000000000000000000000,0.1577974015615799217901348006993335300527,1,1,1,1.846443337362594551217906066595015522190
73,119,4.5.17,5,128.0000000000000000000000000000000000000,64.00000000000000000000000000000000000000,0.5000000000000000000000000000000000000000,1,1,1,0.6931471805599453094172321214581765680755
74,123,4.8.10,8,72.00000000000000000000000000000000000000,36.00000000000000000000000000000000000000,0.5000000000000000000000000000000000000000,1,1,1,0.6931471805599453094172321214581765680755
75,124,4.5.18,5,42.42031678401326905422875196556049566224,2.393404940124886613388686199572000230871,0.05642119440812089993704074094007544972362,1,1,0,2.874910403690486342994995248273505216345
86,160,4.8.4,8,41.56921938165305504465871219614093680663,41.56921938165305504465871219614093680663,1.000000000000000000000000000000000000000,0,0,0,0.E-57
87,161,4.8.8,8,57.62621342144210198204735513321489113580,57.62621342144210198204735513321489113580,1.000000000000000000000000000000000000000,0,0,0,0.E-57
88,162,4.8.11,8,46.76537180435968692524105122065855390746,46.76537180435968692524105122065855390746,1.000000000000000000000000000000000000000,0,0,0,0.E-57
89,163,4.8.13,8,41.56921938165305504465871219614093680663,41.56921938165305504465871219614093680663,1.000000000000000000000000000000000000000,0,0,0,0.E-57
90,173,4.8.5,8,72.00000000000000000000000000000000000000,64.00000000000000000000000000000000000000,0.8888888888888888888888888888888888888889,1,1,1,0.1177830356563834545387941094705217050685
91,174,4.8.9,8,99.81152949374526816920640754645371529741,88.72135954999579392818347337462552470881,0.8888888888888888888888888888888888888889,1,1,1,0.1177830356563834545387941094705217050685
92,175,4.8.12,8,81.00000000000000000000000000000000000000,72.00000000000000000000000000000000000000,0.8888888888888888888888888888888888888889,1,1,1,0.1177830356563834545387941094705217050685
93,176,4.8.14,8,72.00000000000000000000000000000000000000,64.00000000000000000000000000000000000000,0.8888888888888888888888888888888888888889,1,1,1,0.1177830356563834545387941094705217050685
94,178,4.8.15,8,46.76537180435968692524105122065855390746,46.76537180435968692524105122065855390746,1.000000000000000000000000000000000000000,0,0,0,0.E-57
95,180,4.5.19,5,2592.000000000000000000000000000000000000,2592.000000000000000000000000000000000000,1.000000000000000000000000000000000000000,0,1,1,0.E-57
100,186,4.5.20,5,40.93608329051593040527493823855822365063,5.936083290515930405274938238558223650633,0.1450085795553186659069018997961406264520,1,1,1,1.930962368964974134059327537611421511635
101,187,4.5.21,5,243.0000000000000000000000000000000000000,171.0000000000000000000000000000000000000,0.7037037037037037037037037037037037037037,1,1,1,0.3513978868378886141767082788797235767051
102,189,4.4.27,4,256.0000000000000000000000000000000000000,256.0000000000000000000000000000000000000,1.000000000000000000000000000000000000000,0,1,1,0.E-57
103,193,4.5.22,5,158.4698910322979314347210149546565549603,1.571428571428571428571428571428571428571,0.009916259556891452378887869929056744893631,1,1,1,4.613579489587885230077852223439670299131
104,194,4.5.23,5,81.00000000000000000000000000000000000000,1.588235294117647058823529411764705882353,0.01960784313725490196078431372549019607843,1,1,1,3.931825632724325771644779854795652240236
105,195,4.5.24,5,101.3414980498368176132977399108578419869,1.172413793103448275862068965517241379310,0.01156894081560634797855128806067196003404,1,1,1,4.459431287722837842351771324208652134325
106,196,4.8.16,8,54.63115552153339864086640153138091330363,2.298271356496835383813657055118936163570,0.04206887689920725705992968699879627382166,1,1,1,3.168447077737781224811478690120308868054
107,197,4.8.18,8,46.62741699796952078082701958735516925711,8.000000000000000000000000000000000000000,0.1715728752538099023966225515806038428607,1,1,1,1.762747174039086050465218649959584618056
108,198,4.5.25,5,85.85215670786362497513001326096872191178,1.845846360872875869070720980104776710485,0.02150029110105984842423721178466801397340,1,1,1,3.839688804356000284040291378536975614099
109,199,4.5.26,5,81.00000000000000000000000000000000000000,81.00000000000000000000000000000000000000,1.000000000000000000000000000000000000000,0,1,1,0.E-57
110,200,4.8.17,8,100.8470862866379275127624071371496903086,100.8470862866379275127624071371496903086,1.000000000000000000000000000000000000000,0,0,0,0.E-57
111,201,4.8.19,8,128.0000000000000000000000000000000000000,93.25483399593904156165403917471033851423,0.7285533905932737622004221810524245196424,1,1,1,0.3166943676407498777864777144149450861702
112,202,4.5.27,5,70.54639781775011467348198377577965471375,1.052631578947368421052631578947368421053,0.01492112441611464889861895474409030546871,1,1,1,4.204977324035806049122164554018148938795
113,203,4.5.28,5,70.54639781775011467348198377577965471375,32.00000000000000000000000000000000000000,0.4536021822498853265180162242203452862488,1,1,1,0.7905347156236300354622000909819533368566
115,206,4.4.37,4,51.31000325658813898988732295468670784679,16.00000000000000000000000000000000000000,0.3118300328298190158952294627554212816863,1,1,1,1.165297006182968349219653802940173115888
116,207,4.4.38,4,89531.38920672014678205693923299795803360,53248.00000000000000000000000000000000000,0.5947411346098408610205590891048472746142,1,1,1,0.5196290359886183699704616036536472056630
117,208,4.5.29,5,282.1855912710004586939279351031186188550,10.85714285714285714285714285714285714286,0.03847518510155277323143887616154714481575,1,1,1,3.257741788312229427644686009828162369634
118,209,4.5.30,5,219.8547803935309782716713286564131278924,1.882352941176470588235294117647058823529,0.008561801284498506482228608773047376827096,1,1,1,4.760444680533795643656241561094736219121
119,210,4.4.39,4,543.5290039756342493699242350482620310854,3.200000000000000000000000000000000000000,0.005887450304571882875947061896724611432787,1,1,1,5.134932260512272475531196633145356875638
120,211,4.4.40,4,8696.464063610147989918787760772192497366,1280.000000000000000000000000000000000000,0.1471862576142970718986765474181152858197,1,1,1,1.916056435644071726329677966692981596587
121,212,4.5.31,5,44.36067977499789696409173668731276235441,4.000000000000000000000000000000000000000,0.09016994374947424102293417182819058860155,1,1,1,2.406059125298017237488794567121842115676
122,213,4.8.20,8,78.51465003324736209808731007951739343545,4.000000000000000000000000000000000000000,0.05094590625196932046981761856707028615356,1,1,1,2.976990870883617623718737811329014879696
123,215,4.5.32,5,373.0193359837561662466161566988413540569,21.33333333333333333333333333333333333333,0.05719095841793663413220751719353461428689,1,1,1,2.861359462707195741860463886882110322704
124,216,4.5.33,5,108.0000000000000000000000000000000000000,36.00000000000000000000000000000000000000,0.3333333333333333333333333333333333333333,1,1,1,1.098612288668109691395245236922525704647
125,217,4.5.34,5,48.00000000000000000000000000000000000000,27.00000000000000000000000000000000000000,0.5625000000000000000000000000000000000000,1,1,1,0.5753641449035618548784380119876548630070
126,218,4.5.35,5,162.7398477926207554221681226616893095047,2.821990504073968385602552687343620532593,0.01734050106566419059947187105946983769463,1,1,0,4.054710411526811445564371066407611816572
127,219,4.5.36,5,232.7076581449591651339761365884228104199,16.70765814495916513397613658842281041988,0.07179676972449082589021463397651053222878,1,1,1,2.633915793849633417250092694615936888054
128,220,4.4.41,4,512.0000000000000000000000000000000000000,64.00000000000000000000000000000000000000,0.1250000000000000000000000000000000000000,1,1,1,2.079441541679835928251696364374529704227
129,221,4.5.37,5,432.0000000000000000000000000000000000000,38.40000000000000000000000000000000000000,0.08888888888888888888888888888888888888889,1,1,1,2.420368128650429138556785564154885912670
130,222,4.4.42,4,158.6391934532503440204459513273389641413,51.63919345325034402044595132733896414125,0.3255134644167740710220072275359778853620,1,1,1,1.122351452853323594037337301183142106846
131,223,4.5.38,5,117.5755076535925487134696355858827868144,117.5755076535925487134696355858827868144,1.000000000000000000000000000000000000000,0,0,0,0.E-57
132,224,4.5.39,5,128.0000000000000000000000000000000000000,35.20000000000000000000000000000000000000,0.2750000000000000000000000000000000000000,1,1,1,1.290984181315565758790512119635588043930
133,225,4.4.43,4,163840.0000000000000000000000000000000000,163840.0000000000000000000000000000000000,1.000000000000000000000000000000000000000,0,1,1,0.E-57
134,226,4.5.40,5,108.0000000000000000000000000000000000000,16.00000000000000000000000000000000000000,0.1481481481481481481481481481481481481481,1,1,1,1.909542504884438455351271467851223977791
135,227,4.3.2,3,1728.000000000000000000000000000000000000,1728.000000000000000000000000000000000000,1.000000000000000000000000000000000000000,0,1,1,0.E-57
136,228,4.3.3,3,256.0000000000000000000000000000000000000,256.0000000000000000000000000000000000000,1.000000000000000000000000000000000000000,0,1,1,0.E-57
137,230,4.5.41,5,1026.000000000000000000000000000000000000,1026.000000000000000000000000000000000000,1.000000000000000000000000000000000000000,0,1,1,0.E-57
138,231,4.5.42,5,256.0000000000000000000000000000000000000,213.3333333333333333333333333333333333333,0.8333333333333333333333333333333333333333,1,1,1,0.1823215567939546262117180251545146331974
139,232,4.4.44,4,512.0000000000000000000000000000000000000,27.00000000000000000000000000000000000000,0.05273437500000000000000000000000000000000,1,1,1,2.942487759035178710569353382356011998737
140,233,4.4.45,4,512.0000000000000000000000000000000000000,432.0000000000000000000000000000000000000,0.8437500000000000000000000000000000000000,1,1,1,0.1698990367953974729004248965233057264350
141,234,4.5.43,5,64.00000000000000000000000000000000000000,36.00000000000000000000000000000000000000,0.5625000000000000000000000000000000000000,1,1,1,0.5753641449035618548784380119876548630070
142,237,4.4.46,4,864.0000000000000000000000000000000000000,96.00000000000000000000000000000000000000,0.1111111111111111111111111111111111111111,1,1,1,2.197224577336219382790490473845051409295
143,239,4.4.47,4,3456.000000000000000000000000000000000000,1728.000000000000000000000000000000000000,0.5000000000000000000000000000000000000000,1,1,1,0.6931471805599453094172321214581765680755
144,240,4.5.44,5,128.0000000000000000000000000000000000000,14.76923076923076923076923076923076923077,0.1153846153846153846153846153846153846154,1,1,1,2.159484249353372354075474326100969468233
145,241,4.4.48,4,1728.000000000000000000000000000000000000,384.0000000000000000000000000000000000000,0.2222222222222222222222222222222222222222,1,1,1,1.504077396776274073373258352386874841219
146,242,4.5.45,5,144.0000000000000000000000000000000000000,108.0000000000000000000000000000000000000,0.7500000000000000000000000000000000000000,1,1,1,0.2876820724517809274392190059938274315035
147,243,4.5.46,5,289.1970854652936364119441435454274192191,3.000000000000000000000000000000000000000,0.01037354852720335643522057910537549723666,1,1,1,4.568496123644879296516924456501548789675
148,244,4.4.28,4,108.0000000000000000000000000000000000000,108.0000000000000000000000000000000000000,1.000000000000000000000000000000000000000,0,1,1,0.E-57
150,246,4.5.47,5,16.00000000000000000000000000000000000000,16.00000000000000000000000000000000000000,1.000000000000000000000000000000000000000,0,1,1,0.E-57
151,247,4.5.48,5,1280.000000000000000000000000000000000000,1280.000000000000000000000000000000000000,1.000000000000000000000000000000000000000,0,1,1,0.E-57
152,248,4.5.49,5,44.36067977499789696409173668731276235441,16.00000000000000000000000000000000000000,0.3606797749978969640917366873127623544062,1,1,1,1.019764764178126618654330324205488979525
153,249,4.5.50,5,64.00000000000000000000000000000000000000,64.00000000000000000000000000000000000000,1.000000000000000000000000000000000000000,0,1,1,0.E-57
154,250,4.5.51,5,121.9609474798683621311218849851194820104,10.60869565217391304347826086956521739130,0.08698436566282867549267279864858527670549,1,1,1,2.442026881501393803189891218973670622287
155,251,4.8.21,8,54.00000000000000000000000000000000000000,43.45584412271571087843039703577456541425,0.8047378541243650162672295747365660261899,1,1,1,0.2172387016485666661626359119427333956193
156,252,4.5.52,5,108.0000000000000000000000000000000000000,94.40000000000000000000000000000000000000,0.8740740740740740740740740740740740740741,1,1,1,0.1345901539727646887532125488158905613292
157,254,4.4.49,4,15360.00000000000000000000000000000000000,15360.00000000000000000000000000000000000,1.000000000000000000000000000000000000000,0,1,1,0.E-57
158,255,4.4.29,4,256.0000000000000000000000000000000000000,256.0000000000000000000000000000000000000,1.000000000000000000000000000000000000000,0,1,1,0.E-57
159,256,4.4.50,4,709.7708763999663514254677869970041976705,32.00000000000000000000000000000000000000,0.04508497187473712051146708591409529430077,1,1,1,3.099206305857962546906026688580018683751
160,258,4.4.52,4,1024.000000000000000000000000000000000000,512.0000000000000000000000000000000000000,0.5000000000000000000000000000000000000000,1,1,1,0.6931471805599453094172321214581765680755
161,259,4.5.53,5,162500.0000000000000000000000000000000000,162500.0000000000000000000000000000000000,1.000000000000000000000000000000000000000,0,1,1,0.E-57
162,260,4.5.54,5,310.2768775266122201786348487845637472265,86.40000000000000000000000000000000000000,0.2784609690826527522329356098070468403314,1,1,1,1.278477376356752546132937825150367526581
163,261,4.5.55,5,144.0000000000000000000000000000000000000,28.80000000000000000000000000000000000000,0.2000000000000000000000000000000000000000,1,1,1,1.609437912434100374600759333226187639526
164,262,4.5.56,5,64.00000000000000000000000000000000000000,16.00000000000000000000000000000000000000,0.2500000000000000000000000000000000000000,1,1,1,1.386294361119890618834464242916353136151
165,263,4.5.57,5,2560.000000000000000000000000000000000000,2560.000000000000000000000000000000000000,1.000000000000000000000000000000000000000,0,1,1,0.E-57
166,264,4.4.53,4,43008.00000000000000000000000000000000000,43008.00000000000000000000000000000000000,1.000000000000000000000000000000000000000,0,1,1,0.E-57
167,265,4.4.54,4,2304.000000000000000000000000000000000000,2304.000000000000000000000000000000000000,1.000000000000000000000000000000000000000,0,1,1,0.E-57
168,266,4.5.58,5,27.00000000000000000000000000000000000000,27.00000000000000000000000000000000000000,1.000000000000000000000000000000000000000,0,1,1,0.E-57
169,267,4.5.59,5,3645.000000000000000000000000000000000000,3645.000000000000000000000000000000000000,1.000000000000000000000000000000000000000,0,1,1,0.E-57
170,268,4.5.60,5,432.0000000000000000000000000000000000000,432.0000000000000000000000000000000000000,1.000000000000000000000000000000000000000,0,1,1,0.E-57
171,269,4.5.61,5,933120.0000000000000000000000000000000000,933120.0000000000000000000000000000000000,1.000000000000000000000000000000000000000,0,1,1,0.E-57
172,270,4.5.62,5,64.00000000000000000000000000000000000000,64.00000000000000000000000000000000000000,1.000000000000000000000000000000000000000,0,1,1,0.E-57
173,271,4.5.63,5,20480.00000000000000000000000000000000000,20480.00000000000000000000000000000000000,1.000000000000000000000000000000000000000,0,1,1,0.E-57
174,272,4.5.64,5,1728.000000000000000000000000000000000000,1728.000000000000000000000000000000000000,1.000000000000000000000000000000000000000,0,1,1,0.E-57
175,273,4.5.65,5,108.0000000000000000000000000000000000000,108.0000000000000000000000000000000000000,1.000000000000000000000000000000000000000,0,1,1,0.E-57
176,274,4.5.66,5,81.00000000000000000000000000000000000000,36.00000000000000000000000000000000000000,0.4444444444444444444444444444444444444444,1,1,0,0.8109302162163287639560262309286982731440
177,275,4.5.67,5,256.0000000000000000000000000000000000000,256.0000000000000000000000000000000000000,1.000000000000000000000000000000000000000,0,1,1,0.E-57
178,276,4.4.55,4,331776.0000000000000000000000000000000000,331776.0000000000000000000000000000000000,1.000000000000000000000000000000000000000,0,1,1,0.E-57
179,277,4.4.56,4,6144.000000000000000000000000000000000000,6144.000000000000000000000000000000000000,1.000000000000000000000000000000000000000,0,1,1,0.E-57
180,278,4.4.57,4,729.0000000000000000000000000000000000000,432.0000000000000000000000000000000000000,0.5925925925925925925925925925925925925926,1,1,1,0.5232481437645478365168072249348708416405
181,279,4.5.68,5,15.95290589953922006915075510451904898605,15.95290589953922006915075510451904898605,1.000000000000000000000000000000000000000,0,0,0,0.E-57
182,280,4.5.69,5,459.0000000000000000000000000000000000000,459.0000000000000000000000000000000000000,1.000000000000000000000000000000000000000,0,1,1,0.E-57
183,281,4.4.30,4,55.90169943749474241022934171828190588602,55.90169943749474241022934171828190588602,1.000000000000000000000000000000000000000,0,0,0,0.E-57
184,282,4.4.58,4,654.9773326482548864843990118169315784101,259.2000000000000000000000000000000000000,0.3957388860343953603516625492372149100422,1,1,1,0.9270006639144229045375552466481098383717
185,283,4.4.59,4,654.9773326482548864843990118169315784101,240.0000000000000000000000000000000000000,0.3664248944762920003256134715159397315206,1,1,1,1.003961705050551229521772290963311673263
186,284,4.8.22,8,72.95328899232842750031193047916576302348,3.256349476649214622280361521764072684834,0.04463608867575036421810791938710235670698,1,1,1,3.109212584018699274434396693727285729919
187,285,4.8.23,8,425.8786145711244173934308929503025954259,1.858640754569170245669376591639644000479,0.004364250025657875585192583941148631284852,1,1,0,5.434308919880282050416614719734463363049
188,286,4.8.24,8,49.05958993897275647907325618818844278172,14.11565622676154330548638321466128105874,0.2877247087535910751308665344433975506523,1,1,1,1.245751128366895272732364403190909988007
189,287,4.5.70,5,154.1910601602180794280780014250615165330,5.109830566775987577342311425223745387179,0.03313960330427992377069198700561189590654,1,1,1,3.407026237354703253521655763447952054303
190,288,4.4.60,4,6912.000000000000000000000000000000000000,4096.000000000000000000000000000000000000,0.5925925925925925925925925925925925925926,1,1,1,0.5232481437645478365168072249348708416405
191,289,4.4.61,4,16384.00000000000000000000000000000000000,5120.000000000000000000000000000000000000,0.3125000000000000000000000000000000000000,1,1,1,1.163150809805680863068169152606518632776
192,290,4.5.71,5,405.0000000000000000000000000000000000000,405.0000000000000000000000000000000000000,1.000000000000000000000000000000000000000,0,1,1,0.E-57
193,291,4.5.72,5,183.0000000000000000000000000000000000000,183.0000000000000000000000000000000000000,1.000000000000000000000000000000000000000,0,1,1,0.E-57
194,292,4.4.62,4,5595.711825420009173878558702062372377100,298.6666666666666666666666666666666666667,0.05337420438806264137363991825299911438846,1,1,1,2.930427713622896801731073660156488353554
195,293,4.5.73,5,177.4427190999915878563669467492510494176,28.00000000000000000000000000000000000000,0.1577974015615799217901348006993335300527,1,1,1,1.846443337362594551217906066595015522190
196,294,4.4.63,4,139264.0000000000000000000000000000000000,139264.0000000000000000000000000000000000,1.000000000000000000000000000000000000000,0,1,1,0.E-57
197,295,4.4.64,4,8192.000000000000000000000000000000000000,8192.000000000000000000000000000000000000,1.000000000000000000000000000000000000000,0,1,1,0.E-57
198,297,4.5.74,5,128.0000000000000000000000000000000000000,77.56921938165305504465871219614093680663,0.6060095264191644925363961890323510688018,1,1,1,0.5008595728727453013682464045991258393793
199,298,4.5.75,5,186.5096679918780831233080783494206770285,14.22222222222222222222222222222222222222,0.07625461122391551217627668959137948571585,1,1,1,2.573677390255414814421244880888282891200
200,299,4.8.25,8,237.4450537260402598259141260936863042105,237.4450537260402598259141260936863042105,1.000000000000000000000000000000000000000,0,1,1,0.E-57
201,300,4.4.66,4,5388.224749877974369168135397275954750763,1187.775250122025630831864602724045249237,0.2204390695003813356797408792989564935913,1,1,1,1.512133951077529497747537165035419376464
202,301,4.8.26,8,143.2234271350721221237485056659881120531,1.348399724926484172492981352872856920178,0.009414658983511309253329735089099487217624,1,1,0,4.665487338080110267651895595546033617513
203,302,4.8.27,8,143.2234271350721221237485056659881120531,32.00000000000000000000000000000000000000,0.2234271350721221237485056659881120531108,1,1,1,1.498669935658193945252374987343856515063
204,303,4.8.28,8,110.7501354835114398817312219624896734447,4.482824176494931445881992569701535856235,0.04047691821706473257819457108436259044060,1,1,1,3.207023387902404025617147537186413325341
205,304,4.8.29,8,69.79753232782284854886770220263971973710,16.00000000000000000000000000000000000000,0.2292344652652146011578300490837826377529,1,1,1,1.473009933434010218568301590225439226483
206,305,4.4.67,4,2064384.000000000000000000000000000000000,2064384.000000000000000000000000000000000,1.000000000000000000000000000000000000000,0,1,1,0.E-57
207,306,4.5.76,5,189.2852836678774728875350892256123337506,4.666666666666666666666666666666666666667,0.02465414413755938534253857505291773153630,1,1,1,3.702810273453115877772071551451994608903
208,307,4.5.77,5,81.00000000000000000000000000000000000000,8.727272727272727272727272727272727272727,0.1077441077441077441077441077441077441077,1,1,1,2.227996236002973071161518681441823573387
209,308,4.5.78,5,95.00049548614141993565959896330541906458,8.533431459672361713515875708429622096685,0.08982512581649861406705264699984712357285,1,1,1,2.409890545298886386257813170068551457869
210,310,4.5.79,5,141.0927956355002293469639675515593094275,4.545454545454545454545454545454545454545,0.03221606408024753739474547047019497771653,1,1,1,3.435290066353526377408785609785590198005
211,311,4.5.80,5,49.70951041555530201779214157141795670400,22.14968214090466101425199282924089943644,0.4455823836473250089143932902594378322663,1,1,1,0.8083731251556576185101227370079276897449
212,312,4.5.81,5,27.00000000000000000000000000000000000000,16.00000000000000000000000000000000000000,0.5925925925925925925925925925925925925926,1,1,1,0.5232481437645478365168072249348708416405
213,313,4.5.82,5,296.1620734196170730680904822037985838398,6.000000000000000000000000000000000000000,0.02025917745213413351131027547482297997181,1,1,1,3.899147380584298397553666150498628845072
214,314,4.8.30,8,335.6857702322489470111717606826467462995,13.90254377805061562450776046398280199257,0.04141535033919353840388076610426468298253,1,1,1,3.184103685733267906081916196483973054344
215,315,4.8.31,8,247.4199637461551863104982375000096744178,4.574085229787879514966311604156315597221,0.01848713078982075102865107407295981652726,1,1,1,3.990680421945408697686295041395641178574
216,316,4.5.83,5,435.8301309268543947575059458804871811696,17.45454545454545454545454545454545454545,0.04004896452988666883916817169385162424742,1,1,1,3.217652460236790276237944766762630122247
217,317,4.8.32,8,93.22237505789230201935200164406121539040,27.00000000000000000000000000000000000000,0.2896300376731728877873834143013405753124,1,1,1,1.239150902602108437752089974642662495863
218,318,4.5.84,5,92.87216658103186081054987647711644730127,1.800000000000000000000000000000000000000,0.01938147957848579578999725504703216225037,1,1,1,3.943437329794594911668048472331254396066
219,319,4.5.85,5,92.87216658103186081054987647711644730127,81.00000000000000000000000000000000000000,0.8721665810318608105498764771164473012669,1,1,1,0.1367748400242751542767986652600153472451
220,320,4.5.86,5,415.8460969082652752232935609807046840331,11.63636363636363636363636363636363636364,0.02798238031540450485571618532642108488425,1,1,1,3.576180241333039432268154134056328359601
221,321,4.5.87,5,70.54639781775011467348198377577965471375,32.00000000000000000000000000000000000000,0.4536021822498853265180162242203452862488,1,1,1,0.7905347156236300354622000909819533368566
222,322,4.8.33,8,36.85796471380731286513358082971350204387,21.41716834975331823977138654004695325435,0.5810730059582009814292018208657054159748,1,1,1,0.5428788743302636667458288696287903000199
223,323,4.8.34,8,237.5200367126567774010180739418541304009,13.47969630486192487333484952117519543816,0.05675182814647834557775664468768895992135,1,1,1,2.869067409104625158813829052891697039019
224,324,4.5.88,5,131.5950646556456970977354044052794394742,14.54545454545454545454545454545454545455,0.1105319153382893660131876293838210409389,1,1,1,2.202450973135845703906796115139841563291
225,326,4.8.35,8,18.50086448181027950484023597973685066244,3.605551275463989293119221267470495946251,0.1948855567808143829984713726610502658988,1,1,0,1.635342781008258497702459361928404681830
226,327,4.8.36,8,18.87654499496634607719256883899832422042,6.000000000000000000000000000000000000000,0.3178547770050065276857778991520004685018,1,1,1,1.146160676595126543657708963600012780280
227,329,4.5.89,5,237.2400130263525559595492918187468313871,48.00000000000000000000000000000000000000,0.2023267466043688552992737362572378214847,1,1,1,1.597871330970543363851188538333720557307
228,330,4.5.90,5,768.0000000000000000000000000000000000000,768.0000000000000000000000000000000000000,1.000000000000000000000000000000000000000,0,1,1,0.E-57
229,331,4.5.91,5,256.0000000000000000000000000000000000000,224.0000000000000000000000000000000000000,0.8750000000000000000000000000000000000000,1,1,1,0.1335313926245226231463436209313499745894
230,332,4.5.92,5,45.25483399593904156165403917471033851423,45.25483399593904156165403917471033851423,1.000000000000000000000000000000000000000,0,0,0,0.E-57
231,333,4.5.93,5,48.00000000000000000000000000000000000000,48.00000000000000000000000000000000000000,1.000000000000000000000000000000000000000,0,0,0,0.E-57
232,334,4.5.94,5,31.77116787657968243668143381858627389871,31.77116787657968243668143381858627389871,1.000000000000000000000000000000000000000,0,0,0,0.E-57
233,337,4.4.68,4,1904.752741079253096184013561946050677271,86.40000000000000000000000000000000000000,0.04536021822498853265180162242203452862488,1,1,1,3.093119808617675719480191545666317544458
234,338,4.5.95,5,314.0586001329894483923492403180695737418,29.33333333333333333333333333333333333333,0.09340082812861042086133230070629552461487,1,1,1,2.370855067313302080469271591744587852597
235,339,4.5.96,5,69.64102262254925841044047487495911680525,69.64102262254925841044047487495911680525,1.000000000000000000000000000000000000000,0,0,0,0.E-57
236,340,4.5.97,5,432.0000000000000000000000000000000000000,181.3333333333333333333333333333333333333,0.4197530864197530864197530864197530864198,1,1,1,0.8680886300562773759142142083587997149263
237,341,4.5.98,5,93.25483399593904156165403917471033851423,27.00000000000000000000000000000000000000,0.2895292269908042102943005557922689848274,1,1,1,1.239499030274538213948411425024713776416
238,342,4.5.99,5,49.75020078815540157907126392301314142567,49.75020078815540157907126392301314142567,1.000000000000000000000000000000000000000,0,0,0,0.E-57
239,345,4.8.37,8,21.50086448181027950484023597973685066244,21.50086448181027950484023597973685066244,1.000000000000000000000000000000000000000,0,0,0,0.E-57
240,346,4.8.38,8,462.2871734651708190122599475887287142724,100.7287046622667240245928551856216706022,0.2178920602690174487990505048332338407535,1,1,1,1.523755475194197253067583454020929208111
241,347,4.5.100,5,198.2852836678774728875350892256123337506,192.0000000000000000000000000000000000000,0.9683018146802807902738789749319629165962,1,1,1,0.03221144827750884515686334734426699887269
242,348,4.5.101,5,303.1170019946510993536199642690212841674,49.62592262223576606318646916358088937362,0.1637187036546088600565833915618931164628,1,1,0,1.809605545452996121793456886548471312439
243,350,4.4.69,4,256.0000000000000000000000000000000000000,81.00000000000000000000000000000000000000,0.3164062500000000000000000000000000000000,1,1,1,1.150728289807123709756876023975309726014
244,352,4.5.102,5,20.78460969082652752232935609807046840331,20.78460969082652752232935609807046840331,1.000000000000000000000000000000000000000,0,0,0,0.E-57
245,353,4.4.71,4,64.00000000000000000000000000000000000000,64.00000000000000000000000000000000000000,1.000000000000000000000000000000000000000,0,1,1,0.E-57
246,354,4.5.103,5,258.4083127163904178244865192972123804737,258.4083127163904178244865192972123804737,1.000000000000000000000000000000000000000,0,0,0,0.E-57
247,356,4.4.32,4,128.0000000000000000000000000000000000000,128.0000000000000000000000000000000000000,1.000000000000000000000000000000000000000,0,1,1,0.E-57
248,357,4.5.104,5,16.00000000000000000000000000000000000000,11.31370849898476039041350979367758462856,0.7071067811865475244008443621048490392848,1,1,0,0.3465735902799726547086160607290882840378
249,358,4.5.105,5,832.0000000000000000000000000000000000000,832.0000000000000000000000000000000000000,1.000000000000000000000000000000000000000,0,1,1,0.E-57
250,360,4.5.106,5,403.4117647058823529411764705882352941176,403.4117647058823529411764705882352941176,1.000000000000000000000000000000000000000,0,1,1,0.E-57
251,361,4.4.72,4,144.0000000000000000000000000000000000000,144.0000000000000000000000000000000000000,1.000000000000000000000000000000000000000,0,0,0,0.E-57
252,362,4.4.73,4,6912.000000000000000000000000000000000000,6912.000000000000000000000000000000000000,1.000000000000000000000000000000000000000,0,1,1,0.E-57
253,363,4.4.74,4,864.0000000000000000000000000000000000000,864.0000000000000000000000000000000000000,1.000000000000000000000000000000000000000,0,0,0,0.E-57
254,364,4.5.107,5,43.42410256975923781707841611297833942125,27.47005579825850348278200193449021200777,0.6325992748872325046444468900610234041254,1,1,0,0.4579181143533692896278956979188768621729
255,365,4.5.108,5,109.2548339959390415616540391747103385142,108.0000000000000000000000000000000000000,0.9885146134954021051471502778961344924137,1,1,1,0.01155185297502253400718603931583318334994
256,373,4.5.109,5,324.0000000000000000000000000000000000000,24.00000000000000000000000000000000000000,0.07407407407407407407407407407407407407407,1,1,1,2.602689685444383764768503589309400545867
257,376,4.6.22,6,26.25000000000000000000000000000000000000,2.250000000000000000000000000000000000000,0.08571428571428571428571428571428571428571,1,1,1,2.456735772821303988310866839746841664515
258,377,4.5.110,5,108.0000000000000000000000000000000000000,21.33333333333333333333333333333333333333,0.1975308641975308641975308641975308641975,1,1,1,1.621860432432657527912052461857396546288
259,380,4.5.111,5,108.0000000000000000000000000000000000000,10.00000000000000000000000000000000000000,0.09259259259259259259259259259259259259259,1,1,1,2.379546134130174009002208498999566042492
260,386,4.3.16,3,324.0000000000000000000000000000000000000,324.0000000000000000000000000000000000000,1.000000000000000000000000000000000000000,0,1,1,0.E-57
261,387,4.3.17,3,400.0000000000000000000000000000000000000,256.0000000000000000000000000000000000000,0.6400000000000000000000000000000000000000,1,1,1,0.4462871026284195115325901806196690067492
262,388,4.3.18,3,1156.000000000000000000000000000000000000,4.000000000000000000000000000000000000000,0.003460207612456747404844290657439446366782,1,1,1,5.666426688112432160499069235746253071176
263,389,4.3.19,3,500.0000000000000000000000000000000000000,500.0000000000000000000000000000000000000,1.000000000000000000000000000000000000000,0,1,1,0.E-57
264,390,4.3.20,3,196.0000000000000000000000000000000000000,196.0000000000000000000000000000000000000,1.000000000000000000000000000000000000000,0,1,1,0.E-57
265,391,4.3.21,3,4624.000000000000000000000000000000000000,4608.000000000000000000000000000000000000,0.9965397923875432525951557093425605536332,1,1,1,0.003466207976486230622418154610318821503924
266,392,4.3.22,3,676.0000000000000000000000000000000000000,108.0000000000000000000000000000000000000,0.1597633136094674556213017751479289940828,1,1,1,1.834061848918744397921239172363060095668
267,393,4.3.23,3,864.0000000000000000000000000000000000000,864.0000000000000000000000000000000000000,1.000000000000000000000000000000000000000,0,1,1,0.E-57
268,395,4.5.112,5,64.00000000000000000000000000000000000000,24.00000000000000000000000000000000000000,0.3750000000000000000000000000000000000000,1,1,1,0.9808292530117262368564511274520039995790
269,403,4.5.113,5,77.25483399593904156165403917471033851423,27.00000000000000000000000000000000000000,0.3494926932522989474264248610519327537932,1,1,1,1.051272623814940498133034221503098035463
271,407,4.3.26,3,100.0000000000000000000000000000000000000,100.0000000000000000000000000000000000000,1.000000000000000000000000000000000000000,0,1,1,0.E-57
272,408,4.3.27,3,256.0000000000000000000000000000000000000,256.0000000000000000000000000000000000000,1.000000000000000000000000000000000000000,0,1,1,0.E-57
273,410,4.3.28,3,81.00000000000000000000000000000000000000,32.00000000000000000000000000000000000000,0.3950617283950617283950617283950617283951,1,1,1,0.9287132518727122184948203403992199782125
274,411,4.3.29,3,81.00000000000000000000000000000000000000,32.00000000000000000000000000000000000000,0.3950617283950617283950617283950617283951,1,1,1,0.9287132518727122184948203403992199782125
275,412,4.5.114,5,3072.000000000000000000000000000000000000,3072.000000000000000000000000000000000000,1.000000000000000000000000000000000000000,0,1,1,0.E-57
276,413,4.5.115,5,8748.000000000000000000000000000000000000,8748.000000000000000000000000000000000000,1.000000000000000000000000000000000000000,0,1,1,0.E-57
277,414,4.5.116,5,49152.00000000000000000000000000000000000,49152.00000000000000000000000000000000000,1.000000000000000000000000000000000000000,0,1,1,0.E-57
278,415,4.5.117,5,2239488.000000000000000000000000000000000,2239488.000000000000000000000000000000000,1.000000000000000000000000000000000000000,0,1,1,0.E-57
279,416,4.5.118,5,3072.000000000000000000000000000000000000,3072.000000000000000000000000000000000000,1.000000000000000000000000000000000000000,0,1,1,0.E-57
280,422,4.3.30,3,768.0000000000000000000000000000000000000,768.0000000000000000000000000000000000000,1.000000000000000000000000000000000000000,0,1,1,0.E-57
288,~33,4.3.6,3,784.0000000000000000000000000000000000000,512.0000000000000000000000000000000000000,0.6530612244897959183673469387755102040816,1,1,1,0.4260843953109000631245448795954766188967
289,~73,4.3.7,3,324.0000000000000000000000000000000000000,108.0000000000000000000000000000000000000,0.3333333333333333333333333333333333333333,1,1,1,1.098612288668109691395245236922525704647
290,~100,4.3.8,3,49.00000000000000000000000000000000000000,32.00000000000000000000000000000000000000,0.6530612244897959183673469387755102040816,1,1,1,0.4260843953109000631245448795954766188967
291,~101,4.3.9,3,121.0000000000000000000000000000000000000,4.000000000000000000000000000000000000000,0.03305785123966942148760330578512396694215,1,1,1,3.409496184476850469289422913013905463492
292,~103,4.3.10,3,100.0000000000000000000000000000000000000,36.00000000000000000000000000000000000000,0.3600000000000000000000000000000000000000,1,1,1,1.021651247531981366411028192607323869756
293,~39,4.4.1,4,256.0000000000000000000000000000000000000,256.0000000000000000000000000000000000000,1.000000000000000000000000000000000000000,0,1,1,0.E-57
294,~44,4.4.2,4,543.5290039756342493699242350482620310854,543.5290039756342493699242350482620310854,1.000000000000000000000000000000000000000,0,1,1,0.E-57
295,~37,4.4.13,4,1024.000000000000000000000000000000000000,1024.000000000000000000000000000000000000,1.000000000000000000000000000000000000000,0,1,1,0.E-57
296,~66,4.4.19,4,6912.000000000000000000000000000000000000,6912.000000000000000000000000000000000000,1.000000000000000000000000000000000000000,0,1,1,0.E-57
297,,4.5.8,5,864.0000000000000000000000000000000000000,432.0000000000000000000000000000000000000,0.5000000000000000000000000000000000000000,1,1,1,0.6931471805599453094172321214581765680755
