k,n,h11ok,h22ok,okY,okX,lcmok,logh11,logh22,logmY,logmX,v2h11,logoddh11,logmZ,v2mZ,logg0,v2gMODY,logh12
22.4,4,1,1,1,1,1,23.50394,0.86643,23.50394,13.51637,79,9.81428,2.81549,0,2.25273,18,23.49951
23.0,4,1,1,1,1,1,24.02380,0.86643,24.02380,14.03623,82,9.81428,2.81549,0,2.25273,18,23.49951
23.9,4,1,1,1,1,1,24.54366,0.86643,24.54366,14.55609,85,9.81428,2.81549,0,2.25273,18,24.05276
22.4,5,1,1,1,1,1,22.96508,0.83178,22.96508,13.44706,98,9.37939,2.58754,0,3.12024,22,22.87665
23.0,5,1,1,1,1,1,23.38097,0.83178,23.38097,13.86294,101,9.37939,2.58754,0,3.12024,22,23.06434
23.9,5,1,1,1,1,1,23.93548,0.83178,23.93548,14.41746,105,9.37939,2.58754,0,3.12024,22,23.66824
22.4,6,1,1,1,1,1,23.49466,0.57762,23.49466,14.09399,123,9.28514,1.62392,0,2.27588,21,23.38513
23.0,6,1,1,1,1,1,23.95676,0.57762,23.95676,14.55609,127,9.28514,1.62392,0,2.27588,21,23.83088
23.9,6,1,1,1,1,1,24.53438,0.57762,24.53438,15.13371,132,9.28514,1.62392,0,2.27588,21,24.50276
22.4,7,1,1,1,1,1,24.57783,0.49511,24.57783,14.06099,143,10.41782,2.08624,0,1.78238,23,24.18743
23.0,7,1,1,1,1,1,25.07294,0.49511,25.07294,14.55609,148,10.41782,2.08624,0,1.78238,23,25.04363
23.9,7,1,1,1,1,1,25.66706,0.49511,25.66706,15.15022,154,10.41782,2.08624,0,1.78238,23,25.63411
22.4,8,1,1,1,1,1,25.27479,0.51986,25.27479,14.46945,168,10.71870,3.65211,0,1.59939,21,25.24032
23.0,8,1,1,1,1,1,25.70800,0.51986,25.70800,14.90266,173,10.71870,3.65211,0,1.59939,21,25.68565
23.9,8,1,1,1,1,1,26.31451,0.51986,26.31451,15.50917,180,10.71870,3.65211,0,1.59939,21,26.30310
22.4,9,1,1,1,1,1,25.14892,0.53911,25.14892,14.24803,186,10.82388,2.09272,0,1.67129,25,24.91414
23.0,9,1,1,1,1,1,25.61102,0.53911,25.61102,14.71012,192,10.82388,2.09272,0,1.67129,25,25.53442
23.9,9,1,1,1,1,1,26.22715,0.53911,26.22715,15.32625,200,10.82388,2.09272,0,1.67129,25,26.21306
22.4,10,1,1,1,1,1,24.80399,0.72499,24.80399,14.41746,209,10.31721,1.85641,0,1.50416,25,24.72002
23.0,10,1,1,1,1,1,25.21987,0.72499,25.21987,14.83335,215,10.31721,1.85641,0,1.50416,25,25.21739
23.9,10,1,1,1,1,1,25.84371,0.72499,25.84371,15.45718,224,10.31721,1.85641,0,1.50416,25,25.84272
22.4,11,1,1,1,1,1,24.98541,0.31507,24.98541,14.68212,234,10.24028,1.80716,0,1.53485,24,24.90264
23.0,11,1,1,1,1,1,25.42651,0.31507,25.42651,15.12321,241,10.24028,1.80716,0,1.53485,24,25.33026
23.9,11,1,1,1,1,1,25.99363,0.31507,25.99363,15.69033,250,10.24028,1.80716,0,1.53485,24,25.64732
22.4,12,1,1,1,1,1,25.48723,0.59194,25.48723,14.72938,256,10.70009,2.63299,0,1.20188,24,25.47786
23.0,12,1,1,1,1,1,25.94933,0.59194,25.94933,15.19148,264,10.70009,2.63299,0,1.20188,24,25.88542
23.9,12,1,1,1,1,1,26.52695,0.59194,26.52695,15.76910,274,10.70009,2.63299,0,1.20188,24,26.28693
22.4,13,1,1,1,1,1,25.20836,0.37323,25.20836,14.60941,275,10.54563,2.09228,0,1.48732,28,25.09316
23.0,13,1,1,1,1,1,25.63491,0.37323,25.63491,15.03596,283,10.54563,2.09228,0,1.48732,28,25.59935
23.9,13,1,1,1,1,1,26.22142,0.37323,26.22142,15.62247,294,10.54563,2.09228,0,1.48732,28,26.07175
22.4,14,1,1,1,1,1,26.34980,0.29706,26.34980,14.75413,299,11.54615,2.56585,0,0.99021,26,26.26536
23.0,14,1,1,1,1,1,26.79539,0.29706,26.79539,15.19973,308,11.54615,2.56585,0,0.99021,26,26.76408
23.9,14,1,1,1,1,1,27.38952,0.29706,27.38952,15.79385,320,11.54615,2.56585,0,0.99021,26,27.38124
22.4,15,1,1,1,1,1,26.16204,0.27726,26.16204,14.74093,320,11.37490,2.39224,0,1.01662,28,26.15854
23.0,15,1,1,1,1,1,26.57792,0.27726,26.57792,15.15682,329,11.37490,2.39224,0,1.01662,28,26.40084
23.9,15,1,1,1,1,1,27.17865,0.27726,27.17865,15.75755,342,11.37490,2.39224,0,1.01662,28,27.13053
22.4,16,1,1,1,1,1,25.49296,0.46356,25.49296,14.94599,346,10.50366,2.02531,0,0.73647,24,25.45316
23.0,16,1,1,1,1,1,25.92618,0.46356,25.92618,15.37920,356,10.50366,2.02531,0,0.73647,24,25.91863
23.9,16,1,1,1,1,1,26.53268,0.46356,26.53268,15.98571,370,10.50366,2.02531,0,0.73647,24,26.52853
22.4,17,1,1,1,1,1,25.66740,0.32619,25.66740,14.80073,364,10.82590,2.26220,0,1.10740,28,25.64088
23.0,17,1,1,1,1,1,26.11591,0.32619,26.11591,15.24924,375,10.82590,2.26220,0,1.10740,28,26.05050
23.9,17,1,1,1,1,1,26.72751,0.32619,26.72751,15.86084,390,10.82590,2.26220,0,1.10740,28,26.71519
22.4,18,1,1,1,1,1,26.11302,0.30807,26.11302,14.86416,387,11.21035,2.33033,0,1.09416,28,26.00799
23.0,18,1,1,1,1,1,26.53661,0.30807,26.53661,15.28775,398,11.21035,2.33033,0,1.09416,28,26.49388
23.9,18,1,1,1,1,1,27.15274,0.30807,27.15274,15.90388,414,11.21035,2.33033,0,1.09416,28,27.06501
22.4,19,1,1,1,1,1,26.15926,0.60470,26.15926,14.88442,409,11.23835,2.22574,0,1.09715,28,26.15165
23.0,19,1,1,1,1,1,26.59704,0.60470,26.59704,15.32220,421,11.23835,2.22574,0,1.09715,28,26.58289
23.9,19,1,1,1,1,1,27.21722,0.60470,27.21722,15.94239,438,11.23835,2.22574,0,1.09715,28,27.19523
22.4,20,1,1,1,1,1,26.29476,0.27726,26.29476,14.93732,432,11.32278,2.40256,0,0.69315,28,26.29060
23.0,20,1,1,1,1,1,26.71065,0.27726,26.71065,15.35321,444,11.32278,2.40256,0,0.69315,28,26.65182
23.9,20,1,1,1,1,1,27.33448,0.27726,27.33448,15.97704,462,11.32278,2.40256,0,0.69315,28,27.33028
22.4,21,1,1,1,1,1,26.01841,0.29706,26.01841,14.82015,450,11.16525,2.39276,0,0.75916,32,25.80191
23.0,21,1,1,1,1,1,26.44750,0.29706,26.44750,15.24924,463,11.16525,2.39276,0,0.75916,32,26.36481
23.9,21,1,1,1,1,1,27.04163,0.29706,27.04163,15.84336,481,11.16525,2.39276,0,0.75916,32,27.02102
22.4,22,1,1,1,1,1,26.63303,0.18904,26.63303,15.06020,479,11.54132,2.49623,0,0.66164,27,26.60576
23.0,22,1,1,1,1,1,27.07412,0.18904,27.07412,15.50129,493,11.54132,2.49623,0,0.66164,27,27.05645
23.9,22,1,1,1,1,1,27.67275,0.18904,27.67275,16.09992,512,11.54132,2.49623,0,0.66164,27,27.66691
22.4,23,1,1,1,1,1,26.53577,0.18082,26.53577,15.03828,500,11.46735,2.62529,0,0.69315,29,26.51337
23.0,23,1,1,1,1,1,26.95768,0.18082,26.95768,15.46020,514,11.46735,2.62529,0,0.69315,29,26.91489
23.9,23,1,1,1,1,1,27.56042,0.18082,27.56042,16.06293,534,11.46735,2.62529,0,0.69315,29,27.47992
22.4,24,1,1,1,1,1,26.53446,0.20217,26.53446,15.10483,524,11.40075,2.23613,0,0.57762,27,26.51849
23.0,24,1,1,1,1,1,26.96768,0.20217,26.96768,15.53805,539,11.40075,2.23613,0,0.57762,27,26.95820
23.9,24,1,1,1,1,1,27.57419,0.20217,27.57419,16.14455,560,11.40075,2.23613,0,0.57762,27,27.53741
22.4,25,1,1,1,1,1,26.40019,0.22181,26.40019,15.02743,543,11.34504,2.30689,0,0.63770,31,26.38877
23.0,25,1,1,1,1,1,26.81608,0.22181,26.81608,15.44332,558,11.34504,2.30689,0,0.63770,31,26.81354
23.9,25,1,1,1,1,1,27.42605,0.22181,27.42605,16.05329,580,11.34504,2.30689,0,0.63770,31,27.42415
22.4,26,1,1,1,1,1,26.28241,0.21328,26.28241,15.03596,565,11.21979,2.47843,0,0.68801,31,26.26226
23.0,26,1,1,1,1,1,26.70896,0.21328,26.70896,15.46251,581,11.21979,2.47843,0,0.68801,31,26.50854
23.9,26,1,1,1,1,1,27.32213,0.21328,27.32213,16.07568,604,11.21979,2.47843,0,0.68801,31,27.31298
22.4,27,1,1,1,1,1,26.37173,0.15403,26.37173,15.09521,589,11.25085,2.15477,0,0.59046,29,26.30973
23.0,27,1,1,1,1,1,26.80815,0.15403,26.80815,15.53163,606,11.25085,2.15477,0,0.59046,29,26.77014
23.9,27,1,1,1,1,1,27.42429,0.15403,27.42429,16.14776,630,11.25085,2.15477,0,0.59046,29,27.39705
22.4,28,1,1,1,1,1,26.72866,0.17329,26.72866,15.12546,612,11.57845,2.61697,0,0.54462,29,26.67250
23.0,28,1,1,1,1,1,27.14950,0.17329,27.14950,15.54630,629,11.57845,2.61697,0,0.54462,29,27.12291
23.9,28,1,1,1,1,1,27.76838,0.17329,27.76838,16.16518,654,11.57845,2.61697,0,0.54462,29,27.73554
22.4,29,1,1,1,1,1,26.62775,0.19121,26.62775,15.03412,630,11.56973,2.56910,0,0.73929,33,26.61464
23.0,29,1,1,1,1,1,27.05798,0.19121,27.05798,15.46435,648,11.56973,2.56910,0,0.73929,33,27.01087
23.9,29,1,1,1,1,1,27.67942,0.19121,27.67942,16.08579,674,11.56973,2.56910,0,0.73929,33,27.66898
22.4,30,1,1,1,1,1,26.56140,0.16173,26.56140,15.11061,655,11.42769,2.49941,0,0.79375,31,26.55827
23.0,30,1,1,1,1,1,26.97729,0.16173,26.97729,15.52650,673,11.42769,2.49941,0,0.79375,31,26.97205
23.9,30,1,1,1,1,1,27.60112,0.16173,27.60112,16.15033,700,11.42769,2.49941,0,0.79375,31,27.57587
22.4,31,1,1,1,1,1,26.49216,0.38303,26.49216,15.07036,675,11.39944,2.35304,0,0.58135,33,26.44005
23.0,31,1,1,1,1,1,26.91700,0.38303,26.91700,15.49519,694,11.39944,2.35304,0,0.58135,33,26.88680
23.9,31,1,1,1,1,1,27.52070,0.38303,27.52070,16.09890,721,11.39944,2.35304,0,0.58135,33,27.44467
22.4,32,1,1,1,1,1,26.74356,0.17329,26.74356,15.20592,703,11.51598,2.88001,0,0.48649,27,26.74107
23.0,32,1,1,1,1,1,27.17677,0.17329,27.17677,15.63913,723,11.51598,2.88001,0,0.48649,27,27.16384
23.9,32,1,1,1,1,1,27.78328,0.17329,27.78328,16.24564,751,11.51598,2.88001,0,0.48649,27,27.75878
22.4,33,1,1,1,1,1,26.98507,0.18904,26.98507,15.14422,722,11.81985,2.64655,0,0.52107,31,26.94900
23.0,33,1,1,1,1,1,27.40516,0.18904,27.40516,15.56430,742,11.81985,2.64655,0,0.52107,31,27.38538
23.9,33,1,1,1,1,1,28.01429,0.18904,28.01429,16.17343,771,11.81985,2.64655,0,0.52107,31,27.96507
22.4,34,1,1,1,1,1,27.00850,0.18348,27.00850,15.14730,744,11.84081,2.56020,0,0.44851,31,26.99677
23.0,34,1,1,1,1,1,27.43662,0.18348,27.43662,15.57542,765,11.84081,2.56020,0,0.44851,31,27.42898
23.9,34,1,1,1,1,1,28.04823,0.18348,28.04823,16.18703,795,11.84081,2.56020,0,0.44851,31,28.04765
22.4,35,1,1,1,1,1,26.63673,0.15843,26.63673,15.17002,767,11.44691,2.35245,0,0.51109,31,26.60675
23.0,35,1,1,1,1,1,27.05262,0.15843,27.05262,15.58591,788,11.44691,2.35245,0,0.51109,31,27.03744
23.9,35,1,1,1,1,1,27.66655,0.15843,27.66655,16.19984,819,11.44691,2.35245,0,0.51109,31,27.63252
22.4,36,1,1,1,1,1,26.61774,0.17329,26.61774,15.17222,789,11.42626,2.25850,0,0.47764,31,26.61436
23.0,36,1,1,1,1,1,27.04133,0.17329,27.04133,15.59581,811,11.42626,2.25850,0,0.47764,31,27.01594
23.9,36,1,1,1,1,1,27.65746,0.17329,27.65746,16.21194,843,11.42626,2.25850,0,0.47764,31,27.59658
22.4,37,1,1,1,1,1,26.28814,0.18734,26.28814,15.09937,807,11.17004,1.84501,0,0.46834,35,26.28587
23.0,37,1,1,1,1,1,26.71901,0.18734,26.71901,15.53024,830,11.17004,1.84501,0,0.46834,35,26.65782
23.9,37,1,1,1,1,1,27.33723,0.18734,27.33723,16.14846,863,11.17004,1.84501,0,0.46834,35,27.32768
22.4,38,1,1,1,1,1,26.65896,0.14593,26.65896,15.19452,834,11.44620,2.16920,0,0.41954,31,26.65005
23.0,38,1,1,1,1,1,27.07849,0.14593,27.07849,15.61405,857,11.44620,2.16920,0,0.41954,31,27.04962
23.9,38,1,1,1,1,1,27.69868,0.14593,27.69868,16.23424,891,11.44620,2.16920,0,0.41954,31,27.63229
22.4,39,1,1,1,1,1,26.88905,0.14218,26.88905,15.16037,854,11.71090,2.17380,0,0.44433,33,26.87752
23.0,39,1,1,1,1,1,27.31560,0.14218,27.31560,15.58693,878,11.71090,2.17380,0,0.44433,33,27.28036
23.9,39,1,1,1,1,1,27.93765,0.14218,27.93765,16.20898,913,11.71090,2.17380,0,0.44433,33,27.87026
22.4,40,1,1,1,1,1,26.72463,0.15596,26.72463,15.21458,879,11.49272,2.08258,0,0.58046,31,26.72014
23.0,40,1,1,1,1,1,27.14052,0.15596,27.14052,15.63047,903,11.49272,2.08258,0,0.58046,31,27.13621
23.9,40,1,1,1,1,1,27.76435,0.15596,27.76435,16.25430,939,11.49272,2.08258,0,0.58046,31,27.65901
22.4,41,1,1,1,1,1,26.74024,0.26297,26.74024,15.14780,897,11.57553,2.58746,0,0.48114,35,26.72358
23.0,41,1,1,1,1,1,27.16289,0.26297,27.16289,15.57045,922,11.57553,2.58746,0,0.48114,35,27.13162
23.9,41,1,1,1,1,1,27.77151,0.26297,27.77151,16.17907,958,11.57553,2.58746,0,0.48114,35,27.75274
22.4,42,1,1,1,1,1,26.87852,0.16504,26.87852,15.15022,919,11.71180,2.65770,0,0.41259,35,26.86995
23.0,42,1,1,1,1,1,27.30762,0.16504,27.30762,15.57931,945,11.71180,2.65770,0,0.41259,35,27.29770
23.9,42,1,1,1,1,1,27.91825,0.16504,27.91825,16.18994,982,11.71180,2.65770,0,0.41259,35,27.89089
22.4,43,1,1,1,1,1,26.90030,0.09672,26.90030,15.28148,949,11.60271,2.45561,0,0.48170,30,26.88824
23.0,43,1,1,1,1,1,27.31942,0.09672,27.31942,15.70059,975,11.60271,2.45561,0,0.48170,30,27.30539
23.9,43,1,1,1,1,1,27.93196,0.09672,27.93196,16.31314,1013,11.60271,2.45561,0,0.48170,30,27.90710
22.4,44,1,1,1,1,1,26.78707,0.30466,26.78707,15.28074,971,11.49057,2.40908,0,0.36233,30,26.76599
23.0,44,1,1,1,1,1,27.21241,0.30466,27.21241,15.70608,998,11.49057,2.40908,0,0.36233,30,27.19868
23.9,44,1,1,1,1,1,27.82679,0.30466,27.82679,16.32047,1037,11.49057,2.40908,0,0.36233,30,27.76286
22.4,45,1,1,1,1,1,26.92319,0.12323,26.92319,15.23383,990,11.67395,2.37974,0,0.40049,34,26.90890
23.0,45,1,1,1,1,1,27.33907,0.12323,27.33907,15.64972,1017,11.67395,2.37974,0,0.40049,34,27.33844
23.9,45,1,1,1,1,1,27.95521,0.12323,27.95521,16.26585,1057,11.67395,2.37974,0,0.40049,34,27.93596
22.4,46,1,1,1,1,1,26.74400,0.17364,26.74400,15.26431,1014,11.46463,2.39236,0,0.50765,32,26.72674
23.0,46,1,1,1,1,1,27.16592,0.17364,27.16592,15.68622,1042,11.46463,2.39236,0,0.50765,32,27.14766
23.9,46,1,1,1,1,1,27.78373,0.17364,27.78373,16.30403,1083,11.46463,2.39236,0,0.50765,32,27.77573
22.4,47,1,1,1,1,1,26.86062,0.28499,26.86062,15.23449,1034,11.61138,2.50006,0,0.49987,34,26.82426
23.0,47,1,1,1,1,1,27.28830,0.28499,27.28830,15.66218,1063,11.61138,2.50006,0,0.49987,34,27.24381
23.9,47,1,1,1,1,1,27.90771,0.28499,27.90771,16.28158,1105,11.61138,2.50006,0,0.49987,34,27.90286
22.4,48,1,1,1,1,1,27.03845,0.23080,27.03845,15.30700,1061,11.71701,2.35721,0,0.36765,30,27.03391
23.0,48,1,1,1,1,1,27.45722,0.23080,27.45722,15.72578,1090,11.71701,2.35721,0,0.36765,30,27.43077
23.9,48,1,1,1,1,1,28.07817,0.23080,28.07817,16.34672,1133,11.71701,2.35721,0,0.36765,30,28.07342
22.4,49,1,1,1,1,1,27.01867,0.12731,27.01867,15.24924,1079,11.75529,2.56167,0,0.58559,34,27.00570
23.0,49,1,1,1,1,1,27.44305,0.12731,27.44305,15.67361,1109,11.75529,2.56167,0,0.58559,34,27.43975
23.9,49,1,1,1,1,1,28.06546,0.12731,28.06546,16.29603,1153,11.75529,2.56167,0,0.58559,34,28.02072
22.4,50,1,1,1,1,1,26.96556,0.18366,26.96556,15.26310,1102,11.68860,2.74320,0,0.34657,34,26.94777
23.0,50,1,1,1,1,1,27.38145,0.18366,27.38145,15.67899,1132,11.68860,2.74320,0,0.34657,34,27.37940
23.9,50,1,1,1,1,1,28.00528,0.18366,28.00528,16.30282,1177,11.68860,2.74320,0,0.34657,34,27.98167
22.4,51,1,1,1,1,1,26.79356,0.10873,26.79356,15.26283,1124,11.51714,2.37476,0,0.35337,34,26.78636
23.0,51,1,1,1,1,1,27.21489,0.10873,27.21489,15.68415,1155,11.51714,2.37476,0,0.35337,34,27.15683
23.9,51,1,1,1,1,1,27.82649,0.10873,27.82649,16.29575,1200,11.51714,2.37476,0,0.35337,34,27.81900
22.4,52,1,1,1,1,1,26.82021,0.11997,26.82021,15.26257,1146,11.54431,2.50409,0,0.52561,34,26.81092
23.0,52,1,1,1,1,1,27.24676,0.11997,27.24676,15.68912,1178,11.54431,2.50409,0,0.52561,34,27.24546
23.9,52,1,1,1,1,1,27.85993,0.11997,27.85993,16.30229,1224,11.54431,2.50409,0,0.52561,34,27.78588
22.4,53,1,1,1,1,1,27.18555,0.13078,27.18555,15.22308,1165,11.94939,2.75413,0,0.36619,38,27.12455
23.0,53,1,1,1,1,1,27.60406,0.13078,27.60406,15.64159,1197,11.94939,2.75413,0,0.36619,38,27.59541
23.9,53,1,1,1,1,1,28.21873,0.13078,28.21873,16.25626,1244,11.94939,2.75413,0,0.36619,38,28.20252
22.4,54,1,1,1,1,1,27.00549,0.08985,27.00549,15.30058,1193,11.69207,2.67674,0,0.35694,32,26.98434
23.0,54,1,1,1,1,1,27.42908,0.08985,27.42908,15.72417,1226,11.69207,2.67674,0,0.35694,32,27.40012
23.9,54,1,1,1,1,1,28.04521,0.08985,28.04521,16.34030,1274,11.69207,2.67674,0,0.35694,32,28.03671
22.4,55,1,1,1,1,1,26.81452,0.08822,26.81452,15.28705,1214,11.51487,2.15929,0,0.34027,34,26.81318
23.0,55,1,1,1,1,1,27.23041,0.08822,27.23041,15.70293,1247,11.51487,2.15929,0,0.34027,34,27.22908
23.9,55,1,1,1,1,1,27.84794,0.08822,27.84794,16.32047,1296,11.51487,2.15929,0,0.34027,34,27.82578
22.4,56,1,1,1,1,1,26.75185,0.09902,26.75185,15.31113,1238,11.42835,2.13841,0,0.38518,32,26.73759
23.0,56,1,1,1,1,1,27.17269,0.09902,27.17269,15.73197,1272,11.42835,2.13841,0,0.38518,32,27.13254
23.9,56,1,1,1,1,1,27.79157,0.09902,27.79157,16.35085,1322,11.42835,2.13841,0,0.38518,32,27.76878
22.4,57,1,1,1,1,1,26.65783,0.19881,26.65783,15.26140,1256,11.38427,2.39578,0,0.37333,36,26.64460
23.0,57,1,1,1,1,1,27.08345,0.19881,27.08345,15.68702,1291,11.38427,2.39578,0,0.37333,36,27.07026
23.9,57,1,1,1,1,1,27.70363,0.19881,27.70363,16.30720,1342,11.38427,2.39578,0,0.37333,36,27.69538
22.4,58,1,1,1,1,1,26.82971,0.10756,26.82971,15.27314,1279,11.54462,2.24509,0,0.36690,36,26.81256
23.0,58,1,1,1,1,1,27.24798,0.10756,27.24798,15.69142,1314,11.54462,2.24509,0,0.36690,36,27.24407
23.9,58,1,1,1,1,1,27.86943,0.10756,27.86943,16.31286,1366,11.54462,2.24509,0,0.36690,36,27.83688
22.4,59,1,1,1,1,1,27.05426,0.08224,27.05426,15.29623,1303,11.74628,2.36327,0,0.36068,34,27.04683
23.0,59,1,1,1,1,1,27.47720,0.08224,27.47720,15.71917,1339,11.74628,2.36327,0,0.36068,34,27.46193
23.9,59,1,1,1,1,1,28.09986,0.08224,28.09986,16.34183,1392,11.74628,2.36327,0,0.36068,34,28.08957
22.4,60,1,1,1,1,1,26.99901,0.09242,26.99901,15.30700,1326,11.68045,2.46653,0,0.40928,34,26.99538
23.0,60,1,1,1,1,1,27.41489,0.09242,27.41489,15.72289,1362,11.68045,2.46653,0,0.40928,34,27.39543
23.9,60,1,1,1,1,1,28.03873,0.09242,28.03873,16.34672,1416,11.68045,2.46653,0,0.40928,34,28.03026
22.4,61,1,1,1,1,1,26.89066,0.10227,26.89066,15.26060,1344,11.61870,2.38003,0,0.40348,38,26.87779
23.0,61,1,1,1,1,1,27.31109,0.10227,27.31109,15.68103,1381,11.61870,2.38003,0,0.40348,38,27.29828
23.9,61,1,1,1,1,1,27.92470,0.10227,27.92470,16.29464,1435,11.61870,2.38003,0,0.40348,38,27.91429
22.4,62,1,1,1,1,1,26.73815,0.18072,26.73815,15.28278,1368,11.44419,2.39797,0,0.47211,36,26.72395
23.0,62,1,1,1,1,1,27.16298,0.18072,27.16298,15.70761,1406,11.44419,2.39797,0,0.47211,36,27.15119
23.9,62,1,1,1,1,1,27.77787,0.18072,27.77787,16.32250,1461,11.44419,2.39797,0,0.47211,36,27.77198
22.4,63,1,1,1,1,1,26.84143,0.14696,26.84143,15.27124,1389,11.55919,2.52432,0,0.40885,38,26.83611
23.0,63,1,1,1,1,1,27.25952,0.14696,27.25952,15.68933,1427,11.55919,2.52432,0,0.40885,38,27.22646
23.9,63,1,1,1,1,1,27.87565,0.14696,27.87565,16.30546,1483,11.55919,2.52432,0,0.40885,38,27.86510
22.4,64,1,1,1,1,1,27.06730,0.15550,27.06730,15.35754,1419,11.69893,2.24112,0,0.35605,30,27.06335
23.0,64,1,1,1,1,1,27.48969,0.15550,27.48969,15.77993,1458,11.69893,2.24112,0,0.35605,30,27.48427
23.9,64,1,1,1,1,1,28.10702,0.15550,28.10702,16.39726,1515,11.69893,2.24112,0,0.35605,30,28.05885
22.4,65,1,1,1,1,1,27.12416,0.16377,27.12416,15.32388,1438,11.78961,2.42311,0,0.29539,34,27.12342
23.0,65,1,1,1,1,1,27.54005,0.16377,27.54005,15.73977,1477,11.78961,2.42311,0,0.29539,34,27.53561
23.9,65,1,1,1,1,1,28.15855,0.16377,28.15855,16.35827,1535,11.78961,2.42311,0,0.29539,34,28.14297
22.4,66,1,1,1,1,1,26.90131,0.16129,26.90131,15.32275,1460,11.56806,2.16617,0,0.33384,34,26.89943
23.0,66,1,1,1,1,1,27.32140,0.16129,27.32140,15.74284,1500,11.56806,2.16617,0,0.33384,34,27.32072
23.9,66,1,1,1,1,1,27.94103,0.16129,27.94103,16.36247,1559,11.56806,2.16617,0,0.33384,34,27.93885
22.4,67,1,1,1,1,1,27.00948,0.14854,27.00948,15.32166,1482,11.67748,2.11953,0,0.41467,34,27.00742
23.0,67,1,1,1,1,1,27.43365,0.14854,27.43365,15.74582,1523,11.67748,2.11953,0,0.41467,34,27.42758
23.9,67,1,1,1,1,1,28.05438,0.14854,28.05438,16.36655,1583,11.67748,2.11953,0,0.41467,34,28.04348
22.4,68,1,1,1,1,1,26.90552,0.15654,26.90552,15.33078,1505,11.56454,2.34846,0,0.33959,34,26.90455
23.0,68,1,1,1,1,1,27.32345,0.15654,27.32345,15.74871,1546,11.56454,2.34846,0,0.33959,34,27.31097
23.9,68,1,1,1,1,1,27.94524,0.15654,27.94524,16.37051,1607,11.56454,2.34846,0,0.33959,34,27.89863
22.4,69,1,1,1,1,1,26.86975,0.22169,26.86975,15.28942,1523,11.57029,2.50530,0,0.30840,38,26.86082
23.0,69,1,1,1,1,1,27.29167,0.22169,27.29167,15.71134,1565,11.57029,2.50530,0,0.30840,38,27.28576
23.9,69,1,1,1,1,1,27.91450,0.22169,27.91450,16.33416,1627,11.57029,2.50530,0,0.30840,38,27.89644
22.4,70,1,1,1,1,1,27.03537,0.08912,27.03537,15.33836,1550,11.68711,2.43680,0,0.28419,34,27.02958
23.0,70,1,1,1,1,1,27.45125,0.08912,27.45125,15.75425,1592,11.68711,2.43680,0,0.28419,34,27.44933
23.9,70,1,1,1,1,1,28.07509,0.08912,28.07509,16.37808,1655,11.68711,2.43680,0,0.28419,34,28.06192
22.4,71,1,1,1,1,1,27.02005,0.08786,27.02005,15.31758,1570,11.69271,2.49929,0,0.29972,36,27.01482
23.0,71,1,1,1,1,1,27.43985,0.08786,27.43985,15.73737,1613,11.69271,2.49929,0,0.29972,36,27.43277
23.9,71,1,1,1,1,1,28.05489,0.08786,28.05489,16.35242,1676,11.69271,2.49929,0,0.29972,36,28.04021
22.4,72,1,1,1,1,1,27.01102,0.12957,27.01102,15.33588,1594,11.66551,2.68009,0,0.26667,34,26.95413
23.0,72,1,1,1,1,1,27.43461,0.12957,27.43461,15.75947,1638,11.66551,2.68009,0,0.26667,34,27.42661
23.9,72,1,1,1,1,1,28.05074,0.12957,28.05074,16.37560,1702,11.66551,2.68009,0,0.26667,34,28.03701
22.4,73,1,1,1,1,1,26.98774,0.13729,26.98774,15.30621,1613,11.67203,2.62465,0,0.29151,38,26.97066
23.0,73,1,1,1,1,1,27.40553,0.13729,27.40553,15.72400,1657,11.67203,2.62465,0,0.29151,38,27.40229
23.9,73,1,1,1,1,1,28.02271,0.13729,28.02271,16.34118,1722,11.67203,2.62465,0,0.29151,38,28.00022
22.4,74,1,1,1,1,1,27.15825,0.10304,27.15825,15.30544,1635,11.84344,2.86905,0,0.31997,38,27.15571
23.0,74,1,1,1,1,1,27.57976,0.10304,27.57976,15.72695,1680,11.84344,2.86905,0,0.31997,38,27.57329
23.9,74,1,1,1,1,1,28.19797,0.10304,28.19797,16.34516,1746,11.84344,2.86905,0,0.31997,38,28.19449
22.4,75,1,1,1,1,1,27.14438,0.07394,27.14438,15.35090,1662,11.78424,2.67619,0,0.37061,34,27.14179
23.0,75,1,1,1,1,1,27.56027,0.07394,27.56027,15.76679,1707,11.78424,2.67619,0,0.37061,34,27.55786
23.9,75,1,1,1,1,1,28.17948,0.07394,28.17948,16.38600,1774,11.78424,2.67619,0,0.37061,34,28.13891
22.4,76,1,1,1,1,1,27.08272,0.08208,27.08272,15.34956,1684,11.72403,2.55732,0,0.26176,34,27.06111
23.0,76,1,1,1,1,1,27.50225,0.08208,27.50225,15.76910,1730,11.72403,2.55732,0,0.26176,34,27.48574
23.9,76,1,1,1,1,1,28.12244,0.08208,28.12244,16.38928,1798,11.72403,2.55732,0,0.26176,34,28.07911
22.4,77,1,1,1,1,1,27.21142,0.09002,27.21142,15.31225,1702,11.89017,2.59617,0,0.28536,38,27.20957
23.0,77,1,1,1,1,1,27.63451,0.09002,27.63451,15.73534,1749,11.89017,2.59617,0,0.28536,38,27.62970
23.9,77,1,1,1,1,1,28.25564,0.09002,28.25564,16.35647,1818,11.89017,2.59617,0,0.28536,38,28.24634
22.4,78,1,1,1,1,1,27.39969,0.07998,27.39969,15.33810,1727,12.05270,2.49353,0,0.27282,36,27.39695
23.0,78,1,1,1,1,1,27.81736,0.07998,27.81736,15.75577,1774,12.05270,2.49353,0,0.27282,36,27.79470
23.9,78,1,1,1,1,1,28.43941,0.07998,28.43941,16.37782,1844,12.05270,2.49353,0,0.27282,36,28.43389
22.4,79,1,1,1,1,1,27.20371,0.07897,27.20371,15.31943,1747,11.87551,2.46608,0,0.31155,38,27.18607
23.0,79,1,1,1,1,1,27.62486,0.07897,27.62486,15.74058,1795,11.87551,2.46608,0,0.31155,38,27.60941
23.9,79,1,1,1,1,1,28.24782,0.07897,28.24782,16.36354,1866,11.87551,2.46608,0,0.31155,38,28.23236
22.4,80,1,1,1,1,1,27.19037,0.12957,27.19037,15.36187,1774,11.81983,2.61597,0,0.28293,34,27.18678
23.0,80,1,1,1,1,1,27.60626,0.12957,27.60626,15.77776,1822,11.81983,2.61597,0,0.28293,34,27.60072
23.9,80,1,1,1,1,1,28.23009,0.12957,28.23009,16.40160,1894,11.81983,2.61597,0,0.28293,34,28.22752
22.4,81,1,1,1,1,1,26.96260,0.13284,26.96260,15.32625,1792,11.62779,2.24877,0,0.35491,38,26.95233
23.0,81,1,1,1,1,1,27.38191,0.13284,27.38191,15.74557,1841,11.62779,2.24877,0,0.35491,38,27.37741
23.9,81,1,1,1,1,1,27.99804,0.13284,27.99804,16.36170,1913,11.62779,2.24877,0,0.35491,38,27.98726
22.4,82,1,1,1,1,1,27.18916,0.13122,27.18916,15.32532,1814,11.85539,2.29664,0,0.28324,38,27.18464
23.0,82,1,1,1,1,1,27.61181,0.13122,27.61181,15.74797,1864,11.85539,2.29664,0,0.28324,38,27.57754
23.9,82,1,1,1,1,1,28.22888,0.13122,28.22888,16.36504,1937,11.85539,2.29664,0,0.28324,38,28.21643
22.4,83,1,1,1,1,1,27.07710,0.12129,27.07710,15.33275,1837,11.73600,2.17246,0,0.26474,38,27.07378
23.0,83,1,1,1,1,1,27.49466,0.12129,27.49466,15.75031,1887,11.73600,2.17246,0,0.26474,38,27.49253
23.9,83,1,1,1,1,1,28.11265,0.12129,28.11265,16.36829,1961,11.73600,2.17246,0,0.26474,38,28.11224
22.4,84,1,1,1,1,1,27.20916,0.12810,27.20916,15.33176,1859,11.86915,2.24421,0,0.27650,38,27.19700
23.0,84,1,1,1,1,1,27.63000,0.12810,27.63000,15.75259,1910,11.86915,2.24421,0,0.27650,38,27.61354
23.9,84,1,1,1,1,1,28.24888,0.12810,28.24888,16.37148,1985,11.86915,2.24421,0,0.27650,38,28.23498
22.4,85,1,1,1,1,1,27.20128,0.09786,27.20128,15.30632,1878,11.88680,2.42913,0,0.32395,42,27.20104
23.0,85,1,1,1,1,1,27.61717,0.09786,27.61717,15.72221,1929,11.88680,2.42913,0,0.32395,42,27.61700
23.9,85,1,1,1,1,1,28.23692,0.09786,28.23692,16.34196,2005,11.88680,2.42913,0,0.32395,42,28.23118
22.4,86,1,1,1,1,1,27.22935,0.05642,27.22935,15.39432,1911,11.82698,2.31403,0,0.20956,33,27.21681
23.0,86,1,1,1,1,1,27.64846,0.05642,27.64846,15.81343,1963,11.82698,2.31403,0,0.20956,33,27.63872
23.9,86,1,1,1,1,1,28.26907,0.05642,28.26907,16.43404,2040,11.82698,2.31403,0,0.20956,33,28.26834
22.4,87,1,1,1,1,1,27.21952,0.05577,27.21952,15.37671,1931,11.83484,2.25373,0,0.22308,35,27.21069
23.0,87,1,1,1,1,1,27.64179,0.05577,27.64179,15.79898,1984,11.83484,2.25373,0,0.22308,35,27.61316
23.9,87,1,1,1,1,1,28.26323,0.05577,28.26323,16.42042,2062,11.83484,2.25373,0,0.22308,35,28.26255
22.4,88,1,1,1,1,1,27.14493,0.14022,27.14493,15.39889,1956,11.73816,2.33285,0,0.22417,33,27.12373
23.0,88,1,1,1,1,1,27.56240,0.14022,27.56240,15.81636,2009,11.73816,2.33285,0,0.22417,33,27.56059
23.9,88,1,1,1,1,1,28.18465,0.14022,28.18465,16.43862,2088,11.73816,2.33285,0,0.22417,33,28.18406
22.4,89,1,1,1,1,1,27.08320,0.07009,27.08320,15.36606,1974,11.70935,2.35659,0,0.28874,37,27.05720
23.0,89,1,1,1,1,1,27.50376,0.07009,27.50376,15.78662,2028,11.70935,2.35659,0,0.28874,37,27.50161
23.9,89,1,1,1,1,1,28.12681,0.07009,28.12681,16.40968,2108,11.70935,2.35659,0,0.28874,37,28.12458
22.4,90,1,1,1,1,1,26.91669,0.11462,26.91669,15.37246,1997,11.53653,2.18308,0,0.28294,37,26.91022
23.0,90,1,1,1,1,1,27.33258,0.11462,27.33258,15.78835,2051,11.53653,2.18308,0,0.28294,37,27.32634
23.9,90,1,1,1,1,1,27.95641,0.11462,27.95641,16.41218,2132,11.53653,2.18308,0,0.28294,37,27.94483
22.4,91,1,1,1,1,1,27.03201,0.05332,27.03201,15.38634,2021,11.63805,2.12113,0,0.23466,35,27.02235
23.0,91,1,1,1,1,1,27.45095,0.05332,27.45095,15.80528,2076,11.63805,2.12113,0,0.23466,35,27.44900
23.9,91,1,1,1,1,1,28.06792,0.05332,28.06792,16.42226,2157,11.63805,2.12113,0,0.23466,35,28.06509
22.4,92,1,1,1,1,1,26.99000,0.11127,26.99000,15.38485,2043,11.59761,2.39008,0,0.22457,35,26.98737
23.0,92,1,1,1,1,1,27.41191,0.11127,27.41191,15.80677,2099,11.59761,2.39008,0,0.22457,35,27.38859
23.9,92,1,1,1,1,1,28.02972,0.11127,28.02972,16.42457,2181,11.59761,2.39008,0,0.22457,35,28.02337
22.4,93,1,1,1,1,1,26.98788,0.06708,26.98788,15.36104,2062,11.61939,2.32366,0,0.28445,39,26.97618
23.0,93,1,1,1,1,1,27.40526,0.06708,27.40526,15.77841,2118,11.61939,2.32366,0,0.28445,39,27.39252
23.9,93,1,1,1,1,1,28.02387,0.06708,28.02387,16.39703,2201,11.61939,2.32366,0,0.28445,39,28.02265
22.4,94,1,1,1,1,1,27.05200,0.05899,27.05200,15.37459,2086,11.67003,2.23326,0,0.23454,37,27.04919
23.0,94,1,1,1,1,1,27.47231,0.05899,27.47231,15.79491,2143,11.67003,2.23326,0,0.23454,37,27.46072
23.9,94,1,1,1,1,1,28.09172,0.05899,28.09172,16.41432,2227,11.67003,2.23326,0,0.23454,37,28.09064
22.4,95,1,1,1,1,1,27.03354,0.05837,27.03354,15.36598,2107,11.66026,2.32688,0,0.26715,39,27.03021
23.0,95,1,1,1,1,1,27.44943,0.05837,27.44943,15.78187,2164,11.66026,2.32688,0,0.26715,39,27.44812
23.9,95,1,1,1,1,1,28.06961,0.05837,28.06961,16.40205,2249,11.66026,2.32688,0,0.26715,39,28.06890
22.4,96,1,1,1,1,1,27.06137,0.06498,27.06137,15.40808,2135,11.64606,2.15523,0,0.23880,33,27.05895
23.0,96,1,1,1,1,1,27.48014,0.06498,27.48014,15.82686,2193,11.64606,2.15523,0,0.23880,33,27.47853
23.9,96,1,1,1,1,1,28.10109,0.06498,28.10109,16.44780,2279,11.64606,2.15523,0,0.23880,33,28.09421
22.4,97,1,1,1,1,1,26.96931,0.12966,26.96931,15.37786,2153,11.58430,2.17411,0,0.27237,37,26.94215
23.0,97,1,1,1,1,1,27.39091,0.12966,27.39091,15.79947,2212,11.58430,2.17411,0,0.27237,37,27.39076
23.9,97,1,1,1,1,1,28.01260,0.12966,28.01260,16.42116,2299,11.58430,2.17411,0,0.27237,37,28.00955
22.4,98,1,1,1,1,1,27.09421,0.07073,27.09421,15.38362,2176,11.70351,2.33084,0,0.21988,37,27.09155
23.0,98,1,1,1,1,1,27.51151,0.07073,27.51151,15.80093,2235,11.70351,2.33084,0,0.21988,37,27.47869
23.9,98,1,1,1,1,1,28.13393,0.07073,28.13393,16.42334,2323,11.70351,2.33084,0,0.21988,37,28.12812
22.4,99,1,1,1,1,1,27.09099,0.06301,27.09099,15.38227,2198,11.70172,2.28302,0,0.23723,37,27.08921
23.0,99,1,1,1,1,1,27.51108,0.06301,27.51108,15.80236,2258,11.70172,2.28302,0,0.23723,37,27.49321
23.9,99,1,1,1,1,1,28.13421,0.06301,28.13421,16.42549,2347,11.70172,2.28302,0,0.23723,37,28.12936
22.4,100,1,1,1,1,1,27.14818,0.06931,27.14818,15.38787,2221,11.75338,2.28928,0,0.18715,37,27.14052
23.0,100,1,1,1,1,1,27.56407,0.06931,27.56407,15.80376,2281,11.75338,2.28928,0,0.18715,37,27.56233
23.9,100,1,1,1,1,1,28.18790,0.06931,28.18790,16.42759,2371,11.75338,2.28928,0,0.18715,37,28.17537
22.4,101,1,1,1,1,1,27.08662,0.09923,27.08662,15.35904,2239,11.72071,2.53346,0,0.22515,41,27.08473
23.0,101,1,1,1,1,1,27.50525,0.09923,27.50525,15.77768,2300,11.72071,2.53346,0,0.22515,41,27.49083
23.9,101,1,1,1,1,1,28.12290,0.09923,28.12290,16.39533,2390,11.72071,2.53346,0,0.22515,41,28.12073
22.4,102,1,1,1,1,1,27.10250,0.06116,27.10250,15.38515,2265,11.71056,2.39902,0,0.25376,37,27.09970
23.0,102,1,1,1,1,1,27.52383,0.06116,27.52383,15.80647,2327,11.71056,2.39902,0,0.25376,37,27.51871
23.9,102,1,1,1,1,1,28.14222,0.06116,28.14222,16.42487,2418,11.71056,2.39902,0,0.25376,37,28.12666
22.4,103,1,1,1,1,1,27.25077,0.08385,27.25077,15.37710,2286,11.86694,2.46108,0,0.22078,39,27.24851
23.0,103,1,1,1,1,1,27.66801,0.08385,27.66801,15.79433,2348,11.86694,2.46108,0,0.22078,39,27.65289
23.9,103,1,1,1,1,1,28.28713,0.08385,28.28713,16.41346,2440,11.86694,2.46108,0,0.22078,39,28.28433
22.4,104,1,1,1,1,1,27.24053,0.11715,27.24053,15.38920,2310,11.84466,2.42317,0,0.20301,37,27.22550
23.0,104,1,1,1,1,1,27.66042,0.11715,27.66042,15.80909,2373,11.84466,2.42317,0,0.20301,37,27.65887
23.9,104,1,1,1,1,1,28.28025,0.11715,28.28025,16.42892,2466,11.84466,2.42317,0,0.20301,37,28.27913
22.4,105,1,1,1,1,1,27.14837,0.09545,27.14837,15.36806,2329,11.77370,2.31555,0,0.23688,41,27.10689
23.0,105,1,1,1,1,1,27.56425,0.09545,27.56425,15.78395,2392,11.77370,2.31555,0,0.23688,41,27.55597
23.9,105,1,1,1,1,1,28.18479,0.09545,28.18479,16.40448,2486,11.77370,2.31555,0,0.23688,41,28.17807
22.4,106,1,1,1,1,1,27.14317,0.09455,27.14317,15.36694,2351,11.76969,2.27645,0,0.24923,41,27.12979
23.0,106,1,1,1,1,1,27.56167,0.09455,27.56167,15.78545,2415,11.76969,2.27645,0,0.24923,41,27.54606
23.9,106,1,1,1,1,1,28.18289,0.09455,28.18289,16.40666,2510,11.76969,2.27645,0,0.24923,41,28.17217
22.4,107,1,1,1,1,1,27.19431,0.06776,27.19431,15.40471,2379,11.78313,2.33009,0,0.23131,35,27.17411
23.0,107,1,1,1,1,1,27.61538,0.06776,27.61538,15.82578,2444,11.78313,2.33009,0,0.23131,35,27.60606
23.9,107,1,1,1,1,1,28.23727,0.06776,28.23727,16.44767,2540,11.78313,2.33009,0,0.23131,35,28.23621
22.4,108,1,1,1,1,1,27.35193,0.05134,27.35193,15.40969,2402,11.93583,2.33352,0,0.22275,35,27.34251
23.0,108,1,1,1,1,1,27.76911,0.05134,27.76911,15.82686,2467,11.93583,2.33352,0,0.22275,35,27.75631
23.9,108,1,1,1,1,1,28.39165,0.05134,28.39165,16.44941,2564,11.93583,2.33352,0,0.22275,35,28.38802
22.4,109,1,1,1,1,1,27.28836,0.07923,27.28836,15.38278,2420,11.89922,2.42541,0,0.26382,39,27.27170
23.0,109,1,1,1,1,1,27.70807,0.07923,27.70807,15.80248,2486,11.89922,2.42541,0,0.26382,39,27.69971
23.9,109,1,1,1,1,1,28.33126,0.07923,28.33126,16.42568,2584,11.89922,2.42541,0,0.26382,39,28.32514
22.4,110,1,1,1,1,1,27.34375,0.07221,27.34375,15.40047,2445,11.93698,2.53688,0,0.22720,37,27.33649
23.0,110,1,1,1,1,1,27.75964,0.07221,27.75964,15.81636,2511,11.93698,2.53688,0,0.22720,37,27.72352
23.9,110,1,1,1,1,1,28.38347,0.07221,28.38347,16.44019,2610,11.93698,2.53688,0,0.22720,37,28.37549
22.4,111,1,1,1,1,1,27.29280,0.11366,27.29280,15.38662,2465,11.89994,2.41912,0,0.24205,39,27.29077
23.0,111,1,1,1,1,1,27.71119,0.11366,27.71119,15.80500,2532,11.89994,2.41912,0,0.24205,39,27.71042
23.9,111,1,1,1,1,1,28.32940,0.11366,28.32940,16.42322,2631,11.89994,2.41912,0,0.24205,39,28.32489
22.4,112,1,1,1,1,1,27.25696,0.11993,27.25696,15.41015,2491,11.84063,2.46027,0,0.16091,35,27.25355
23.0,112,1,1,1,1,1,27.67780,0.11993,27.67780,15.83099,2559,11.84063,2.46027,0,0.16091,35,27.66895
23.9,112,1,1,1,1,1,28.29668,0.11993,28.29668,16.44987,2659,11.84063,2.46027,0,0.16091,35,28.29393
22.4,113,1,1,1,1,1,27.28385,0.12500,27.28385,15.39032,2510,11.88740,2.40128,0,0.25694,39,27.27377
23.0,113,1,1,1,1,1,27.70097,0.12500,27.70097,15.80744,2578,11.88740,2.40128,0,0.25694,39,27.69116
23.9,113,1,1,1,1,1,28.32051,0.12500,28.32051,16.42697,2679,11.88740,2.40128,0,0.25694,39,28.31909
22.4,114,1,1,1,1,1,27.34956,0.12299,27.34956,15.38908,2532,11.95440,2.45895,0,0.19883,39,27.34446
23.0,114,1,1,1,1,1,27.76910,0.12299,27.76910,15.80862,2601,11.95440,2.45895,0,0.19883,39,27.74270
23.9,114,1,1,1,1,1,28.38928,0.12299,28.38928,16.42880,2703,11.95440,2.45895,0,0.19883,39,28.36948
22.4,115,1,1,1,1,1,27.22946,0.09131,27.22946,15.39389,2555,11.82954,2.34541,0,0.24861,39,27.22556
23.0,115,1,1,1,1,1,27.64535,0.09131,27.64535,15.80978,2624,11.82954,2.34541,0,0.24861,39,27.64462
23.9,115,1,1,1,1,1,28.26617,0.09131,28.26617,16.43060,2727,11.82954,2.34541,0,0.24861,39,28.25780
22.4,116,1,1,1,1,1,27.30008,0.08043,27.30008,15.39265,2577,11.90146,2.55816,0,0.19540,39,27.29154
23.0,116,1,1,1,1,1,27.71836,0.08043,27.71836,15.81093,2647,11.90146,2.55816,0,0.19540,39,27.70988
23.9,116,1,1,1,1,1,28.33980,0.08043,28.33980,16.43237,2751,11.90146,2.55816,0,0.19540,39,28.33792
22.4,117,1,1,1,1,1,27.21546,0.12233,27.21546,15.36772,2595,11.84181,2.49030,0,0.24476,43,27.20172
23.0,117,1,1,1,1,1,27.63609,0.12233,27.63609,15.78835,2666,11.84181,2.49030,0,0.24476,43,27.62560
23.9,117,1,1,1,1,1,28.25814,0.12233,28.25814,16.41041,2771,11.84181,2.49030,0,0.24476,43,28.25561
22.4,118,1,1,1,1,1,27.20419,0.06731,27.20419,15.40784,2624,11.79048,2.38162,0,0.21241,37,27.20035
23.0,118,1,1,1,1,1,27.62125,0.06731,27.62125,15.82490,2695,11.79048,2.38162,0,0.21241,37,27.61302
23.9,118,1,1,1,1,1,28.24391,0.06731,28.24391,16.44756,2801,11.79048,2.38162,0,0.21241,37,28.24076
22.4,119,1,1,1,1,1,27.22255,0.04660,27.22255,15.39486,2644,11.82186,2.47580,0,0.22227,39,27.18940
23.0,119,1,1,1,1,1,27.64193,0.04660,27.64193,15.81424,2716,11.82186,2.47580,0,0.22227,39,27.63424
23.9,119,1,1,1,1,1,28.26518,0.04660,28.26518,16.43749,2823,11.82186,2.47580,0,0.22227,39,28.26161
22.4,120,1,1,1,1,1,27.24973,0.07197,27.24973,15.41097,2669,11.83298,2.38339,0,0.18311,37,27.24884
23.0,120,1,1,1,1,1,27.66562,0.07197,27.66562,15.82686,2741,11.83298,2.38339,0,0.18311,37,27.65610
23.9,120,1,1,1,1,1,28.28945,0.07197,28.28945,16.45069,2849,11.83298,2.38339,0,0.18311,37,28.28477
22.4,121,1,1,1,1,1,27.14745,0.05728,27.14745,15.38672,2687,11.75500,2.37451,0,0.19878,41,27.14568
23.0,121,1,1,1,1,1,27.56563,0.05728,27.56563,15.80490,2760,11.75500,2.37451,0,0.19878,41,27.55840
23.9,121,1,1,1,1,1,28.18431,0.05728,28.18431,16.42358,2868,11.75500,2.37451,0,0.19878,41,28.18151
22.4,122,1,1,1,1,1,27.17595,0.05682,27.17595,15.38559,2709,11.78468,2.47707,0,0.19715,41,27.17477
23.0,122,1,1,1,1,1,27.59639,0.05682,27.59639,15.80603,2783,11.78468,2.47707,0,0.19715,41,27.59439
23.9,122,1,1,1,1,1,28.21567,0.05682,28.21567,16.42532,2892,11.78468,2.47707,0,0.19715,41,28.21170
22.4,123,1,1,1,1,1,27.20316,0.04508,27.20316,15.40139,2734,11.79614,2.41749,0,0.19555,39,27.19280
23.0,123,1,1,1,1,1,27.62018,0.04508,27.62018,15.81841,2808,11.79614,2.41749,0,0.19555,39,27.61913
23.9,123,1,1,1,1,1,28.24007,0.04508,28.24007,16.43830,2918,11.79614,2.41749,0,0.19555,39,28.22943
22.4,124,1,1,1,1,1,27.30423,0.05031,27.30423,15.40017,2756,11.89847,2.41860,0,0.20407,39,27.30250
23.0,124,1,1,1,1,1,27.72347,0.05031,27.72347,15.81941,2831,11.89847,2.41860,0,0.20407,39,27.72143
23.9,124,1,1,1,1,1,28.34395,0.05031,28.34395,16.43989,2942,11.89847,2.41860,0,0.20407,39,28.33993
22.4,125,1,1,1,1,1,27.18406,0.05545,27.18406,15.38232,2775,11.79619,2.27266,0,0.22618,43,27.17467
23.0,125,1,1,1,1,1,27.59994,0.05545,27.59994,15.79821,2850,11.79619,2.27266,0,0.22618,43,27.59791
23.9,125,1,1,1,1,1,28.22100,0.05545,28.22100,16.41927,2962,11.79619,2.27266,0,0.22618,43,28.21415
22.4,126,1,1,1,1,1,27.18207,0.07288,27.18207,15.39227,2799,11.78430,2.31154,0,0.21888,41,27.17506
23.0,126,1,1,1,1,1,27.60016,0.07288,27.60016,15.81036,2875,11.78430,2.31154,0,0.21888,41,27.59741
23.9,126,1,1,1,1,1,28.22179,0.07288,28.22179,16.43199,2988,11.78430,2.31154,0,0.21888,41,28.21576
22.4,127,1,1,1,1,1,27.30926,0.04912,27.30926,15.38023,2819,11.92358,2.41089,0,0.22807,43,27.30889
23.0,127,1,1,1,1,1,27.72952,0.04912,27.72952,15.80048,2896,11.92358,2.41089,0,0.22807,43,27.72727
23.9,127,1,1,1,1,1,28.35171,0.04912,28.35171,16.42268,3010,11.92358,2.41089,0,0.22807,43,28.35144
22.4,128,1,1,1,1,1,27.24489,0.09080,27.24489,15.43877,2852,11.80071,2.40602,0,0.15979,33,27.24018
23.0,128,1,1,1,1,1,27.66186,0.09080,27.66186,15.85574,2929,11.80071,2.40602,0,0.15979,33,27.65614
23.9,128,1,1,1,1,1,28.28461,0.09080,28.28461,16.47849,3044,11.80071,2.40602,0,0.15979,33,28.27492
22.4,129,1,1,1,1,1,27.35081,0.07769,27.35081,15.41581,2870,11.92963,2.47003,0,0.17818,37,27.34975
23.0,129,1,1,1,1,1,27.76993,0.07769,27.76993,15.83492,2948,11.92963,2.47003,0,0.17818,37,27.76580
23.9,129,1,1,1,1,1,28.39322,0.07769,28.39322,16.45822,3064,11.92963,2.47003,0,0.17818,37,28.39230
22.4,130,1,1,1,1,1,27.25885,0.08130,27.25885,15.41986,2893,11.83366,2.27229,0,0.17681,37,27.23438
23.0,130,1,1,1,1,1,27.67474,0.08130,27.67474,15.83575,2971,11.83366,2.27229,0,0.17681,37,27.67004
23.9,130,1,1,1,1,1,28.29857,0.08130,28.29857,16.45958,3088,11.83366,2.27229,0,0.17681,37,28.28756
22.4,131,1,1,1,1,1,27.15577,0.07539,27.15577,15.41856,2915,11.73192,2.34635,0,0.19215,37,27.15337
23.0,131,1,1,1,1,1,27.57378,0.07539,27.57378,15.83656,2994,11.73192,2.34635,0,0.19215,37,27.55977
23.9,131,1,1,1,1,1,28.19285,0.07539,28.19285,16.45563,3111,11.73192,2.34635,0,0.19215,37,28.19176
22.4,132,1,1,1,1,1,27.12407,0.11588,27.12407,15.41727,2937,11.70154,2.43016,0,0.19217,37,27.12174
23.0,132,1,1,1,1,1,27.54416,0.11588,27.54416,15.83736,3017,11.70154,2.43016,0,0.19217,37,27.51694
23.9,132,1,1,1,1,1,28.16379,0.11588,28.16379,16.45699,3135,11.70154,2.43016,0,0.19217,37,28.16261
22.4,133,1,1,1,1,1,27.13379,0.11271,27.13379,15.40038,2956,11.72821,2.37172,0,0.19968,41,27.12852
23.0,133,1,1,1,1,1,27.55072,0.11271,27.55072,15.81731,3036,11.72821,2.37172,0,0.19968,41,27.54249
23.9,133,1,1,1,1,1,28.17091,0.11271,28.17091,16.43749,3155,11.72821,2.37172,0,0.19968,41,28.16220
22.4,134,1,1,1,1,1,26.98918,0.13591,26.98918,15.41994,2982,11.56407,2.28425,0,0.23008,37,26.97073
23.0,134,1,1,1,1,1,27.40817,0.13591,27.40817,15.83893,3063,11.56407,2.28425,0,0.23008,37,27.40492
23.9,134,1,1,1,1,1,28.02890,0.13591,28.02890,16.45966,3183,11.56407,2.28425,0,0.23008,37,28.02276
22.4,135,1,1,1,1,1,27.07263,0.11488,27.07263,15.41354,3003,11.65396,2.36636,0,0.18231,39,27.06202
23.0,135,1,1,1,1,1,27.48852,0.11488,27.48852,15.82943,3084,11.65396,2.36636,0,0.18231,39,27.48699
23.9,135,1,1,1,1,1,28.10979,0.11488,28.10979,16.45069,3205,11.65396,2.36636,0,0.18231,39,28.10668
22.4,136,1,1,1,1,1,27.12270,0.09082,27.12270,15.42252,3027,11.69508,2.37388,0,0.16568,37,27.11660
23.0,136,1,1,1,1,1,27.54063,0.09082,27.54063,15.84045,3109,11.69508,2.37388,0,0.16568,37,27.53109
23.9,136,1,1,1,1,1,28.16243,0.09082,28.16243,16.46225,3231,11.69508,2.37388,0,0.16568,37,28.15545
22.4,137,1,1,1,1,1,27.11376,0.09522,27.11376,15.40102,3045,11.70768,2.37195,0,0.17965,41,27.10895
23.0,137,1,1,1,1,1,27.53370,0.09522,27.53370,15.82096,3128,11.70768,2.37195,0,0.17965,41,27.52492
23.9,137,1,1,1,1,1,28.15601,0.09522,28.15601,16.44327,3251,11.70768,2.37195,0,0.17965,41,28.14955
22.4,138,1,1,1,1,1,27.19926,0.09453,27.19926,15.40494,3068,11.78929,2.33170,0,0.20655,41,27.19479
23.0,138,1,1,1,1,1,27.61615,0.09453,27.61615,15.82184,3151,11.78929,2.33170,0,0.20655,41,27.61497
23.9,138,1,1,1,1,1,28.23898,0.09453,28.23898,16.44467,3275,11.78929,2.33170,0,0.20655,41,28.22710
22.4,139,1,1,1,1,1,27.27193,0.07889,27.27193,15.42377,3094,11.84317,2.39598,0,0.15808,37,27.26975
23.0,139,1,1,1,1,1,27.69081,0.07889,27.69081,15.84265,3178,11.84317,2.39598,0,0.15808,37,27.68771
23.9,139,1,1,1,1,1,28.31414,0.07889,28.31414,16.46599,3303,11.84317,2.39598,0,0.15808,37,28.30173
22.4,140,1,1,1,1,1,27.27005,0.08328,27.27005,15.42748,3117,11.83762,2.43488,0,0.16913,37,27.26373
23.0,140,1,1,1,1,1,27.68593,0.08328,27.68593,15.84336,3201,11.83762,2.43488,0,0.16913,37,27.65768
23.9,140,1,1,1,1,1,28.30977,0.08328,28.30977,16.46720,3327,11.83762,2.43488,0,0.16913,37,28.30028
22.4,141,1,1,1,1,1,27.24809,0.08760,27.24809,15.40655,3135,11.83663,2.40829,0,0.14748,41,27.24413
23.0,141,1,1,1,1,1,27.66594,0.08760,27.66594,15.82440,3220,11.83663,2.40829,0,0.14748,41,27.66520
23.9,141,1,1,1,1,1,28.28535,0.08760,28.28535,16.44381,3346,11.83663,2.40829,0,0.14748,41,28.27914
22.4,142,1,1,1,1,1,27.14917,0.04881,27.14917,15.41520,3159,11.72909,2.32527,0,0.19903,39,27.14656
23.0,142,1,1,1,1,1,27.56896,0.04881,27.56896,15.83500,3245,11.72909,2.32527,0,0.19903,39,27.53763
23.9,142,1,1,1,1,1,28.18889,0.04881,28.18889,16.45492,3372,11.72909,2.32527,0,0.19903,39,28.18529
22.4,143,1,1,1,1,1,27.23244,0.04847,27.23244,15.40920,3180,11.81840,2.42337,0,0.22484,41,27.22667
23.0,143,1,1,1,1,1,27.64930,0.04847,27.64930,15.82605,3266,11.81840,2.42337,0,0.22484,41,27.64505
23.9,143,1,1,1,1,1,28.26974,0.04847,28.26974,16.44649,3394,11.81840,2.42337,0,0.22484,41,28.26826
22.4,144,1,1,1,1,1,27.38392,0.05295,27.38392,15.42734,3206,11.95177,2.37954,0,0.17149,37,27.37459
23.0,144,1,1,1,1,1,27.80270,0.05295,27.80270,15.84611,3293,11.95177,2.37954,0,0.17149,37,27.79540
23.9,144,1,1,1,1,1,28.42364,0.05295,28.42364,16.46706,3422,11.95177,2.37954,0,0.17149,37,28.41993
22.4,145,1,1,1,1,1,27.22160,0.07767,27.22160,15.41177,3225,11.80505,2.28155,0,0.22864,41,27.21382
23.0,145,1,1,1,1,1,27.63749,0.07767,27.63749,15.82766,3312,11.80505,2.28155,0,0.22864,41,27.60792
23.9,145,1,1,1,1,1,28.25893,0.07767,28.25893,16.44910,3442,11.80505,2.28155,0,0.22864,41,28.25536
22.4,146,1,1,1,1,1,27.11824,0.13199,27.11824,15.41066,3247,11.70284,2.23538,0,0.19358,41,27.10029
23.0,146,1,1,1,1,1,27.53603,0.13199,27.53603,15.82844,3335,11.70284,2.23538,0,0.19358,41,27.53525
23.9,146,1,1,1,1,1,28.15796,0.13199,28.15796,16.45038,3466,11.70284,2.23538,0,0.19358,41,28.13817
22.4,147,1,1,1,1,1,27.29646,0.05187,27.29646,15.40956,3269,11.88219,2.27284,0,0.19698,41,27.28893
23.0,147,1,1,1,1,1,27.71612,0.05187,27.71612,15.82922,3358,11.88219,2.27284,0,0.19698,41,27.71010
23.9,147,1,1,1,1,1,28.33854,0.05187,28.33854,16.45164,3490,11.88219,2.27284,0,0.19698,41,28.33710
22.4,148,1,1,1,1,1,27.32666,0.13268,27.32666,15.41316,3292,11.90882,2.28914,0,0.19096,41,27.32602
23.0,148,1,1,1,1,1,27.74349,0.13268,27.74349,15.82998,3381,11.90882,2.28914,0,0.19096,41,27.73191
23.9,148,1,1,1,1,1,28.36639,0.13268,28.36639,16.45288,3514,11.90882,2.28914,0,0.19096,41,28.36285
22.4,149,1,1,1,1,1,27.21606,0.12836,27.21606,15.39345,3310,11.81796,2.36707,0,0.22265,45,27.21310
23.0,149,1,1,1,1,1,27.63474,0.12836,27.63474,15.81213,3400,11.81796,2.36707,0,0.22265,45,27.62431
23.9,149,1,1,1,1,1,28.25811,0.12836,28.25811,16.43550,3534,11.81796,2.36707,0,0.22265,45,28.23303
22.4,150,1,1,1,1,1,27.18668,0.12902,27.18668,15.43408,3341,11.74798,2.30745,0,0.17388,37,27.18425
23.0,150,1,1,1,1,1,27.60257,0.12902,27.60257,15.84997,3431,11.74798,2.30745,0,0.17388,37,27.56900
23.9,150,1,1,1,1,1,28.22640,0.12902,28.22640,16.47380,3566,11.74798,2.30745,0,0.17388,37,28.21603
22.4,151,1,1,1,1,1,27.18639,0.04131,27.18639,15.42367,3361,11.75813,2.25940,0,0.18082,39,27.18383
23.0,151,1,1,1,1,1,27.60411,0.04131,27.60411,15.84140,3452,11.75813,2.25940,0,0.18082,39,27.59653
23.9,151,1,1,1,1,1,28.22381,0.04131,28.22381,16.46110,3587,11.75813,2.25940,0,0.18082,39,28.21405
22.4,152,1,1,1,1,1,27.32627,0.04560,27.32627,15.43165,3385,11.89006,2.48734,0,0.13593,37,27.32565
23.0,152,1,1,1,1,1,27.74580,0.04560,27.74580,15.85118,3477,11.89006,2.48734,0,0.13593,37,27.73726
23.9,152,1,1,1,1,1,28.36599,0.04560,28.36599,16.47137,3613,11.89006,2.48734,0,0.13593,37,28.36495
22.4,153,1,1,1,1,1,27.23079,0.04983,27.23079,15.41686,3404,11.80939,2.32287,0,0.15158,41,27.22374
23.0,153,1,1,1,1,1,27.64758,0.04983,27.64758,15.83366,3496,11.80939,2.32287,0,0.15158,41,27.63818
23.9,153,1,1,1,1,1,28.26824,0.04983,28.26824,16.45432,3633,11.80939,2.32287,0,0.15158,41,28.25976
22.4,154,1,1,1,1,1,27.22188,0.04951,27.22188,15.41577,3426,11.80161,2.29302,0,0.17031,41,27.21893
23.0,154,1,1,1,1,1,27.64047,0.04951,27.64047,15.83436,3519,11.80161,2.29302,0,0.17031,41,27.64037
23.9,154,1,1,1,1,1,28.26161,0.04951,28.26161,16.45549,3657,11.80161,2.29302,0,0.17031,41,28.25717
22.4,155,1,1,1,1,1,27.28130,0.04025,27.28130,15.42811,3451,11.84871,2.32271,0,0.13416,39,27.27742
23.0,155,1,1,1,1,1,27.69718,0.04025,27.69718,15.84400,3544,11.84871,2.32271,0,0.13416,39,27.68932
23.9,155,1,1,1,1,1,28.31878,0.04025,28.31878,16.46560,3683,11.84871,2.32271,0,0.13416,39,28.31817
22.4,156,1,1,1,1,1,27.12258,0.08592,27.12258,15.42697,3473,11.69117,2.29961,0,0.16896,39,27.11723
23.0,156,1,1,1,1,1,27.54024,0.08592,27.54024,15.84463,3567,11.69117,2.29961,0,0.16896,39,27.52978
23.9,156,1,1,1,1,1,28.16230,0.08592,28.16230,16.46669,3707,11.69117,2.29961,0,0.16896,39,28.15977
22.4,157,1,1,1,1,1,27.16485,0.12819,27.16485,15.40818,3491,11.75226,2.29432,0,0.18155,43,27.14888
23.0,157,1,1,1,1,1,27.58427,0.12819,27.58427,15.82760,3586,11.75226,2.29432,0,0.18155,43,27.57399
23.9,157,1,1,1,1,1,28.20678,0.12819,28.20678,16.45010,3727,11.75226,2.29432,0,0.18155,43,28.20324
22.4,158,1,1,1,1,1,27.21058,0.11597,27.21058,15.42033,3516,11.78586,2.38937,0,0.16180,41,27.20753
23.0,158,1,1,1,1,1,27.62735,0.11597,27.62735,15.83710,3611,11.78586,2.38937,0,0.16180,41,27.62372
23.9,158,1,1,1,1,1,28.25030,0.11597,28.25030,16.46005,3753,11.78586,2.38937,0,0.16180,41,28.24724
22.4,159,1,1,1,1,1,27.26183,0.07973,27.26183,15.41054,3536,11.84694,2.37277,0,0.15610,43,27.25379
23.0,159,1,1,1,1,1,27.68034,0.07973,27.68034,15.82904,3632,11.84694,2.37277,0,0.15610,43,27.66870
23.9,159,1,1,1,1,1,28.30373,0.07973,28.30373,16.45244,3775,11.84694,2.37277,0,0.15610,43,28.30257
22.4,160,1,1,1,1,1,27.21708,0.08357,27.21708,15.43985,3565,11.77289,2.37916,0,0.12480,37,27.21409
23.0,160,1,1,1,1,1,27.63297,0.08357,27.63297,15.85574,3661,11.77289,2.37916,0,0.12480,37,27.61936
23.9,160,1,1,1,1,1,28.25680,0.08357,28.25680,16.47957,3805,11.77289,2.37916,0,0.12480,37,28.25465
22.4,161,1,1,1,1,1,27.15494,0.08735,27.15494,15.42145,3583,11.72919,2.37551,0,0.15018,41,27.13879
23.0,161,1,1,1,1,1,27.57255,0.08735,27.57255,15.83906,3680,11.72919,2.37551,0,0.15018,41,27.56751
23.9,161,1,1,1,1,1,28.19251,0.08735,28.19251,16.45902,3824,11.72919,2.37551,0,0.15018,41,28.19064
22.4,162,1,1,1,1,1,27.20576,0.10430,27.20576,15.42039,3605,11.78110,2.43110,0,0.17723,41,27.19729
23.0,162,1,1,1,1,1,27.62507,0.10430,27.62507,15.83970,3703,11.78110,2.43110,0,0.17723,41,27.62436
23.9,162,1,1,1,1,1,28.24548,0.10430,28.24548,16.46011,3848,11.78110,2.43110,0,0.17723,41,28.24085
22.4,163,1,1,1,1,1,27.27396,0.09941,27.27396,15.42359,3628,11.84612,2.42701,0,0.12757,41,27.26869
23.0,163,1,1,1,1,1,27.69070,0.09941,27.69070,15.84033,3726,11.84612,2.42701,0,0.12757,41,27.68610
23.9,163,1,1,1,1,1,28.31156,0.09941,28.31156,16.46118,3872,11.84612,2.42701,0,0.12757,41,28.30487
22.4,164,1,1,1,1,1,27.24185,0.10303,27.24185,15.42252,3650,11.81510,2.39661,0,0.16539,41,27.21794
23.0,164,1,1,1,1,1,27.66028,0.10303,27.66028,15.84095,3749,11.81510,2.39661,0,0.16539,41,27.66012
23.9,164,1,1,1,1,1,28.28157,0.10303,28.28157,16.46225,3896,11.81510,2.39661,0,0.16539,41,28.27348
22.4,165,1,1,1,1,1,27.21630,0.08944,27.21630,15.40887,3669,11.80322,2.51379,0,0.13443,45,27.21414
23.0,165,1,1,1,1,1,27.63219,0.08944,27.63219,15.82476,3768,11.80322,2.51379,0,0.13443,45,27.61332
23.9,165,1,1,1,1,1,28.25392,0.08944,28.25392,16.44649,3916,11.80322,2.51379,0,0.13443,45,28.25346
22.4,166,1,1,1,1,1,27.17960,0.08055,27.17960,15.42461,3695,11.75081,2.35466,0,0.18970,41,27.17289
23.0,166,1,1,1,1,1,27.59715,0.08055,27.59715,15.84217,3795,11.75081,2.35466,0,0.18970,41,27.59298
23.9,166,1,1,1,1,1,28.21932,0.08055,28.21932,16.46433,3944,11.75081,2.35466,0,0.18970,41,28.21453
22.4,167,1,1,1,1,1,27.24659,0.08006,27.24659,15.41526,3715,11.82718,2.42090,0,0.13282,43,27.24644
23.0,167,1,1,1,1,1,27.66580,0.08006,27.66580,15.83447,3816,11.82718,2.42090,0,0.13282,43,27.66475
23.9,167,1,1,1,1,1,28.28839,0.08006,28.28839,16.45706,3966,11.82718,2.42090,0,0.13282,43,28.28104
22.4,168,1,1,1,1,1,27.18756,0.08371,27.18756,15.42665,3740,11.75678,2.38159,0,0.11965,41,27.18743
23.0,168,1,1,1,1,1,27.60427,0.08371,27.60427,15.84336,3841,11.75678,2.38159,0,0.11965,41,27.60278
23.9,168,1,1,1,1,1,28.22728,0.08371,28.22728,16.46637,3992,11.75678,2.38159,0,0.11965,41,28.22492
22.4,169,1,1,1,1,1,27.25008,0.08732,27.25008,15.40920,3758,11.83678,2.44076,0,0.14544,45,27.24569
23.0,169,1,1,1,1,1,27.66843,0.08732,27.66843,15.82754,3860,11.83678,2.44076,0,0.14544,45,27.66499
23.9,169,1,1,1,1,1,28.29185,0.08732,28.29185,16.45097,4012,11.83678,2.44076,0,0.14544,45,28.29025
22.4,170,1,1,1,1,1,27.23324,0.08681,27.23324,15.41233,3781,11.81683,2.47615,0,0.17639,45,27.20463
23.0,170,1,1,1,1,1,27.64913,0.08681,27.64913,15.82822,3883,11.81683,2.47615,0,0.17639,45,27.64724
23.9,170,1,1,1,1,1,28.27296,0.08681,28.27296,16.45205,4036,11.81683,2.47615,0,0.17639,45,28.25498
22.4,171,1,1,1,1,1,27.29686,0.06198,27.29686,15.45597,3814,11.83684,2.36700,0,0.15512,36,27.29223
23.0,171,1,1,1,1,1,27.71437,0.06198,27.71437,15.87348,3917,11.83684,2.36700,0,0.15512,36,27.70040
23.9,171,1,1,1,1,1,28.33455,0.06198,28.33455,16.49366,4070,11.83684,2.36700,0,0.15512,36,28.32842
22.4,172,1,1,1,1,1,27.34484,0.06565,27.34484,15.45476,3836,11.88605,2.55632,0,0.11284,36,27.33616
23.0,172,1,1,1,1,1,27.76396,0.06565,27.76396,15.87388,3940,11.88605,2.55632,0,0.11284,36,27.76227
23.9,172,1,1,1,1,1,28.38456,0.06565,28.38456,16.49448,4094,11.88605,2.55632,0,0.11284,36,28.38188
22.4,173,1,1,1,1,1,27.29818,0.06927,27.29818,15.44156,3855,11.85262,2.56653,0,0.16916,40,27.29050
23.0,173,1,1,1,1,1,27.71487,0.06927,27.71487,15.85825,3959,11.85262,2.56653,0,0.16916,40,27.71243
23.9,173,1,1,1,1,1,28.33590,0.06927,28.33590,16.47927,4114,11.85262,2.56653,0,0.16916,40,28.33139
22.4,174,1,1,1,1,1,27.36144,0.06489,27.36144,15.44842,3879,11.90904,2.57538,0,0.11951,38,27.35905
23.0,174,1,1,1,1,1,27.77972,0.06489,27.77972,15.86670,3984,11.90904,2.57538,0,0.11951,38,27.77233
23.9,174,1,1,1,1,1,28.40116,0.06489,28.40116,16.48814,4140,11.90904,2.57538,0,0.11951,38,28.39464
22.4,175,1,1,1,1,1,27.34654,0.06452,27.34654,15.44332,3900,11.89926,2.53071,0,0.14797,40,27.33325
23.0,175,1,1,1,1,1,27.76243,0.06452,27.76243,15.85921,4005,11.89926,2.53071,0,0.14797,40,27.75526
23.9,175,1,1,1,1,1,28.38428,0.06452,28.38428,16.48106,4162,11.89926,2.53071,0,0.14797,40,28.37506
22.4,176,1,1,1,1,1,27.39372,0.06809,27.39372,15.45797,3926,11.93181,2.58312,0,0.10634,36,27.37157
23.0,176,1,1,1,1,1,27.81119,0.06809,27.81119,15.87543,4032,11.93181,2.58312,0,0.10634,36,27.80870
23.9,176,1,1,1,1,1,28.43344,0.06809,28.43344,16.49769,4190,11.93181,2.58312,0,0.10634,36,28.41750
22.4,177,1,1,1,1,1,27.36618,0.07163,27.36618,15.44113,3944,11.92114,2.60921,0,0.13947,40,27.36281
23.0,177,1,1,1,1,1,27.78520,0.07163,27.78520,15.86015,4051,11.92114,2.60921,0,0.13947,40,27.78283
23.9,177,1,1,1,1,1,28.40786,0.07163,28.40786,16.48280,4210,11.92114,2.60921,0,0.13947,40,28.40501
22.4,178,1,1,1,1,1,27.40217,0.07122,27.40217,15.44394,3967,11.95433,2.60998,0,0.11682,40,27.39670
23.0,178,1,1,1,1,1,27.81883,0.07122,27.81883,15.86061,4074,11.95433,2.60998,0,0.11682,40,27.81458
23.9,178,1,1,1,1,1,28.44189,0.07122,28.44189,16.48366,4234,11.95433,2.60998,0,0.11682,40,28.44184
22.4,179,1,1,1,1,1,27.41220,0.06695,27.41220,15.44285,3989,11.96547,2.57555,0,0.12004,40,27.40123
23.0,179,1,1,1,1,1,27.83041,0.06695,27.83041,15.86107,4097,11.96547,2.57555,0,0.12004,40,27.82890
23.9,179,1,1,1,1,1,28.45386,0.06695,28.45386,16.48451,4258,11.96547,2.57555,0,0.12004,40,28.44820
22.4,180,1,1,1,1,1,27.29959,0.10851,27.29959,15.44563,4012,11.85011,2.54117,0,0.12634,40,27.29577
23.0,180,1,1,1,1,1,27.71548,0.10851,27.71548,15.86152,4120,11.85011,2.54117,0,0.12634,40,27.71511
23.9,180,1,1,1,1,1,28.33932,0.10851,28.33932,16.48535,4282,11.85011,2.54117,0,0.12634,40,28.33104
22.4,181,1,1,1,1,1,27.26631,0.07387,27.26631,15.42923,4030,11.83326,2.53282,0,0.12637,44,27.26341
23.0,181,1,1,1,1,1,27.68373,0.07387,27.68373,15.84665,4139,11.83326,2.53282,0,0.12637,44,27.68320
23.9,181,1,1,1,1,1,28.30412,0.07387,28.30412,16.46703,4301,11.83326,2.53282,0,0.12637,44,28.30400
22.4,182,1,1,1,1,1,27.27485,0.11418,27.27485,15.45109,4058,11.81996,2.49701,0,0.16410,38,27.27393
23.0,182,1,1,1,1,1,27.69379,0.11418,27.69379,15.87002,4168,11.81996,2.49701,0,0.16410,38,27.69226
23.9,182,1,1,1,1,1,28.31457,0.11418,28.31457,16.49081,4331,11.81996,2.49701,0,0.16410,38,28.31402
22.4,183,1,1,1,1,1,27.40444,0.07779,27.40444,15.44620,4079,11.95445,2.50409,0,0.16042,40,27.40265
23.0,183,1,1,1,1,1,27.82108,0.07779,27.82108,15.86284,4189,11.95445,2.50409,0,0.16042,40,27.81821
23.9,183,1,1,1,1,1,28.44226,0.07779,28.44226,16.48402,4353,11.95445,2.50409,0,0.16042,40,28.42961
22.4,184,1,1,1,1,1,27.42581,0.06513,27.42581,15.45266,4103,11.96939,2.45593,0,0.16050,38,27.42297
23.0,184,1,1,1,1,1,27.84396,0.06513,27.84396,15.87081,4214,11.96939,2.45593,0,0.16050,38,27.84337
23.9,184,1,1,1,1,1,28.46553,0.06513,28.46553,16.49238,4379,11.96939,2.45593,0,0.16050,38,28.46453
22.4,185,1,1,1,1,1,27.46257,0.06853,27.46257,15.44032,4122,12.01850,2.56228,0,0.13286,42,27.45289
23.0,185,1,1,1,1,1,27.87845,0.06853,27.87845,15.85621,4233,12.01850,2.56228,0,0.13286,42,27.87320
23.9,185,1,1,1,1,1,28.50041,0.06853,28.50041,16.47817,4399,12.01850,2.56228,0,0.13286,42,28.49879
22.4,186,1,1,1,1,1,27.37399,0.09108,27.37399,15.43929,4144,11.93096,2.41827,0,0.13214,42,27.37308
23.0,186,1,1,1,1,1,27.79136,0.09108,27.79136,15.85667,4256,11.93096,2.41827,0,0.13214,42,27.78674
23.9,186,1,1,1,1,1,28.41371,0.09108,28.41371,16.47902,4423,11.93096,2.41827,0,0.13214,42,28.40890
22.4,187,1,1,1,1,1,27.39361,0.06038,27.39361,15.44569,4168,11.94421,2.41506,0,0.15225,40,27.38564
23.0,187,1,1,1,1,1,27.81246,0.06038,27.81246,15.86455,4281,11.94421,2.41506,0,0.15225,40,27.80927
23.9,187,1,1,1,1,1,28.43518,0.06038,28.43518,16.48727,4449,11.94421,2.41506,0,0.15225,40,28.43147
22.4,188,1,1,1,1,1,27.42812,0.06375,27.42812,15.44833,4191,11.97610,2.46058,0,0.12705,40,27.42560
23.0,188,1,1,1,1,1,27.84474,0.06375,27.84474,15.86496,4304,11.97610,2.46058,0,0.12705,40,27.84416
23.9,188,1,1,1,1,1,28.46784,0.06375,28.46784,16.48805,4473,11.97610,2.46058,0,0.12705,40,28.46614
22.4,189,1,1,1,1,1,27.42339,0.06708,27.42339,15.43261,4209,11.98711,2.54437,0,0.13738,44,27.42144
23.0,189,1,1,1,1,1,27.84148,0.06708,27.84148,15.85070,4323,11.98711,2.54437,0,0.13738,44,27.82898
23.9,189,1,1,1,1,1,28.46495,0.06708,28.46495,16.47416,4493,11.98711,2.54437,0,0.13738,44,28.45512
22.4,190,1,1,1,1,1,27.34768,0.08566,27.34768,15.44259,4234,11.90144,2.54885,0,0.13301,42,27.31948
23.0,190,1,1,1,1,1,27.76357,0.08566,27.76357,15.85848,4348,11.90144,2.54885,0,0.13301,42,27.76198
23.9,190,1,1,1,1,1,28.38740,0.08566,28.38740,16.48231,4519,11.90144,2.54885,0,0.13301,42,28.37653
22.4,191,1,1,1,1,1,27.29954,0.06275,27.29954,15.43432,4254,11.86159,2.53544,0,0.13957,44,27.29028
23.0,191,1,1,1,1,1,27.71688,0.06275,27.71688,15.85166,4369,11.86159,2.53544,0,0.13957,44,27.71600
23.9,191,1,1,1,1,1,28.33745,0.06275,28.33745,16.47223,4540,11.86159,2.53544,0,0.13957,44,28.33359
22.4,192,1,1,1,1,1,27.30390,0.10122,27.30390,15.46224,4284,11.83805,2.53637,0,0.10635,36,27.30352
23.0,192,1,1,1,1,1,27.72267,0.10122,27.72267,15.88101,4400,11.83805,2.53637,0,0.10635,36,27.71829
23.9,192,1,1,1,1,1,28.34362,0.10122,28.34362,16.50196,4572,11.83805,2.53637,0,0.10635,36,28.33529
22.4,193,1,1,1,1,1,27.31622,0.08170,27.31622,15.45036,4303,11.86227,2.50299,0,0.12666,40,27.31561
23.0,193,1,1,1,1,1,27.73282,0.08170,27.73282,15.86696,4419,11.86227,2.50299,0,0.12666,40,27.71835
23.9,193,1,1,1,1,1,28.35414,0.08170,28.35414,16.48828,4592,11.86227,2.50299,0,0.12666,40,28.33105
22.4,194,1,1,1,1,1,27.32679,0.08128,27.32679,15.44932,4325,11.87389,2.54139,0,0.12601,40,27.32302
23.0,194,1,1,1,1,1,27.74482,0.08128,27.74482,15.86735,4442,11.87389,2.54139,0,0.12601,40,27.73890
23.9,194,1,1,1,1,1,28.36651,0.08128,28.36651,16.48904,4616,11.87389,2.54139,0,0.12601,40,28.36456
22.4,195,1,1,1,1,1,27.21827,0.09982,27.21827,15.45185,4348,11.76287,2.49169,0,0.15654,40,27.21406
23.0,195,1,1,1,1,1,27.63416,0.09982,27.63416,15.86774,4465,11.76287,2.49169,0,0.15654,40,27.63231
23.9,195,1,1,1,1,1,28.25621,0.09982,28.25621,16.48979,4640,11.76287,2.49169,0,0.15654,40,28.24945
22.4,196,1,1,1,1,1,27.30134,0.06822,27.30134,15.45082,4370,11.84699,2.56087,0,0.11479,40,27.29660
23.0,196,1,1,1,1,1,27.71865,0.06822,27.71865,15.86812,4488,11.84699,2.56087,0,0.11479,40,27.71254
23.9,196,1,1,1,1,1,28.34106,0.06822,28.34106,16.49054,4664,11.84699,2.56087,0,0.11479,40,28.32878
22.4,197,1,1,1,1,1,27.26936,0.07139,27.26936,15.43572,4388,11.83012,2.49733,0,0.15331,44,27.25367
23.0,197,1,1,1,1,1,27.68806,0.07139,27.68806,15.85442,4507,11.83012,2.49733,0,0.15331,44,27.68756
23.9,197,1,1,1,1,1,28.31084,0.07139,28.31084,16.47720,4684,11.83012,2.49733,0,0.15331,44,28.30430
22.4,198,1,1,1,1,1,27.31311,0.07698,27.31311,15.45228,4415,11.85733,2.43629,0,0.11713,40,27.30782
23.0,198,1,1,1,1,1,27.72970,0.07698,27.72970,15.86887,4534,11.85733,2.43629,0,0.11713,40,27.72861
23.9,198,1,1,1,1,1,28.35284,0.07698,28.35284,16.49200,4712,11.85733,2.43629,0,0.11713,40,28.35112
22.4,199,1,1,1,1,1,27.27549,0.06371,27.27549,15.44429,4435,11.82771,2.36093,0,0.17763,42,27.27517
23.0,199,1,1,1,1,1,27.69347,0.06371,27.69347,15.86227,4555,11.82771,2.36093,0,0.17763,42,27.67822
23.9,199,1,1,1,1,1,28.31695,0.06371,28.31695,16.48576,4734,11.82771,2.36093,0,0.17763,42,28.30357
22.4,200,1,1,1,1,1,27.22439,0.06685,27.22439,15.45372,4460,11.76721,2.38153,0,0.16771,40,27.20524
23.0,200,1,1,1,1,1,27.64028,0.06685,27.64028,15.86960,4580,11.76721,2.38153,0,0.16771,40,27.63932
23.9,200,1,1,1,1,1,28.26411,0.06685,28.26411,16.49344,4760,11.76721,2.38153,0,0.16771,40,28.25752
