k,n,idx,len,parity,logt,logtlo,logthi,marglo,marghi,marg,dstar,logh11,logh22,pqnext,pqat
22.4,4,38,68,0,4.804912,0.489275,4.807540,2.157818,0.001314,0.001314,27.6926,23.50394,0.86643,3,10
23.0,4,39,73,1,4.804912,2.649055,8.316661,1.077928,1.755875,1.077928,24.7787,24.02380,0.86643,3,2
23.9,4,40,74,0,4.804912,4.719043,5.651168,0.042934,0.423128,0.042934,26.1784,24.54366,0.86643,1,2
22.4,5,40,79,0,7.392337,4.872535,11.962572,1.259901,2.285118,1.259901,30.9789,22.96508,0.83178,5,43
23.0,5,44,94,0,7.392337,6.561191,10.632009,0.415573,1.619836,0.415573,31.4606,23.38097,0.83178,2,1
23.9,5,42,93,0,7.392337,0.098791,10.955945,3.646773,1.781804,1.781804,30.8284,23.93548,0.83178,13,1
22.4,6,56,112,0,8.593364,7.911811,10.418372,0.340777,0.912504,0.340777,37.8154,23.49466,0.57762,2,6
23.0,6,49,102,1,8.593364,7.844096,12.551835,0.374634,1.979236,0.374634,37.7742,23.95676,0.57762,2,2
23.9,6,55,117,1,8.593364,7.731488,10.759744,0.430938,1.083190,0.430938,37.7134,24.53438,0.57762,2,4
22.4,7,69,147,1,11.180626,9.221378,16.983889,0.979624,2.901631,0.979624,43.6257,24.57783,0.49511,5,1
23.0,7,69,143,1,11.180626,7.800004,12.452305,1.690311,0.635839,0.635839,43.8134,25.07294,0.49511,3,44
23.9,7,60,140,0,11.180626,4.141123,36.081143,3.519752,12.450258,3.519752,43.0702,25.66706,0.49511,2867,6
22.4,8,74,130,0,13.767852,13.535153,16.266155,0.116349,1.249152,0.116349,50.8200,25.27479,0.51986,1,2
23.0,8,85,151,1,13.767852,12.739961,20.693678,0.513945,3.462913,0.513945,50.1749,25.70800,0.51986,6,2
23.9,8,86,164,0,13.767852,7.241371,14.492160,3.263240,0.362154,0.362154,50.3269,26.31451,0.51986,5,1
22.4,9,82,169,0,16.355052,14.967033,17.128295,0.694010,0.386621,0.386621,56.5677,25.14892,0.53911,1,1
23.0,9,95,176,1,16.355052,15.894523,22.628477,0.230264,3.136713,0.230264,56.7927,25.61102,0.53911,5,3
23.9,9,104,197,0,16.355052,13.440812,17.163809,1.457120,0.404378,0.404378,56.5482,26.22715,0.53911,1,1
22.4,10,92,189,0,18.942235,18.291693,23.580397,0.325271,2.319081,0.325271,62.9120,24.80399,0.72499,3,1
23.0,10,102,203,0,18.942235,10.964542,20.816251,3.988847,0.937008,0.937008,62.4525,25.21987,0.72499,10,1
23.9,10,103,199,1,18.942235,18.875712,24.332557,0.033261,2.695161,0.033261,63.9023,25.84371,0.72499,3,6
22.4,11,99,213,1,20.143111,12.844835,28.959502,3.649138,4.408196,3.649138,68.1314,24.98541,0.31507,53,5
23.0,11,106,219,0,20.143111,16.085286,21.054296,2.028913,0.455592,0.455592,69.0350,25.42651,0.31507,2,1
23.9,11,112,222,0,20.143111,2.223244,25.599008,8.959933,2.727948,2.727948,68.2577,25.99363,0.31507,315,1
22.4,12,135,245,1,22.730272,20.906932,31.120984,0.911670,4.195356,0.911670,75.0031,25.48723,0.59194,12,2
23.0,12,124,233,0,22.730272,22.160559,27.063661,0.284856,2.166694,0.284856,75.5083,25.94933,0.59194,3,2
23.9,12,127,247,1,22.730272,21.439454,25.984884,0.645409,1.627306,0.645409,75.1531,26.52695,0.59194,2,1
22.4,13,131,252,1,25.317425,9.674447,29.836348,7.821489,2.259461,2.259461,80.8784,25.20836,0.37323,148,1
23.0,13,136,275,0,25.317425,22.948074,35.361527,1.184676,5.022051,1.184676,81.1588,25.63491,0.37323,20,1
23.9,13,131,260,1,25.317425,11.101715,26.720844,7.107855,0.701710,0.701710,81.3862,26.22142,0.37323,45,1
22.4,14,170,308,0,27.904573,23.842355,41.508725,2.031109,6.802076,2.031109,87.1941,26.34980,0.29706,78,1
23.0,14,160,290,0,27.904573,23.854059,30.430472,2.025257,1.262950,1.262950,87.4004,26.79539,0.29706,4,2
23.9,14,157,284,1,27.904573,27.484205,29.996900,0.210184,1.046164,0.210184,88.1792,27.38952,0.29706,2,8
22.4,15,160,310,0,30.491716,23.848289,30.690139,3.321713,0.099212,0.099212,94.7747,26.16204,0.27726,5,2
23.0,15,143,287,1,30.491716,20.662498,43.863245,4.914609,6.685764,4.914609,93.0798,26.57792,0.27726,328,1
23.9,15,174,323,0,30.491716,20.799479,34.851144,4.846119,2.179714,2.179714,93.4329,27.17865,0.27726,31,2
22.4,16,163,324,1,33.078855,32.843832,38.137748,0.117511,2.529447,0.117511,100.9707,25.49296,0.46356,2,1
23.0,16,165,333,1,33.078855,19.469370,45.905342,6.804743,6.413243,6.413243,99.2337,25.92618,0.46356,695,2
23.9,16,165,325,1,33.078855,30.966282,38.037517,1.056287,2.479331,1.056287,100.0170,26.53268,0.46356,5,2
22.4,17,178,335,0,35.665991,32.583501,39.690701,1.541245,2.012355,1.541245,106.1224,25.66740,0.32619,4,1
23.0,17,162,332,0,35.665991,23.361703,37.042545,6.152144,0.688277,0.688277,106.4725,26.11591,0.32619,28,1
23.9,17,179,339,1,35.665991,26.674589,38.670123,4.495701,1.502066,1.502066,106.1336,26.72751,0.32619,18,1
22.4,18,192,366,0,38.253125,34.620908,42.578057,1.816108,2.162466,1.816108,112.3207,26.11302,0.30807,7,3
23.0,18,198,376,0,38.253125,37.018216,41.738548,0.617455,1.742712,0.617455,112.7892,26.53661,0.30807,2,1
23.9,18,183,370,1,38.253125,37.186554,45.889290,0.533285,3.818082,0.533285,112.8529,27.15274,0.30807,7,2
22.4,19,191,381,1,40.840256,38.660309,41.062475,1.089974,0.111110,0.111110,119.8036,26.15926,0.60470,2,54
23.0,19,211,405,1,40.840256,31.811853,41.737308,4.514202,0.448526,0.448526,119.1976,26.59704,0.60470,10,1
23.9,19,201,414,1,40.840256,33.919725,61.245223,3.460265,10.202483,3.460265,118.3103,27.21722,0.60470,892,1
22.4,20,203,373,1,43.427386,41.005035,53.271354,1.211176,4.921984,1.211176,125.0357,26.29476,0.27726,20,3
23.0,20,222,413,0,43.427386,39.904614,49.592022,1.761386,3.082318,1.761386,124.8731,26.71065,0.27726,9,1
23.9,20,224,417,0,43.427386,38.511740,43.454510,2.457823,0.013562,0.013562,126.9866,27.33448,0.27726,3,13
22.4,21,213,403,1,46.014514,40.305058,48.598860,2.854728,1.292173,1.292173,131.2771,26.01841,0.29706,7,34
23.0,21,235,447,1,46.014514,44.164117,49.680929,0.925198,1.833208,0.925198,131.4222,26.44750,0.29706,3,5
23.9,21,225,440,1,46.014514,42.898194,46.245555,1.558160,0.115520,0.115520,132.3258,27.04163,0.29706,2,3
22.4,22,223,452,1,47.215346,43.800505,56.587247,1.707421,4.685950,1.707421,137.4257,26.63303,0.18904,23,4
23.0,22,247,452,1,47.215346,38.937366,47.583140,4.138990,0.183897,0.183897,138.3934,27.07412,0.18904,7,2
23.9,22,244,451,0,47.215346,44.023448,51.181550,1.595949,1.983102,1.595949,137.4550,27.67275,0.18904,6,20
22.4,23,235,474,1,49.802472,49.290932,59.506949,0.255770,4.852239,0.255770,144.5197,26.53577,0.18082,11,2
23.0,23,240,455,0,49.802472,43.058283,52.355523,3.372095,1.276526,1.276526,143.8216,26.95768,0.18082,9,1
23.9,23,240,463,0,49.802472,43.865130,51.463845,2.968671,0.830687,0.830687,144.0081,27.56042,0.18082,6,33
22.4,24,256,517,0,52.389596,49.911268,71.486050,1.239164,9.548227,1.239164,150.1040,26.53446,0.20217,207,2
23.0,24,278,530,0,52.389596,52.388838,55.002459,0.000379,1.306431,0.000379,153.6182,26.96768,0.20217,1,3
23.9,24,266,515,0,52.389596,46.192999,53.183796,3.098299,0.397100,0.397100,150.5983,27.57419,0.20217,4,1
22.4,25,282,519,0,54.976720,45.745685,60.258712,4.615517,2.640996,2.640996,156.0450,26.40019,0.22181,37,7
23.0,25,293,539,1,54.976720,47.176018,56.321263,3.900351,0.672272,0.672272,156.6392,26.81608,0.22181,9,9
23.9,25,293,538,1,54.976720,48.443340,60.710226,3.266690,2.866753,2.866753,156.0093,27.42605,0.22181,20,1
22.4,26,288,564,0,57.563842,55.797212,64.129084,0.883315,3.282621,0.883315,162.7902,26.28241,0.21328,7,6
23.0,26,284,546,0,57.563842,53.402276,59.794462,2.080783,1.115310,1.115310,162.6889,26.70896,0.21328,4,4
23.9,26,281,528,1,57.563842,56.376219,60.594741,0.593812,1.515449,0.593812,162.9627,27.32213,0.21328,2,1
22.4,27,263,520,1,60.150964,56.237805,64.518095,1.956580,2.183565,1.956580,168.7144,26.37173,0.15403,6,1
23.0,27,315,590,1,60.150964,59.338747,63.721606,0.406109,1.785321,0.406109,169.3972,26.80815,0.15403,3,4
23.9,27,300,581,0,60.150964,58.527934,65.897917,0.811515,2.873476,0.811515,169.0966,27.42429,0.15403,6,3
22.4,28,302,563,0,62.738086,57.973575,69.908350,2.382255,3.585132,2.382255,174.8985,26.72866,0.17329,17,2
23.0,28,328,625,0,62.738086,58.724334,73.168767,2.006876,5.215341,2.006876,174.9730,27.14950,0.17329,35,2
23.9,28,313,606,1,62.738086,56.490200,63.719457,3.123943,0.490686,0.490686,175.5847,27.76838,0.17329,5,1
22.4,29,311,604,1,65.325206,62.885933,73.885891,1.219637,4.280342,1.219637,181.4588,26.62775,0.19121,13,1
23.0,29,305,593,1,65.325206,58.414663,74.353445,3.455272,4.514120,3.455272,181.0066,27.05798,0.19121,52,12
23.9,29,331,617,1,65.325206,61.013673,66.838229,2.155767,0.756511,0.756511,181.6663,27.67942,0.19121,3,2
22.4,30,312,592,0,67.912327,67.281428,72.060665,0.315449,2.074169,0.315449,188.3157,26.56140,0.16173,3,2
23.0,30,333,626,1,67.912327,66.597698,69.340466,0.657314,0.714070,0.657314,187.9969,26.97729,0.16173,1,1
23.9,30,319,621,1,67.912327,54.095232,72.769277,6.908547,2.428475,2.428475,187.4293,27.60112,0.16173,101,2
22.4,31,319,616,1,70.499446,68.824071,79.635909,0.837688,4.568231,0.837688,194.1612,26.49216,0.38303,14,2
23.0,31,333,643,1,70.499446,65.347437,71.470123,2.576005,0.485338,0.485338,194.3982,26.91700,0.38303,4,2
23.9,31,331,648,1,70.499446,70.022962,73.814398,0.238242,1.657476,0.238242,194.7072,27.52070,0.38303,2,27
22.4,32,326,640,0,73.086566,72.162439,77.037751,0.462063,1.975593,0.462063,200.6891,26.74356,0.17329,2,1
23.0,32,355,642,1,73.086566,72.237728,78.783668,0.424419,2.848551,0.424419,200.7261,27.17677,0.17329,5,4
23.9,32,374,686,0,73.086566,72.298315,75.430987,0.394125,1.172210,0.394125,200.7582,27.78328,0.17329,2,1
22.4,33,350,698,0,75.673685,74.822443,82.874085,0.425621,3.600200,0.425621,206.9944,26.98507,0.18904,7,2
23.0,33,382,729,0,75.673685,75.172346,90.300269,0.250669,7.313292,0.250669,207.2243,27.40516,0.18904,42,1
23.9,33,363,680,1,75.673685,69.096827,80.765037,3.288429,2.545676,2.545676,206.2176,28.01429,0.18904,17,5
22.4,34,364,681,0,78.260803,69.067801,87.194734,4.596501,4.466966,4.466966,212.2430,27.00850,0.18348,90,3
23.0,34,369,747,1,78.260803,66.575624,87.025200,5.842589,4.382198,4.382198,212.2514,27.43662,0.18348,164,6
23.9,34,394,741,0,78.260803,74.563224,88.262943,1.848790,5.001070,1.848790,212.6262,28.04823,0.18348,29,3
22.4,35,394,758,0,80.847922,69.285802,84.749077,5.781060,1.950578,1.950578,218.8725,26.63673,0.15843,44,1
23.0,35,386,741,0,80.847922,67.687304,85.858315,6.580309,2.505197,2.505197,218.7638,27.05262,0.15843,91,3
23.9,35,390,746,0,80.847922,76.331681,87.708411,2.258120,3.430245,2.258120,218.8089,27.66655,0.15843,16,5
22.4,36,374,738,0,83.435040,80.717487,86.394639,1.358776,1.479800,1.358776,225.2991,26.61774,0.17329,3,3
23.0,36,389,735,1,83.435040,76.022881,85.243124,3.706079,0.904042,0.904042,225.4761,27.04133,0.17329,8,1
23.9,36,426,809,0,83.435040,76.775720,89.700858,3.329660,3.132909,3.132909,224.9363,27.65746,0.17329,24,5
22.4,37,374,774,0,86.022157,83.692601,86.527606,1.164778,0.252724,0.252724,232.2992,26.28814,0.18734,1,1
23.0,37,401,779,1,86.022157,83.837490,92.661828,1.092333,3.319835,1.092333,231.6635,26.71901,0.18734,8,6
23.9,37,392,779,0,86.022157,85.698394,87.320652,0.161882,0.649247,0.161882,232.4927,27.33723,0.18734,1,1
22.4,38,390,749,0,88.609275,80.382285,92.131635,4.113495,1.761180,1.761180,237.7257,26.65896,0.14593,16,1
23.0,38,400,797,0,88.609275,86.579475,93.452211,1.014900,2.421468,1.014900,237.9650,27.07849,0.14593,5,2
23.9,38,418,837,0,88.609275,76.370929,95.830950,6.119173,3.610838,3.610838,237.4139,27.69868,0.14593,119,1
22.4,39,420,795,0,91.196392,88.720593,91.715123,1.237900,0.259366,0.259366,244.8272,26.88905,0.14218,2,3
23.0,39,424,782,0,91.196392,85.772458,95.010840,2.711967,1.907224,1.907224,243.9607,27.31560,0.14218,9,2
23.9,39,440,850,0,91.196392,90.029740,91.916477,0.583326,0.360042,0.360042,244.6847,27.93765,0.14218,1,8
22.4,40,435,835,1,93.783509,91.984287,100.974783,0.899611,3.595637,0.899611,250.5566,26.72463,0.15596,9,4
23.0,40,448,857,0,93.783509,82.384248,95.063655,5.699630,0.640073,0.640073,250.7045,27.14052,0.15596,22,3
23.9,40,438,845,0,93.783509,93.581836,97.862888,0.100836,2.039689,0.100836,251.5071,27.76435,0.15596,2,2
22.4,41,422,834,0,96.370626,81.237174,99.162733,7.566726,1.396054,1.396054,256.6354,26.74024,0.26297,86,1
23.0,41,449,883,1,96.370626,95.673504,110.221356,0.348561,6.925365,0.348561,257.2380,27.16289,0.26297,36,1
23.9,41,445,871,1,96.370626,92.549244,96.399276,1.910691,0.014325,0.014325,258.6242,27.77151,0.26297,1,1
22.4,42,475,887,1,98.957742,96.672801,103.491473,1.142471,2.266866,1.142471,262.9921,26.87852,0.16504,4,1
23.0,42,416,870,0,98.957742,98.740440,101.086717,0.108651,1.064487,0.108651,264.0139,27.30762,0.16504,1,1
23.9,42,477,894,1,98.957742,94.443704,103.498208,2.257019,2.270233,2.257019,262.6964,27.91825,0.16504,9,3
22.4,43,443,852,1,100.158564,96.411774,103.615261,1.873395,1.728348,1.728348,269.0819,26.90030,0.09672,5,6
23.0,43,487,932,1,100.158564,96.136384,100.792230,2.011090,0.316833,0.316833,269.8187,27.31942,0.09672,3,5
23.9,43,487,930,1,100.158564,94.419740,101.543480,2.869412,0.692458,0.692458,269.4791,27.93196,0.09672,5,1
22.4,44,438,876,0,102.745681,98.187304,105.005404,2.279188,1.129861,1.129861,275.5361,26.78707,0.30466,4,1
23.0,44,512,945,0,102.745681,94.836075,109.984182,3.954803,3.619251,3.619251,275.0305,27.21241,0.30466,41,1
23.9,44,478,940,0,102.745681,100.903274,107.518062,0.921203,2.386190,0.921203,275.6248,27.82679,0.30466,4,2
22.4,45,474,911,0,105.332797,93.678498,105.747151,5.827149,0.207177,0.207177,282.5424,26.92319,0.12323,18,2
23.0,45,482,922,0,105.332797,105.080047,108.925859,0.126375,1.796531,0.126375,282.7571,27.33907,0.12323,2,65
23.9,45,516,1005,0,105.332797,104.979771,111.261584,0.176513,2.964394,0.176513,282.6120,27.95521,0.12323,3,1
22.4,46,535,994,1,107.919913,99.731633,113.329145,4.094140,2.704616,2.704616,287.6962,26.74400,0.17364,28,9
23.0,46,508,973,0,107.919913,107.783131,111.800873,0.068391,1.940480,0.068391,289.2934,27.16592,0.17364,1,1
23.9,46,505,988,1,107.919913,106.335985,117.993971,0.791964,5.037029,0.791964,288.2296,27.78373,0.17364,17,1
22.4,47,496,929,0,110.507029,109.990129,113.111820,0.258450,1.302396,0.258450,294.9856,26.86062,0.28499,2,7
23.0,47,490,974,0,110.507029,108.711424,115.972333,0.897802,2.732652,0.897802,294.4448,27.28830,0.28499,5,1
23.9,47,515,974,1,110.507029,109.781089,112.437042,0.362970,0.965007,0.362970,294.8381,27.90771,0.28499,2,5
22.4,48,486,985,0,113.094145,108.331249,120.666651,2.381448,3.786253,2.381448,300.2907,27.03845,0.23080,20,2
23.0,48,527,1050,1,113.094145,110.352610,114.431365,1.370767,0.668610,0.668610,300.8424,27.45722,0.23080,1,1
23.9,48,508,1055,0,113.094145,111.783351,113.809172,0.655397,0.357514,0.357514,301.1143,28.07817,0.23080,1,1
22.4,49,552,1010,0,115.681260,112.829080,126.529617,1.426090,5.424179,1.426090,306.7830,27.01867,0.12731,29,1
23.0,49,532,1021,0,115.681260,111.695506,116.492709,1.992877,0.405724,0.405724,307.3290,27.44305,0.12731,3,3
23.9,49,559,1042,1,115.681260,95.544834,121.279565,10.068213,2.799153,2.799153,306.4902,28.06546,0.12731,583,1
22.4,50,541,1034,1,118.268376,116.740694,120.056337,0.763841,0.893981,0.763841,313.3238,26.96556,0.18366,2,2
23.0,50,567,1067,1,118.268376,116.307883,119.706289,0.980246,0.718956,0.718956,313.3501,27.38145,0.18366,1,1
23.9,50,562,1054,0,118.268376,115.957415,125.152259,1.155480,3.441942,1.155480,313.1441,28.00528,0.18366,9,2
22.4,51,529,1034,1,120.855491,120.621228,126.052264,0.117132,2.598386,0.117132,320.4078,26.79356,0.10873,3,1
23.0,51,594,1085,0,120.855491,120.020469,122.965169,0.417511,1.054839,0.417511,319.8558,27.21489,0.10873,2,3
23.9,51,559,1104,1,120.855491,112.771519,121.737404,4.041986,0.440956,0.440956,319.8320,27.82649,0.10873,8,1
22.4,52,555,1091,1,123.442607,121.018213,138.091793,1.212197,7.324593,1.212197,325.6625,26.82021,0.11997,69,10
23.0,52,566,1100,0,123.442607,118.202834,123.513406,2.619886,0.035400,0.035400,327.1970,27.24676,0.11997,3,5
23.9,52,566,1115,0,123.442607,119.052534,126.854818,2.195036,1.706105,1.706105,325.5140,27.85993,0.11997,6,13
22.4,53,564,1071,0,126.029722,125.780287,130.612380,0.124718,2.291329,0.124718,332.9197,27.18555,0.13078,3,3
23.0,53,595,1103,1,126.029722,123.948638,126.330717,1.040542,0.150498,0.150498,332.8381,27.60406,0.13078,1,5
23.9,53,612,1130,0,126.029722,117.838172,130.431340,4.095775,2.200809,2.200809,331.6731,28.21873,0.13078,21,1
22.4,54,629,1149,1,128.616837,126.496031,137.135256,1.060403,4.259210,1.060403,338.2598,27.00549,0.08985,12,1
23.0,54,572,1109,0,128.616837,124.040572,151.718004,2.288132,11.550584,2.288132,337.9258,27.42908,0.08985,979,2
23.9,54,628,1148,0,128.616837,102.029023,132.072321,13.293907,1.727742,1.727742,338.0478,28.04521,0.08985,1787,1
22.4,55,605,1167,1,131.203952,124.813883,132.522858,3.195034,0.659453,0.659453,344.7357,26.81452,0.08822,5,1
23.0,55,595,1163,1,131.203952,130.247861,139.423303,0.478046,4.109675,0.478046,344.8754,27.23041,0.08822,9,2
23.9,55,624,1189,0,131.203952,128.272325,132.872351,1.465813,0.834199,0.834199,344.6336,27.84794,0.08822,2,2
22.4,56,604,1129,0,133.791067,128.198127,139.589192,2.796470,2.899063,2.796470,350.3779,26.75185,0.09902,16,9
23.0,56,612,1237,0,133.791067,115.312335,136.473303,9.239366,1.341118,1.341118,350.6971,27.17269,0.09902,196,7
23.9,56,631,1214,1,133.791067,132.212522,134.667608,0.789273,0.438270,0.438270,351.1828,27.79157,0.09902,2,381
22.4,57,624,1168,0,136.378182,132.447705,143.078330,1.965239,3.350074,1.965239,356.8007,26.65783,0.19881,12,1
23.0,57,640,1195,0,136.378182,130.327663,138.793526,3.025259,1.207672,1.207672,357.0122,27.08345,0.19881,8,4
23.9,57,653,1247,1,136.378182,119.744574,136.845462,8.316804,0.233640,0.233640,357.7256,27.70363,0.19881,66,1
22.4,58,595,1160,1,138.965297,138.252777,141.055003,0.356260,1.044853,0.356260,363.8120,26.82971,0.10756,1,1
23.0,58,613,1209,1,138.965297,138.890029,139.402362,0.037634,0.218532,0.037634,364.7882,27.24798,0.10756,1,1
23.9,58,628,1238,0,138.965297,133.751209,139.497260,2.607044,0.265982,0.265982,363.9389,27.86943,0.10756,3,1
22.4,59,671,1236,1,141.552412,132.496751,142.214703,4.527830,0.331146,0.331146,370.1134,27.05426,0.08224,9,1
23.0,59,677,1285,1,141.552412,140.975662,146.642873,0.288375,2.545230,0.288375,370.1734,27.47720,0.08224,4,3
23.9,59,722,1335,0,141.552412,138.977816,147.508230,1.287298,2.977909,1.287298,369.5237,28.09986,0.08224,7,2
22.4,60,649,1260,1,144.139526,141.482220,149.023005,1.328653,2.441739,1.328653,375.7796,26.99901,0.09242,6,2
23.0,60,663,1265,1,144.139526,137.582791,144.635953,3.278368,0.248213,0.248213,376.5082,27.41489,0.09242,4,1
23.9,60,691,1343,1,144.139526,141.231693,147.850259,1.453917,1.855366,1.453917,375.7405,28.03873,0.09242,4,1
22.4,61,612,1221,0,146.726641,142.892781,149.951353,1.916930,1.612356,1.612356,381.9652,26.89066,0.10227,4,1
23.0,61,659,1275,1,146.726641,133.176359,150.581826,6.775141,1.927593,1.927593,381.8876,27.31109,0.10227,72,1
23.9,61,666,1303,0,146.726641,146.313369,150.973416,0.206636,2.123388,0.206636,382.8574,27.92470,0.10227,3,6
22.4,62,636,1242,0,149.313756,135.451301,149.594424,6.931228,0.140334,0.140334,389.2951,26.73815,0.18072,32,2
23.0,62,706,1326,0,149.313756,145.873107,157.829619,1.720324,4.257931,1.720324,388.2066,27.16298,0.18072,17,1
23.9,62,684,1308,0,149.313756,149.175234,160.761256,0.069261,5.723750,0.069261,389.6017,27.77787,0.18072,17,8
22.4,63,658,1286,0,151.900870,147.513201,156.741855,2.193835,2.420493,2.193835,394.3707,26.84143,0.14696,9,1
23.0,63,652,1281,0,151.900870,147.913588,160.088785,1.993641,4.093958,1.993641,394.4122,27.25952,0.14696,19,1
23.9,63,691,1313,1,151.900870,146.150241,157.248641,2.875315,2.673885,2.673885,394.2847,27.87565,0.14696,15,1
22.4,64,659,1294,1,154.487985,153.805762,158.538630,0.341112,2.025323,0.341112,401.4486,27.06730,0.15550,2,1
23.0,64,706,1382,0,154.487985,151.845209,156.047206,1.321388,0.779610,0.779610,401.0896,27.48969,0.15550,2,1
23.9,64,724,1429,0,154.487985,153.061536,158.246702,0.713224,1.879359,0.713224,401.1283,28.10702,0.15550,3,1
22.4,65,688,1346,0,157.075099,156.992869,163.878197,0.041115,3.401549,0.041115,408.6371,27.12416,0.16377,5,1
23.0,65,714,1390,0,157.075099,150.641107,161.248637,3.216996,2.086769,2.086769,406.9316,27.54005,0.16377,13,1
23.9,65,740,1416,0,157.075099,156.241049,161.591911,0.417025,2.258406,0.417025,407.6309,28.15855,0.16377,3,62
22.4,66,688,1362,0,159.662214,158.274968,164.144164,0.693623,2.240975,0.693623,413.6796,26.90131,0.16129,3,1
23.0,66,710,1402,0,159.662214,156.942074,161.386997,1.360070,0.862392,0.862392,413.5850,27.32140,0.16129,2,1
23.9,66,783,1464,1,159.662214,156.965212,166.684803,1.348501,3.511295,1.348501,413.3909,27.94103,0.16129,10,1
22.4,67,717,1397,1,162.249328,161.931777,168.810136,0.158775,3.280404,0.158775,420.5896,27.00948,0.14854,5,2
23.0,67,712,1415,0,162.249328,161.632586,171.523288,0.308371,4.636980,0.308371,420.3013,27.43365,0.14854,10,2
23.9,67,762,1434,0,162.249328,142.014494,162.358754,10.117417,0.054713,0.054713,421.0523,28.05438,0.14854,146,1
22.4,68,711,1369,1,164.836443,153.479029,172.718955,5.678707,3.941256,3.941256,425.4643,26.90552,0.15654,118,1
23.0,68,728,1429,0,164.836443,164.510399,167.970638,0.163022,1.567098,0.163022,426.8477,27.32345,0.15654,2,3
23.9,68,771,1526,1,164.836443,160.257495,166.696084,2.289474,0.929821,0.929821,426.0916,27.94524,0.15654,5,6
22.4,69,764,1388,0,167.423557,165.077711,175.575359,1.172923,4.075901,1.172923,432.2603,26.86975,0.22169,13,30
23.0,69,771,1455,1,167.423557,161.403279,174.929897,3.010139,3.753170,3.010139,431.8510,27.29167,0.22169,28,32
23.9,69,755,1503,1,167.423557,158.408814,171.801347,4.507371,2.188895,2.188895,431.9894,27.91450,0.22169,26,5
22.4,70,772,1463,0,170.010671,169.804673,173.831118,0.102999,1.910223,0.102999,439.5864,27.03537,0.08912,1,1
23.0,70,752,1445,0,170.010671,169.614544,172.806742,0.198064,1.398035,0.198064,439.3024,27.45125,0.08912,1,1
23.9,70,788,1503,0,170.010671,167.706099,174.460388,1.152286,2.224858,1.152286,438.5377,28.07509,0.08912,4,2
22.4,71,782,1446,0,172.597785,171.940241,177.058091,0.328772,2.230153,0.328772,445.3519,27.02005,0.08786,3,1
23.0,71,790,1525,0,172.597785,171.384160,185.916849,0.606813,6.659532,0.606813,445.0858,27.43985,0.08786,35,45
23.9,71,794,1517,0,172.597785,169.940167,176.678166,1.328809,2.040190,1.328809,444.7454,28.05489,0.08786,4,1
22.4,72,802,1500,0,175.184900,171.582208,178.006679,1.801346,1.410890,1.410890,450.9890,27.01102,0.12957,4,1
23.0,72,806,1513,0,175.184900,172.811094,176.439935,1.186903,0.627518,0.627518,451.3408,27.43461,0.12957,2,2
23.9,72,811,1562,1,175.184900,173.826746,175.617646,0.679077,0.216373,0.216373,451.8033,28.05074,0.12957,1,1
22.4,73,756,1459,0,177.772014,176.588872,182.446160,0.591571,2.337073,0.591571,457.6361,26.98774,0.13729,3,1
23.0,73,807,1516,1,177.772014,173.218524,180.164039,2.276745,1.196012,1.196012,457.3303,27.40553,0.13729,4,1
23.9,73,827,1544,1,177.772014,174.952839,178.852222,1.409587,0.540104,0.540104,457.6756,28.02271,0.13729,1,1
22.4,74,823,1506,1,180.359128,174.776391,184.400674,2.791368,2.020773,2.020773,463.3722,27.15825,0.10304,10,3
23.0,74,817,1558,1,180.359128,177.096514,184.663596,1.631307,2.152234,1.631307,463.4652,27.57976,0.10304,6,2
23.9,74,836,1574,0,180.359128,178.017248,185.531175,1.170940,2.586024,1.170940,463.6092,28.19797,0.10304,6,7
22.4,75,817,1546,1,182.946242,173.066775,187.982305,4.939733,2.518032,2.518032,469.5463,27.14438,0.07394,38,1
23.0,75,821,1580,1,182.946242,177.568918,192.287666,2.688662,4.670712,2.688662,469.5178,27.56027,0.07394,34,2
23.9,75,839,1625,1,182.946242,179.358381,189.464327,1.793930,3.259043,1.793930,469.6935,28.17948,0.07394,10,1
22.4,76,813,1536,1,185.533356,182.337831,196.603710,1.597763,5.535177,1.597763,476.0134,27.08272,0.08208,34,1
23.0,76,831,1598,1,185.533356,182.097467,187.526964,1.717944,0.996804,0.996804,476.2183,27.50225,0.08208,3,7
23.9,76,839,1662,1,185.533356,183.977624,185.647253,0.777866,0.056949,0.056949,477.4615,28.12244,0.08208,1,1
22.4,77,847,1617,1,188.120470,186.139224,190.848069,0.990623,1.363799,0.990623,482.4907,27.21142,0.09002,2,1
23.0,77,858,1638,0,188.120470,185.578158,191.588628,1.271156,1.734079,1.271156,482.3824,27.63451,0.09002,4,1
23.9,77,855,1620,1,188.120470,183.837031,191.136765,2.141720,1.508148,1.508148,482.3081,28.25564,0.09002,5,1
22.4,78,849,1620,1,190.707584,185.266794,195.684305,2.720395,2.488360,2.488360,488.3603,27.39969,0.07998,11,1
23.0,78,822,1608,0,190.707584,190.444615,191.425971,0.131485,0.359193,0.131485,489.6373,27.81736,0.07998,1,1
23.9,78,911,1733,1,190.707584,186.485830,192.450829,2.110877,0.871623,0.871623,488.8159,28.43941,0.07998,3,1
22.4,79,860,1639,0,193.294698,191.415176,197.786379,0.939761,2.245840,0.939761,495.0528,27.20371,0.07897,4,14
23.0,79,868,1675,0,193.294698,185.822969,194.665539,3.735864,0.685421,0.685421,495.1899,27.62486,0.07897,8,2
23.9,79,880,1732,0,193.294698,191.887523,195.448699,0.703587,1.077000,0.703587,495.1785,28.24782,0.07897,1,1
22.4,80,888,1693,0,195.881812,188.977089,198.187109,3.452361,1.152649,1.152649,501.2337,27.19037,0.12957,9,11
23.0,80,891,1704,1,195.881812,193.539681,199.529285,1.171065,1.823736,1.171065,501.2269,27.60626,0.12957,4,16
23.9,80,915,1752,1,195.881812,190.395318,199.205073,2.743247,1.661630,1.661630,501.0749,28.23009,0.12957,8,1
22.4,81,889,1720,1,198.468926,198.106698,202.726159,0.181114,2.128617,0.181114,508.3071,26.96260,0.13284,2,1
23.0,81,927,1793,1,198.468926,198.302430,202.340526,0.083248,1.935800,0.083248,508.6447,27.38191,0.13284,2,1
23.9,81,927,1733,1,198.468926,191.782797,198.941613,3.343064,0.236343,0.236343,508.1915,27.99804,0.13284,6,16
22.4,82,871,1702,1,201.056040,200.747787,208.733714,0.154126,3.838837,0.154126,514.6468,27.18916,0.13122,7,3
23.0,82,906,1768,0,201.056040,200.920509,204.956698,0.067766,1.950329,0.067766,515.0037,27.61181,0.13122,1,1
23.9,82,930,1780,0,201.056040,200.228476,209.314212,0.413782,4.129086,0.413782,514.2179,28.22888,0.13122,8,1
22.4,83,934,1762,0,203.643154,199.878306,211.149196,1.882424,3.753021,1.882424,519.8296,27.07710,0.12129,15,1
23.0,83,923,1781,1,203.643154,192.065545,206.532921,5.788804,1.444884,1.444884,519.9445,27.49466,0.12129,33,2
23.9,83,926,1814,0,203.643154,198.418797,204.931392,2.612178,0.644119,0.644119,520.2954,28.11265,0.12129,4,1
22.4,84,942,1795,0,206.230268,205.761120,215.181430,0.234574,4.475581,0.234574,527.0037,27.20916,0.12810,10,23
23.0,84,940,1809,0,206.230268,204.965522,212.826922,0.632373,3.298327,0.632373,526.5730,27.63000,0.12810,6,2
23.9,84,942,1817,0,206.230268,199.109639,210.201648,3.560314,1.985690,1.985690,526.0760,28.24888,0.12810,14,1
22.4,85,907,1758,1,208.817381,204.017883,222.428987,2.399749,6.805803,2.399749,532.2634,27.20128,0.09786,95,1
23.0,85,920,1728,0,208.817381,208.371022,218.930953,0.223180,5.056786,0.223180,533.2949,27.61717,0.09786,12,1
23.9,85,941,1827,1,208.817381,201.464650,220.034165,3.676366,5.608392,3.676366,532.0782,28.23692,0.09786,96,1
22.4,86,918,1800,0,210.018201,205.579821,214.852755,2.219190,2.417277,2.219190,538.5670,27.22935,0.05642,9,4
23.0,86,956,1836,0,210.018201,203.632503,225.249780,3.192849,7.615790,3.192849,538.4090,27.64846,0.05642,202,2
23.9,86,996,1933,0,210.018201,209.371654,211.704418,0.323274,0.843109,0.323274,539.4036,28.26907,0.05642,2,23
22.4,87,981,1859,1,212.605315,206.570540,218.421984,3.017387,2.908335,2.908335,544.7192,27.21952,0.05577,17,2
23.0,87,953,1864,1,212.605315,210.186010,220.310969,1.209652,3.852827,1.209652,545.1002,27.64179,0.05577,11,3
23.9,87,1021,1960,1,212.605315,212.512339,212.908570,0.046488,0.151628,0.046488,546.5155,28.26323,0.05577,1,1
22.4,88,964,1878,0,215.192428,211.886568,217.380721,1.652930,1.094146,1.094146,551.4134,27.14493,0.14022,3,6
23.0,88,983,1862,1,215.192428,212.424934,216.733117,1.383747,0.770344,0.770344,551.5658,27.56240,0.14022,2,3
23.9,88,996,1904,0,215.192428,202.519551,219.293295,6.336439,2.050433,2.050433,551.1406,28.18465,0.14022,62,1
22.4,89,997,1909,1,217.779542,208.839484,225.154842,4.470029,3.687650,3.687650,557.1553,27.08320,0.07009,53,1
23.0,89,1000,1899,0,217.779542,217.029804,222.199285,0.374869,2.209871,0.374869,558.1482,27.50376,0.07009,3,3
23.9,89,1023,1911,1,217.779542,216.135364,220.047004,0.822089,1.133731,0.822089,557.8071,28.12681,0.07009,2,21
22.4,90,1001,1881,1,220.366656,214.803386,222.012734,2.781635,0.823039,0.823039,564.0763,26.91669,0.11462,5,1
23.0,90,957,1875,1,220.366656,215.129914,223.519058,2.618371,1.576201,1.576201,563.7941,27.33258,0.11462,7,4
23.9,90,1048,1989,0,220.366656,214.549908,220.831192,2.908374,0.232268,0.232268,564.6257,27.95641,0.11462,3,1
22.4,91,982,1883,0,222.953770,222.570805,231.465844,0.191482,4.256037,0.191482,570.9792,27.03201,0.05332,9,84
23.0,91,982,1918,0,222.953770,219.633826,223.460313,1.659972,0.253272,0.253272,570.8577,27.45095,0.05332,2,1
23.9,91,1058,1986,0,222.953770,221.457582,224.510356,0.748094,0.778293,0.748094,570.3874,28.06792,0.05332,1,1
22.4,92,979,1853,1,225.540883,224.365699,226.449610,0.587592,0.454363,0.454363,576.8735,26.99000,0.11127,1,1
23.0,92,964,1932,0,225.540883,222.673696,230.105589,1.433594,2.282353,1.433594,576.3745,27.41191,0.11127,5,1
23.9,92,1021,1959,1,225.540883,220.040614,229.725133,2.750135,2.092125,2.092125,576.2104,28.02972,0.11127,10,3
22.4,93,1034,1965,0,228.127997,226.435910,238.173598,0.846043,5.022801,0.846043,582.8732,26.98788,0.06708,17,1
23.0,93,1032,1970,0,228.127997,220.459541,228.515714,3.834228,0.193858,0.193858,583.5131,27.40526,0.06708,6,2
23.9,93,1028,2008,0,228.127997,223.029307,231.299351,2.549345,1.585677,1.585677,582.6004,28.02387,0.06708,6,1
22.4,94,1037,1995,1,230.715111,229.691864,236.531470,0.511623,2.908179,0.511623,589.3612,27.05200,0.05899,5,2
23.0,94,1050,2026,0,230.715111,225.895853,232.260956,2.409629,0.772923,0.772923,589.1821,27.47231,0.05899,4,10
23.9,94,1023,2025,1,230.715111,228.059575,240.811215,1.327768,5.048052,1.327768,588.9471,28.09172,0.05899,23,77
22.4,95,1028,1963,0,233.302224,226.694572,237.284870,3.303826,1.991323,1.991323,595.0407,27.03354,0.05837,12,2
23.0,95,1035,1980,1,233.302224,232.568641,236.558751,0.366792,1.628264,0.366792,595.7754,27.44943,0.05837,2,1
23.9,95,1059,2036,1,233.302224,223.078069,239.716186,5.112078,3.206981,3.206981,594.8337,28.06961,0.05837,60,3
22.4,96,1031,2007,1,235.889338,228.914760,239.264795,3.487289,1.687728,1.687728,601.3821,27.06137,0.06498,11,1
23.0,96,1051,2087,1,235.889338,235.655976,238.342794,0.116681,1.226728,0.116681,602.5424,27.48014,0.06498,2,3
23.9,96,1076,2097,0,235.889338,232.623176,242.863884,1.633081,3.487273,1.633081,601.3964,28.10109,0.06498,11,1
22.4,97,1078,2040,0,238.476452,229.217267,241.538652,4.629592,1.531100,1.531100,607.6941,26.96931,0.12966,21,6
23.0,97,1028,2046,0,238.476452,230.334972,241.261209,4.070740,1.392379,1.392379,607.7353,27.39091,0.12966,14,4509
23.9,97,1047,2107,1,238.476452,229.572312,246.738692,4.452070,4.131120,4.131120,607.2630,28.01260,0.12966,67,1
22.4,98,1036,2022,0,241.063565,227.398043,241.514885,6.832761,0.225660,0.225660,614.7952,27.09421,0.07073,33,1
23.0,98,1117,2126,1,241.063565,239.124546,257.039794,0.969509,7.988114,0.969509,614.1621,27.51151,0.07073,82,1
23.9,98,1104,2099,0,241.063565,240.629965,248.932977,0.216800,3.934706,0.216800,614.8126,28.13393,0.07073,6,1
22.4,99,1087,2060,1,243.650679,238.518888,244.618175,2.565896,0.483748,0.483748,620.7337,27.09099,0.06301,3,1
23.0,99,1112,2129,0,243.650679,229.742077,244.842156,6.954301,0.595738,0.595738,620.6433,27.51108,0.06301,43,6
23.9,99,1110,2175,0,243.650679,233.324204,244.717525,5.163237,0.533423,0.533423,620.6913,28.13421,0.06301,16,4
22.4,100,1089,2111,1,246.237792,241.021819,247.486494,2.607987,0.624351,0.624351,626.8925,27.14818,0.06931,4,1
23.0,100,1108,2141,0,246.237792,244.205491,263.385035,1.016151,8.573621,1.016151,626.6810,27.56407,0.06931,113,2
23.9,100,1107,2177,1,246.237792,244.194636,246.897236,1.021578,0.329722,0.329722,627.1698,28.18790,0.06931,2,4
22.4,101,1097,2098,1,248.824906,247.652827,265.281317,0.586039,8.228206,0.586039,633.1896,27.08662,0.09923,78,1
23.0,101,1084,2111,0,248.824906,245.579373,250.059002,1.622766,0.617048,0.617048,633.1673,27.50525,0.09923,2,1
23.9,101,1159,2140,1,248.824906,232.405969,251.629552,8.209468,1.402323,1.402323,632.8107,28.12290,0.09923,117,1
22.4,102,1148,2130,0,251.412020,248.472765,259.283674,1.469627,3.935827,1.469627,639.0600,27.10250,0.06116,13,1
23.0,102,1170,2210,0,251.412020,248.703543,254.593618,1.354239,1.590799,1.354239,639.0955,27.52383,0.06116,3,1
23.9,102,1149,2206,1,251.412020,251.085864,253.548902,0.163078,1.068441,0.163078,640.0148,28.14222,0.06116,1,2
22.4,103,1137,2145,1,253.999133,250.910366,255.565608,1.544384,0.783237,0.783237,645.6029,27.25077,0.08385,2,2
23.0,103,1167,2155,1,253.999133,247.261533,255.650488,3.368800,0.825677,0.825677,645.5800,27.66801,0.08385,8,7
23.9,103,1099,2167,1,253.999133,252.387187,262.965735,0.805973,4.483301,0.805973,645.5905,28.28713,0.08385,13,3
22.4,104,1111,2143,1,256.586247,252.206914,258.480650,2.189666,0.947202,0.947202,651.7900,27.24053,0.11715,3,1
23.0,104,1109,2176,1,256.586247,255.879948,262.976293,0.353149,3.195023,0.353149,652.2185,27.66042,0.11715,5,3
23.9,104,1168,2240,0,256.586247,254.844929,262.329691,0.870659,2.871722,0.870659,651.8266,28.28025,0.11715,5,1
22.4,105,1157,2225,1,259.173360,259.157297,262.635682,0.008032,1.731161,0.008032,660.1313,27.14837,0.09545,2,2
23.0,105,1182,2243,0,259.173360,244.011546,262.662556,7.580907,1.744598,1.744598,657.7944,27.56425,0.09545,99,2
23.9,105,1228,2303,0,259.173360,256.390929,260.580184,1.391216,0.703412,0.703412,658.1889,28.18479,0.09545,2,1
22.4,106,1150,2215,0,261.760474,255.110676,267.632614,3.324899,2.936070,2.936070,663.8379,27.14317,0.09455,21,2
23.0,106,1209,2313,1,261.760474,255.358267,264.104738,3.201103,1.172132,1.172132,664.2367,27.56167,0.09455,7,1
23.9,106,1224,2315,0,261.760474,256.602718,266.610195,2.578878,2.424861,2.424861,663.9210,28.18289,0.09455,11,2
22.4,107,1106,2206,0,264.347587,259.524618,268.746344,2.411485,2.199378,2.199378,670.2330,27.19431,0.06776,9,1
23.0,107,1176,2284,0,264.347587,262.648871,269.045545,0.849358,2.348979,0.849358,670.6462,27.61538,0.06776,4,8
23.9,107,1217,2322,1,264.347587,255.773084,266.665019,4.287252,1.158716,1.158716,670.5114,28.23727,0.06776,13,1
22.4,108,1176,2305,0,266.934701,265.601408,269.778455,0.666646,1.421877,0.666646,677.0211,27.35193,0.05134,2,1
23.0,108,1164,2275,0,266.934701,260.415163,276.116648,3.259769,4.590973,3.259769,676.3318,27.76911,0.05134,46,2
23.9,108,1248,2421,0,266.934701,258.125818,268.361147,4.404441,0.713223,0.713223,676.9917,28.39165,0.05134,11,2
22.4,109,1201,2286,1,269.521814,252.513775,273.748538,8.504020,2.113362,2.113362,682.7896,27.28836,0.07923,188,1
23.0,109,1221,2366,1,269.521814,255.590606,271.080794,6.965604,0.779490,0.779490,683.2228,27.70807,0.07923,43,1
23.9,109,1245,2350,1,269.521814,263.739044,271.069452,2.891385,0.773819,0.773819,683.2259,28.33126,0.07923,6,3
22.4,110,1184,2317,0,272.108928,262.066375,284.785331,5.021276,6.338202,5.021276,688.6834,27.34375,0.07221,290,11
23.0,110,1221,2326,1,272.108928,264.432787,273.211721,3.838070,0.551397,0.551397,689.6427,27.75964,0.07221,8,1
23.9,110,1302,2458,0,272.108928,271.131467,273.483849,0.488730,0.687461,0.488730,689.6951,28.38347,0.07221,1,1
22.4,111,1256,2346,0,274.696041,266.060603,285.433985,4.317719,5.368972,4.317719,695.0186,27.29280,0.11366,125,6
23.0,111,1215,2387,1,274.696041,271.261718,277.700642,1.717161,1.502300,1.502300,695.4771,27.71119,0.11366,4,1
23.9,111,1315,2469,1,274.696041,271.864525,277.483488,1.415758,1.393724,1.393724,695.5097,28.32940,0.11366,3,1
22.4,112,1185,2301,1,277.283155,272.948429,280.754616,2.167363,1.735731,1.735731,701.6840,27.25696,0.11993,6,1
23.0,112,1248,2379,0,277.283155,270.167622,282.040469,3.557766,2.378657,2.378657,701.5471,27.67780,0.11993,17,1
23.9,112,1260,2441,0,277.283155,272.926989,278.962385,2.178083,0.839615,0.839615,701.9994,28.29668,0.11993,3,1
22.4,113,1279,2365,1,279.870268,273.367513,287.485535,3.251378,3.807633,3.251378,707.6810,27.28385,0.12500,33,1
23.0,113,1261,2404,1,279.870268,278.861079,291.092133,0.504594,5.610932,0.504594,708.4901,27.70097,0.12500,18,1
23.9,113,1296,2459,0,279.870268,277.696341,284.248222,1.086964,2.188977,1.086964,708.1569,28.32051,0.12500,5,59
22.4,114,1219,2312,1,282.457382,280.845914,291.036212,0.805734,4.289415,0.805734,714.5565,27.34956,0.12299,11,2
23.0,114,1198,2376,0,282.457382,277.977854,295.029168,2.239764,6.285893,2.239764,714.1125,27.76910,0.12299,65,4
23.9,114,1296,2444,0,282.457382,275.353038,287.943476,3.552172,2.743047,2.743047,714.0245,28.38928,0.12299,22,6
22.4,115,1233,2399,1,285.044495,284.819902,292.018574,0.112296,3.487039,0.112296,721.6820,27.22946,0.09131,6,5
23.0,115,1271,2472,1,285.044495,276.768303,297.891013,4.138096,6.423259,4.138096,720.1155,27.64535,0.09131,180,1
23.9,115,1283,2460,1,285.044495,283.377878,291.612855,0.833308,3.284180,0.833308,720.8115,28.26617,0.09131,7,5
22.4,116,1253,2345,1,287.631608,280.991635,291.019529,3.319987,1.693960,1.693960,726.7731,27.30008,0.08043,11,1
23.0,116,1226,2410,0,287.631608,285.973369,291.682013,0.829120,2.025202,0.829120,727.0834,27.71836,0.08043,3,2
23.9,116,1341,2578,1,287.631608,285.974424,291.122814,0.828592,1.745603,0.828592,727.0836,28.33980,0.08043,3,4
22.4,117,1280,2454,0,290.218722,286.007326,293.152271,2.105698,1.466775,1.466775,733.1052,27.21546,0.12233,5,15
23.0,117,1320,2481,0,290.218722,284.084915,292.773651,3.066903,1.277464,1.277464,733.1653,27.63609,0.12233,7,1
23.9,117,1311,2512,1,290.218722,288.754167,305.009111,0.732277,7.395195,0.732277,733.4069,28.25814,0.12233,54,1
22.4,118,1295,2429,1,292.805835,288.307153,294.818092,2.249341,1.006128,1.006128,739.5386,27.20419,0.06731,5,5
23.0,118,1304,2546,0,292.805835,292.530384,298.062783,0.137726,2.628474,0.137726,740.4022,27.62125,0.06731,3,1
23.9,118,1346,2586,0,292.805835,285.810142,299.205760,3.497847,3.199962,3.199962,739.0361,28.24391,0.06731,28,30
22.4,119,1308,2474,0,295.392949,286.068894,310.866060,4.662028,7.736556,4.662028,745.1423,27.22255,0.04660,463,2
23.0,119,1328,2569,0,295.392949,289.790573,297.038378,2.801188,0.822714,0.822714,745.8956,27.64193,0.04660,6,8
23.9,119,1299,2541,1,295.392949,294.251867,310.951051,0.570541,7.779051,0.570541,746.0546,28.26518,0.04660,61,1
22.4,120,1307,2466,1,297.980062,286.875504,306.280994,5.552279,4.150466,4.150466,751.4624,27.24973,0.07197,124,3
23.0,120,1367,2623,1,297.980062,282.139457,299.901885,7.920303,0.960912,0.960912,752.0978,27.66562,0.07197,84,13
23.9,120,1366,2602,0,297.980062,295.182879,299.942562,1.398591,0.981250,0.981250,752.0887,28.28945,0.07197,3,2
