m,v2_denom_Qm,e_m_bound,denom_bitlen,numerator_bitlen
1,2,6,3,3
2,6,12,7,10
3,8,17,9,15
4,14,21,15,24
5,16,26,17,29
6,20,30,21,36
7,22,34,23,41
8,30,38,31,53
9,32,43,33,58
10,36,47,37,65
11,38,51,39,71
12,44,55,45,80
13,46,59,47,85
14,50,63,51,93
15,52,67,53,98
16,62,71,63,111
17,64,76,65,117
18,68,80,69,124
19,70,84,71,130
20,76,88,77,139
21,78,92,79,144
22,82,96,83,152
23,84,100,85,157
24,92,104,93,169
25,94,108,95,174
26,98,112,99,182
27,100,116,101,187
28,106,120,107,196
29,108,124,109,202
30,112,128,113,209
31,114,132,115,215
32,126,136,127,230
33,128,141,129,235
34,132,145,133,243
35,134,149,135,248
36,140,153,141,258
37,142,157,143,263
38,146,161,147,271
39,148,165,149,276
40,156,169,157,287
41,158,173,159,293
42,162,177,163,300
43,164,181,165,306
44,170,185,171,315
45,172,189,173,321
46,176,193,177,328
47,178,197,179,334
48,188,201,189,347
49,190,205,191,352
50,194,209,195,360
51,196,213,197,365
52,202,217,203,375
53,204,221,205,380
54,208,225,209,388
55,210,229,211,393
56,218,233,219,405
57,220,237,221,410
58,224,241,225,417
59,226,245,227,423
60,232,249,233,432
61,234,253,235,438
62,238,257,239,445
63,240,261,241,451
64,254,265,255,468
65,256,270,257,474
66,260,274,261,481
67,262,278,263,486
68,268,282,269,496
69,270,286,271,501
70,274,290,275,509
71,276,294,277,514
72,284,298,285,526
73,286,302,287,531
74,290,306,291,539
75,292,310,293,544
76,298,314,299,554
77,300,318,301,559
78,304,322,305,566
79,306,326,307,572
80,316,330,317,585
81,318,334,319,591
82,322,338,323,598
83,324,342,325,604
84,330,346,331,613
85,332,350,333,619
86,336,354,337,626
87,338,358,339,632
88,346,362,347,643
89,348,366,349,648
90,352,370,353,656
91,354,374,355,661
92,360,378,361,671
93,362,382,363,676
94,366,386,367,684
95,368,390,369,689
96,380,394,381,705
97,382,398,383,710
98,386,402,387,718
99,388,406,389,723
100,394,410,395,732
101,396,414,397,738
102,400,418,401,745
103,402,422,403,751
104,410,426,411,762
105,412,430,413,768
106,416,434,417,775
107,418,438,419,781
108,424,442,425,790
109,426,446,427,796
110,430,450,431,803
111,432,454,433,808
112,442,458,443,822
113,444,462,445,827
114,448,466,449,835
115,450,470,451,840
116,456,474,457,850
117,458,478,459,855
118,462,482,463,863
119,464,486,465,868
120,472,490,473,880
121,474,494,475,885
122,478,498,479,893
123,480,502,481,898
124,486,506,487,907
125,488,510,489,913
126,492,514,493,920
127,494,518,495,926
128,510,522,511,945
129,512,527,513,951
130,516,531,517,958
131,518,535,519,964
132,524,539,525,973
133,526,543,527,979
134,530,547,531,986
135,532,551,533,991
136,540,555,541,1003
137,542,559,543,1008
138,546,563,547,1016
139,548,567,549,1021
140,554,571,555,1031
141,556,575,557,1036
142,560,579,561,1044
143,562,583,563,1049
144,572,587,573,1063
145,574,591,575,1068
146,578,595,579,1076
147,580,599,581,1081
148,586,603,587,1090
149,588,607,589,1096
150,592,611,593,1103
151,594,615,595,1109
152,602,619,603,1120
153,604,623,605,1126
154,608,627,609,1133
155,610,631,611,1139
156,616,635,617,1148
157,618,639,619,1154
158,622,643,623,1161
159,624,647,625,1167
160,636,651,637,1182
161,638,655,639,1187
162,642,659,643,1195
163,644,663,645,1200
164,650,667,651,1210
165,652,671,653,1215
166,656,675,657,1223
167,658,679,659,1228
168,666,683,667,1240
169,668,687,669,1245
170,672,691,673,1253
171,674,695,675,1258
172,680,699,681,1268
173,682,703,683,1273
174,686,707,687,1281
175,688,711,689,1286
176,698,715,699,1299
177,700,719,701,1305
178,704,723,705,1312
179,706,727,707,1318
180,712,731,713,1327
181,714,735,715,1333
182,718,739,719,1340
183,720,743,721,1346
184,728,747,729,1357
185,730,751,731,1363
186,734,755,735,1370
187,736,759,737,1376
188,742,763,743,1385
189,744,767,745,1390
190,748,771,749,1398
191,750,775,751,1403
192,764,779,765,1421
193,766,783,767,1426
194,770,787,771,1434
195,772,791,773,1439
196,778,795,779,1449
197,780,799,781,1454
198,784,803,785,1462
199,786,807,787,1467
200,794,811,795,1479
201,796,815,797,1484
202,800,819,801,1491
203,802,823,803,1497
204,808,827,809,1506
205,810,831,811,1512
206,814,835,815,1519
207,816,839,817,1525
208,826,843,827,1538
209,828,847,829,1544
210,832,851,833,1551
211,834,855,835,1557
212,840,859,841,1566
213,842,863,843,1572
214,846,867,847,1579
215,848,871,849,1585
216,856,875,857,1596
217,858,879,859,1601
218,862,883,863,1609
219,864,887,865,1614
220,870,891,871,1624
221,872,895,873,1629
222,876,899,877,1637
223,878,903,879,1642
224,890,907,891,1658
225,892,911,893,1663
226,896,915,897,1671
227,898,919,899,1676
228,904,923,905,1686
229,906,927,907,1691
230,910,931,911,1698
231,912,935,913,1704
232,920,939,921,1715
233,922,943,923,1721
234,926,947,927,1728
235,928,951,929,1734
236,934,955,935,1743
237,936,959,937,1749
238,940,963,941,1756
239,942,967,943,1762
240,952,971,953,1775
241,954,975,955,1781
242,958,979,959,1788
243,960,983,961,1794
244,966,987,967,1803
245,968,991,969,1808
246,972,995,973,1816
247,974,999,975,1821
248,982,1003,983,1833
249,984,1007,985,1838
250,988,1011,989,1846
251,990,1015,991,1851
252,996,1019,997,1861
253,998,1023,999,1866
254,1002,1027,1003,1874
255,1004,1031,1005,1879
256,1022,1035,1023,1901
257,1024,1040,1025,1906
258,1028,1044,1029,1914
259,1030,1048,1031,1919
260,1036,1052,1037,1928
261,1038,1056,1039,1934
262,1042,1060,1043,1941
263,1044,1064,1045,1947
264,1052,1068,1053,1958
265,1054,1072,1055,1964
266,1058,1076,1059,1971
267,1060,1080,1061,1977
268,1066,1084,1067,1986
269,1068,1088,1069,1992
270,1072,1092,1073,1999
271,1074,1096,1075,2005
272,1084,1100,1085,2018
273,1086,1104,1087,2024
274,1090,1108,1091,2031
275,1092,1112,1093,2036
276,1098,1116,1099,2046
277,1100,1120,1101,2051
278,1104,1124,1105,2059
279,1106,1128,1107,2064
280,1114,1132,1115,2076
281,1116,1136,1117,2081
282,1120,1140,1121,2089
283,1122,1144,1123,2094
284,1128,1148,1129,2104
285,1130,1152,1131,2109
286,1134,1156,1135,2117
287,1136,1160,1137,2122
288,1148,1164,1149,2138
289,1150,1168,1151,2143
290,1154,1172,1155,2150
291,1156,1176,1157,2156
292,1162,1180,1163,2165
293,1164,1184,1165,2171
294,1168,1188,1169,2178
295,1170,1192,1171,2184
296,1178,1196,1179,2195
297,1180,1200,1181,2201
298,1184,1204,1185,2208
299,1186,1208,1187,2214
300,1192,1212,1193,2223
301,1194,1216,1195,2229
302,1198,1220,1199,2236
303,1200,1224,1201,2241
304,1210,1228,1211,2255
305,1212,1232,1213,2260
306,1216,1236,1217,2268
307,1218,1240,1219,2273
308,1224,1244,1225,2283
309,1226,1248,1227,2288
310,1230,1252,1231,2296
311,1232,1256,1233,2301
312,1240,1260,1241,2313
313,1242,1264,1243,2318
314,1246,1268,1247,2326
315,1248,1272,1249,2331
316,1254,1276,1255,2341
317,1256,1280,1257,2346
318,1260,1284,1261,2353
319,1262,1288,1263,2359
320,1276,1292,1277,2376
321,1278,1296,1279,2382
322,1282,1300,1283,2389
323,1284,1304,1285,2395
324,1290,1308,1291,2404
325,1292,1312,1293,2410
326,1296,1316,1297,2417
327,1298,1320,1299,2423
328,1306,1324,1307,2434
329,1308,1328,1309,2440
330,1312,1332,1313,2447
331,1314,1336,1315,2453
332,1320,1340,1321,2462
333,1322,1344,1323,2467
334,1326,1348,1327,2475
335,1328,1352,1329,2480
336,1338,1356,1339,2494
337,1340,1360,1341,2499
338,1344,1364,1345,2507
339,1346,1368,1347,2512
340,1352,1372,1353,2522
341,1354,1376,1355,2527
342,1358,1380,1359,2535
343,1360,1384,1361,2540
344,1368,1388,1369,2552
345,1370,1392,1371,2557
346,1374,1396,1375,2565
347,1376,1400,1377,2570
348,1382,1404,1383,2579
349,1384,1408,1385,2585
350,1388,1412,1389,2592
351,1390,1416,1391,2598
352,1402,1420,1403,2613
353,1404,1424,1405,2619
354,1408,1428,1409,2626
355,1410,1432,1411,2632
356,1416,1436,1417,2641
357,1418,1440,1419,2647
358,1422,1444,1423,2654
359,1424,1448,1425,2660
360,1432,1452,1433,2671
361,1434,1456,1435,2677
362,1438,1460,1439,2684
363,1440,1464,1441,2690
364,1446,1468,1447,2699
365,1448,1472,1449,2704
366,1452,1476,1453,2712
367,1454,1480,1455,2717
368,1464,1484,1465,2731
369,1466,1488,1467,2736
370,1470,1492,1471,2744
371,1472,1496,1473,2749
372,1478,1500,1479,2759
373,1480,1504,1481,2764
374,1484,1508,1485,2772
375,1486,1512,1487,2777
376,1494,1516,1495,2789
377,1496,1520,1497,2794
378,1500,1524,1501,2802
379,1502,1528,1503,2807
380,1508,1532,1509,2816
381,1510,1536,1511,2822
382,1514,1540,1515,2829
383,1516,1544,1517,2835
384,1532,1548,1533,2854
385,1534,1552,1535,2860
386,1538,1556,1539,2867
387,1540,1560,1541,2873
388,1546,1564,1547,2882
389,1548,1568,1549,2888
390,1552,1572,1553,2895
391,1554,1576,1555,2901
392,1562,1580,1563,2912
393,1564,1584,1565,2918
394,1568,1588,1569,2925
395,1570,1592,1571,2930
396,1576,1596,1577,2940
397,1578,1600,1579,2945
398,1582,1604,1583,2953
399,1584,1608,1585,2958
400,1594,1612,1595,2972
401,1596,1616,1597,2977
402,1600,1620,1601,2985
403,1602,1624,1603,2990
404,1608,1628,1609,3000
405,1610,1632,1611,3005
406,1614,1636,1615,3013
407,1616,1640,1617,3018
408,1624,1644,1625,3030
409,1626,1648,1627,3035
410,1630,1652,1631,3042
411,1632,1656,1633,3048
412,1638,1660,1639,3057
413,1640,1664,1641,3063
414,1644,1668,1645,3070
415,1646,1672,1647,3076
416,1658,1676,1659,3091
417,1660,1680,1661,3097
418,1664,1684,1665,3104
419,1666,1688,1667,3110
420,1672,1692,1673,3119
421,1674,1696,1675,3125
422,1678,1700,1679,3132
423,1680,1704,1681,3138
424,1688,1708,1689,3149
425,1690,1712,1691,3154
426,1694,1716,1695,3162
427,1696,1720,1697,3167
428,1702,1724,1703,3177
429,1704,1728,1705,3182
430,1708,1732,1709,3190
431,1710,1736,1711,3195
432,1720,1740,1721,3209
433,1722,1744,1723,3214
434,1726,1748,1727,3222
435,1728,1752,1729,3227
436,1734,1756,1735,3237
437,1736,1760,1737,3242
438,1740,1764,1741,3250
439,1742,1768,1743,3255
440,1750,1772,1751,3267
441,1752,1776,1753,3272
442,1756,1780,1757,3279
443,1758,1784,1759,3285
444,1764,1788,1765,3294
445,1766,1792,1767,3300
446,1770,1796,1771,3307
447,1772,1800,1773,3313
448,1786,1804,1787,3330
449,1788,1808,1789,3336
450,1792,1812,1793,3343
451,1794,1816,1795,3349
452,1800,1820,1801,3358
453,1802,1824,1803,3364
454,1806,1828,1807,3371
455,1808,1832,1809,3377
456,1816,1836,1817,3388
457,1818,1840,1819,3393
458,1822,1844,1823,3401
459,1824,1848,1825,3406
460,1830,1852,1831,3416
461,1832,1856,1833,3421
462,1836,1860,1837,3429
463,1838,1864,1839,3434
464,1848,1868,1849,3448
465,1850,1872,1851,3453
466,1854,1876,1855,3461
467,1856,1880,1857,3466
468,1862,1884,1863,3476
469,1864,1888,1865,3481
470,1868,1892,1869,3489
471,1870,1896,1871,3494
472,1878,1900,1879,3505
473,1880,1904,1881,3511
474,1884,1908,1885,3518
475,1886,1912,1887,3524
476,1892,1916,1893,3533
477,1894,1920,1895,3539
478,1898,1924,1899,3546
479,1900,1928,1901,3552
480,1912,1932,1913,3567
481,1914,1936,1915,3573
482,1918,1940,1919,3580
483,1920,1944,1921,3586
484,1926,1948,1927,3595
485,1928,1952,1929,3601
486,1932,1956,1933,3608
487,1934,1960,1935,3614
488,1942,1964,1943,3625
489,1944,1968,1945,3630
490,1948,1972,1949,3638
491,1950,1976,1951,3643
492,1956,1980,1957,3653
493,1958,1984,1959,3658
494,1962,1988,1963,3666
495,1964,1992,1965,3671
496,1974,1996,1975,3685
497,1976,2000,1977,3690
498,1980,2004,1981,3698
499,1982,2008,1983,3703
500,1988,2012,1989,3713
